--
-- PostgreSQL database dump
--

-- Dumped from database version 17.5 (Debian 17.5-1.pgdg120+1)
-- Dumped by pg_dump version 17.5 (Debian 17.5-1.pgdg120+1)

SET statement_timeout = 0;
SET lock_timeout = 0;
SET idle_in_transaction_session_timeout = 0;
SET transaction_timeout = 0;
SET client_encoding = 'UTF8';
SET standard_conforming_strings = on;
SELECT pg_catalog.set_config('search_path', '', false);
SET check_function_bodies = false;
SET xmloption = content;
SET client_min_messages = warning;
SET row_security = off;

SET default_tablespace = '';

SET default_table_access_method = heap;

--
-- Name: activity_data_types; Type: TABLE; Schema: public; Owner: postgres
--

CREATE TABLE public.activity_data_types (
    activity_id bigint NOT NULL,
    data_type character varying(50)
);


ALTER TABLE public.activity_data_types OWNER TO postgres;

--
-- Name: activity_topics; Type: TABLE; Schema: public; Owner: postgres
--

CREATE TABLE public.activity_topics (
    activity_id bigint NOT NULL,
    topic character varying(100)
);


ALTER TABLE public.activity_topics OWNER TO postgres;

--
-- Name: contest_chats; Type: TABLE; Schema: public; Owner: postgres
--

CREATE TABLE public.contest_chats (
    id bigint NOT NULL,
    created_at timestamp(6) without time zone NOT NULL,
    deleted boolean NOT NULL,
    deleted_at timestamp(6) without time zone,
    deleted_by bigint,
    message text NOT NULL,
    message_type character varying(255) NOT NULL,
    updated_at timestamp(6) without time zone,
    contest_id bigint NOT NULL,
    user_id bigint NOT NULL,
    CONSTRAINT contest_chats_message_type_check CHECK (((message_type)::text = ANY ((ARRAY['NORMAL'::character varying, 'ANNOUNCEMENT'::character varying, 'SYSTEM'::character varying])::text[])))
);


ALTER TABLE public.contest_chats OWNER TO postgres;

--
-- Name: contest_chats_id_seq; Type: SEQUENCE; Schema: public; Owner: postgres
--

ALTER TABLE public.contest_chats ALTER COLUMN id ADD GENERATED BY DEFAULT AS IDENTITY (
    SEQUENCE NAME public.contest_chats_id_seq
    START WITH 1
    INCREMENT BY 1
    NO MINVALUE
    NO MAXVALUE
    CACHE 1
);


--
-- Name: contest_problems; Type: TABLE; Schema: public; Owner: postgres
--

CREATE TABLE public.contest_problems (
    problem_id bigint NOT NULL,
    contest_id bigint NOT NULL
);


ALTER TABLE public.contest_problems OWNER TO postgres;

--
-- Name: contest_registrations; Type: TABLE; Schema: public; Owner: postgres
--

CREATE TABLE public.contest_registrations (
    id bigint NOT NULL,
    registered_at timestamp(6) without time zone,
    status character varying(255) NOT NULL,
    total_score double precision,
    contest_id bigint NOT NULL,
    user_id bigint NOT NULL,
    CONSTRAINT contest_registrations_status_check CHECK (((status)::text = ANY (ARRAY[('PENDING'::character varying)::text, ('APPROVED'::character varying)::text, ('REJECTED'::character varying)::text])))
);


ALTER TABLE public.contest_registrations OWNER TO postgres;

--
-- Name: contest_registrations_id_seq; Type: SEQUENCE; Schema: public; Owner: postgres
--

ALTER TABLE public.contest_registrations ALTER COLUMN id ADD GENERATED BY DEFAULT AS IDENTITY (
    SEQUENCE NAME public.contest_registrations_id_seq
    START WITH 1
    INCREMENT BY 1
    NO MINVALUE
    NO MAXVALUE
    CACHE 1
);


--
-- Name: contests; Type: TABLE; Schema: public; Owner: postgres
--

CREATE TABLE public.contests (
    id bigint NOT NULL,
    created_at timestamp(6) without time zone,
    description text,
    end_time timestamp(6) without time zone NOT NULL,
    is_public boolean,
    max_participants integer,
    start_time timestamp(6) without time zone NOT NULL,
    status character varying(255) NOT NULL,
    title character varying(255) NOT NULL,
    created_by_id bigint NOT NULL,
    deleted_at timestamp(6) without time zone,
    deleted_by bigint,
    deleted boolean DEFAULT false NOT NULL,
    chat_enabled boolean DEFAULT false NOT NULL,
    contest_code character varying(8),
    CONSTRAINT contests_status_check CHECK (((status)::text = ANY (ARRAY[('DRAFT'::character varying)::text, ('UPCOMING'::character varying)::text, ('ONGOING'::character varying)::text, ('COMPLETED'::character varying)::text, ('CANCELLED'::character varying)::text])))
);


ALTER TABLE public.contests OWNER TO postgres;

--
-- Name: contests_id_seq; Type: SEQUENCE; Schema: public; Owner: postgres
--

ALTER TABLE public.contests ALTER COLUMN id ADD GENERATED BY DEFAULT AS IDENTITY (
    SEQUENCE NAME public.contests_id_seq
    START WITH 1
    INCREMENT BY 1
    NO MINVALUE
    NO MAXVALUE
    CACHE 1
);


--
-- Name: problem_comments; Type: TABLE; Schema: public; Owner: postgres
--

CREATE TABLE public.problem_comments (
    id bigint NOT NULL,
    content text NOT NULL,
    created_at timestamp(6) without time zone NOT NULL,
    deleted boolean NOT NULL,
    deleted_at timestamp(6) without time zone,
    deleted_by bigint,
    updated_at timestamp(6) without time zone,
    parent_comment_id bigint,
    problem_id bigint NOT NULL,
    user_id bigint NOT NULL
);


ALTER TABLE public.problem_comments OWNER TO postgres;

--
-- Name: problem_comments_id_seq; Type: SEQUENCE; Schema: public; Owner: postgres
--

ALTER TABLE public.problem_comments ALTER COLUMN id ADD GENERATED BY DEFAULT AS IDENTITY (
    SEQUENCE NAME public.problem_comments_id_seq
    START WITH 1
    INCREMENT BY 1
    NO MINVALUE
    NO MAXVALUE
    CACHE 1
);


--
-- Name: problem_function_signatures; Type: TABLE; Schema: public; Owner: postgres
--

CREATE TABLE public.problem_function_signatures (
    problem_id bigint NOT NULL,
    signature text,
    language character varying(255) NOT NULL
);


ALTER TABLE public.problem_function_signatures OWNER TO postgres;

--
-- Name: problem_reports; Type: TABLE; Schema: public; Owner: postgres
--

CREATE TABLE public.problem_reports (
    id bigint NOT NULL,
    admin_response text,
    created_at timestamp(6) without time zone NOT NULL,
    deleted boolean NOT NULL,
    deleted_at timestamp(6) without time zone,
    deleted_by bigint,
    description text NOT NULL,
    report_type character varying(255) NOT NULL,
    reviewed_at timestamp(6) without time zone,
    status character varying(255) NOT NULL,
    title character varying(255) NOT NULL,
    problem_id bigint NOT NULL,
    reported_by bigint NOT NULL,
    reviewed_by bigint,
    CONSTRAINT problem_reports_report_type_check CHECK (((report_type)::text = ANY ((ARRAY['INCORRECT_TEST_CASE'::character varying, 'UNCLEAR_PROBLEM_STATEMENT'::character varying, 'WRONG_EXPECTED_OUTPUT'::character varying, 'MISSING_CONSTRAINTS'::character varying, 'TYPO_OR_GRAMMAR'::character varying, 'OTHER'::character varying])::text[]))),
    CONSTRAINT problem_reports_status_check CHECK (((status)::text = ANY ((ARRAY['PENDING'::character varying, 'IN_REVIEW'::character varying, 'RESOLVED'::character varying, 'REJECTED'::character varying, 'CLOSED'::character varying])::text[])))
);


ALTER TABLE public.problem_reports OWNER TO postgres;

--
-- Name: problem_reports_id_seq; Type: SEQUENCE; Schema: public; Owner: postgres
--

ALTER TABLE public.problem_reports ALTER COLUMN id ADD GENERATED BY DEFAULT AS IDENTITY (
    SEQUENCE NAME public.problem_reports_id_seq
    START WITH 1
    INCREMENT BY 1
    NO MINVALUE
    NO MAXVALUE
    CACHE 1
);


--
-- Name: problem_supported_languages; Type: TABLE; Schema: public; Owner: postgres
--

CREATE TABLE public.problem_supported_languages (
    problem_id bigint NOT NULL,
    is_supported boolean,
    language character varying(255) NOT NULL
);


ALTER TABLE public.problem_supported_languages OWNER TO postgres;

--
-- Name: problem_topics; Type: TABLE; Schema: public; Owner: postgres
--

CREATE TABLE public.problem_topics (
    problem_id bigint NOT NULL,
    topic character varying(255)
);


ALTER TABLE public.problem_topics OWNER TO postgres;

--
-- Name: problem_translations; Type: TABLE; Schema: public; Owner: postgres
--

CREATE TABLE public.problem_translations (
    id bigint NOT NULL,
    problem_id bigint NOT NULL,
    language character varying(10) NOT NULL,
    title character varying(255),
    description text,
    constraints text,
    created_at timestamp without time zone DEFAULT now(),
    updated_at timestamp without time zone DEFAULT now()
);


ALTER TABLE public.problem_translations OWNER TO postgres;

--
-- Name: problem_translations_id_seq; Type: SEQUENCE; Schema: public; Owner: postgres
--

CREATE SEQUENCE public.problem_translations_id_seq
    AS integer
    START WITH 1
    INCREMENT BY 1
    NO MINVALUE
    NO MAXVALUE
    CACHE 1;


ALTER SEQUENCE public.problem_translations_id_seq OWNER TO postgres;

--
-- Name: problem_translations_id_seq; Type: SEQUENCE OWNED BY; Schema: public; Owner: postgres
--

ALTER SEQUENCE public.problem_translations_id_seq OWNED BY public.problem_translations.id;


--
-- Name: problems; Type: TABLE; Schema: public; Owner: postgres
--

CREATE TABLE public.problems (
    id bigint NOT NULL,
    constraints text,
    contest_id bigint,
    created_at timestamp(6) without time zone,
    default_memory_limit integer,
    default_time_limit integer,
    description text,
    difficulty character varying(255),
    title character varying(255) NOT NULL,
    created_by bigint,
    updated_at timestamp(6) without time zone,
    deleted_at timestamp(6) without time zone,
    deleted_by bigint,
    deleted boolean DEFAULT false NOT NULL
);


ALTER TABLE public.problems OWNER TO postgres;

--
-- Name: problems_id_seq; Type: SEQUENCE; Schema: public; Owner: postgres
--

ALTER TABLE public.problems ALTER COLUMN id ADD GENERATED BY DEFAULT AS IDENTITY (
    SEQUENCE NAME public.problems_id_seq
    START WITH 1
    INCREMENT BY 1
    NO MINVALUE
    NO MAXVALUE
    CACHE 1
);


--
-- Name: submissions; Type: TABLE; Schema: public; Owner: postgres
--

CREATE TABLE public.submissions (
    id bigint NOT NULL,
    compile_error text,
    completed_at timestamp(6) without time zone,
    execution_environment character varying(255),
    language character varying(255) NOT NULL,
    memory_used_kb integer,
    passed_test_cases integer,
    queue_message_id character varying(255),
    runtime_ms integer,
    score double precision,
    source_code text NOT NULL,
    status character varying(255) NOT NULL,
    submitted_at timestamp(6) without time zone NOT NULL,
    total_test_cases integer,
    contest_id bigint,
    problem_id bigint NOT NULL,
    user_id bigint NOT NULL,
    CONSTRAINT submissions_status_check CHECK (((status)::text = ANY (ARRAY[('PENDING'::character varying)::text, ('PROCESSING'::character varying)::text, ('ACCEPTED'::character varying)::text, ('WRONG_ANSWER'::character varying)::text, ('RUNTIME_ERROR'::character varying)::text, ('TIME_LIMIT_EXCEEDED'::character varying)::text, ('MEMORY_LIMIT_EXCEEDED'::character varying)::text, ('COMPILE_ERROR'::character varying)::text, ('SYSTEM_ERROR'::character varying)::text])))
);


ALTER TABLE public.submissions OWNER TO postgres;

--
-- Name: submissions_id_seq; Type: SEQUENCE; Schema: public; Owner: postgres
--

ALTER TABLE public.submissions ALTER COLUMN id ADD GENERATED BY DEFAULT AS IDENTITY (
    SEQUENCE NAME public.submissions_id_seq
    START WITH 1
    INCREMENT BY 1
    NO MINVALUE
    NO MAXVALUE
    CACHE 1
);


--
-- Name: test_case_results; Type: TABLE; Schema: public; Owner: postgres
--

CREATE TABLE public.test_case_results (
    id bigint NOT NULL,
    error_message text,
    is_hidden boolean,
    memory_used_kb integer,
    runtime_ms integer,
    score double precision,
    status character varying(255) NOT NULL,
    user_output text,
    submission_id bigint NOT NULL,
    test_case_id bigint NOT NULL,
    CONSTRAINT test_case_results_status_check CHECK (((status)::text = ANY (ARRAY[('PASSED'::character varying)::text, ('FAILED'::character varying)::text, ('RUNTIME_ERROR'::character varying)::text, ('TIME_LIMIT_EXCEEDED'::character varying)::text, ('MEMORY_LIMIT_EXCEEDED'::character varying)::text, ('COMPILE_ERROR'::character varying)::text, ('SYSTEM_ERROR'::character varying)::text])))
);


ALTER TABLE public.test_case_results OWNER TO postgres;

--
-- Name: test_case_results_id_seq; Type: SEQUENCE; Schema: public; Owner: postgres
--

ALTER TABLE public.test_case_results ALTER COLUMN id ADD GENERATED BY DEFAULT AS IDENTITY (
    SEQUENCE NAME public.test_case_results_id_seq
    START WITH 1
    INCREMENT BY 1
    NO MINVALUE
    NO MAXVALUE
    CACHE 1
);


--
-- Name: test_cases; Type: TABLE; Schema: public; Owner: postgres
--

CREATE TABLE public.test_cases (
    id bigint NOT NULL,
    comparison_mode character varying(255),
    depends_on bigint,
    description text,
    epsilon double precision,
    expected_output_data jsonb,
    input_data jsonb,
    input_type character varying(255),
    is_example boolean,
    is_hidden boolean,
    memory_limit integer,
    output_type character varying(255),
    test_order integer,
    time_limit integer,
    weight double precision,
    problem_id bigint NOT NULL
);


ALTER TABLE public.test_cases OWNER TO postgres;

--
-- Name: test_cases_id_seq; Type: SEQUENCE; Schema: public; Owner: postgres
--

ALTER TABLE public.test_cases ALTER COLUMN id ADD GENERATED BY DEFAULT AS IDENTITY (
    SEQUENCE NAME public.test_cases_id_seq
    START WITH 1
    INCREMENT BY 1
    NO MINVALUE
    NO MAXVALUE
    CACHE 1
);


--
-- Name: translation_key; Type: TABLE; Schema: public; Owner: postgres
--

CREATE TABLE public.translation_key (
    id bigint NOT NULL,
    code character varying(255) NOT NULL,
    created_at timestamp(6) without time zone,
    description character varying(255),
    updated_at timestamp(6) without time zone
);


ALTER TABLE public.translation_key OWNER TO postgres;

--
-- Name: translation_key_id_seq; Type: SEQUENCE; Schema: public; Owner: postgres
--

ALTER TABLE public.translation_key ALTER COLUMN id ADD GENERATED BY DEFAULT AS IDENTITY (
    SEQUENCE NAME public.translation_key_id_seq
    START WITH 1
    INCREMENT BY 1
    NO MINVALUE
    NO MAXVALUE
    CACHE 1
);


--
-- Name: translation_value; Type: TABLE; Schema: public; Owner: postgres
--

CREATE TABLE public.translation_value (
    id bigint NOT NULL,
    content character varying(255) NOT NULL,
    created_at timestamp(6) without time zone,
    language_code character varying(255) NOT NULL,
    updated_at timestamp(6) without time zone,
    translation_key_id bigint NOT NULL
);


ALTER TABLE public.translation_value OWNER TO postgres;

--
-- Name: translation_value_id_seq; Type: SEQUENCE; Schema: public; Owner: postgres
--

ALTER TABLE public.translation_value ALTER COLUMN id ADD GENERATED BY DEFAULT AS IDENTITY (
    SEQUENCE NAME public.translation_value_id_seq
    START WITH 1
    INCREMENT BY 1
    NO MINVALUE
    NO MAXVALUE
    CACHE 1
);


--
-- Name: user_activity_data; Type: TABLE; Schema: public; Owner: postgres
--

CREATE TABLE public.user_activity_data (
    id bigint NOT NULL,
    activity_sequence integer,
    activity_type character varying(20) NOT NULL,
    additional_metadata jsonb,
    created_at timestamp(6) without time zone NOT NULL,
    difficulty_level character varying(20),
    programming_language character varying(50),
    session_id character varying(255) NOT NULL,
    session_start_time timestamp(6) without time zone,
    submission_id bigint,
    time_spent_seconds bigint,
    was_successful boolean,
    problem_id bigint NOT NULL,
    user_id bigint NOT NULL,
    CONSTRAINT user_activity_data_activity_type_check CHECK (((activity_type)::text = ANY (ARRAY[('VIEW'::character varying)::text, ('ATTEMPT'::character varying)::text, ('SOLVE'::character varying)::text, ('HEARTBEAT'::character varying)::text])))
);


ALTER TABLE public.user_activity_data OWNER TO postgres;

--
-- Name: user_activity_data_id_seq; Type: SEQUENCE; Schema: public; Owner: postgres
--

ALTER TABLE public.user_activity_data ALTER COLUMN id ADD GENERATED BY DEFAULT AS IDENTITY (
    SEQUENCE NAME public.user_activity_data_id_seq
    START WITH 1
    INCREMENT BY 1
    NO MINVALUE
    NO MAXVALUE
    CACHE 1
);


--
-- Name: user_solved_problems; Type: TABLE; Schema: public; Owner: postgres
--

CREATE TABLE public.user_solved_problems (
    id bigint NOT NULL,
    solved_at timestamp(6) without time zone,
    problem_id bigint,
    user_id bigint
);


ALTER TABLE public.user_solved_problems OWNER TO postgres;

--
-- Name: user_solved_problems_id_seq; Type: SEQUENCE; Schema: public; Owner: postgres
--

ALTER TABLE public.user_solved_problems ALTER COLUMN id ADD GENERATED BY DEFAULT AS IDENTITY (
    SEQUENCE NAME public.user_solved_problems_id_seq
    START WITH 1
    INCREMENT BY 1
    NO MINVALUE
    NO MAXVALUE
    CACHE 1
);


--
-- Name: users; Type: TABLE; Schema: public; Owner: postgres
--

CREATE TABLE public.users (
    id bigint NOT NULL,
    created_at timestamp(6) without time zone,
    email character varying(50) NOT NULL,
    password character varying(120) NOT NULL,
    role character varying(255),
    username character varying(20) NOT NULL
);


ALTER TABLE public.users OWNER TO postgres;

--
-- Name: users_id_seq; Type: SEQUENCE; Schema: public; Owner: postgres
--

ALTER TABLE public.users ALTER COLUMN id ADD GENERATED BY DEFAULT AS IDENTITY (
    SEQUENCE NAME public.users_id_seq
    START WITH 1
    INCREMENT BY 1
    NO MINVALUE
    NO MAXVALUE
    CACHE 1
);


--
-- Name: problem_translations id; Type: DEFAULT; Schema: public; Owner: postgres
--

ALTER TABLE ONLY public.problem_translations ALTER COLUMN id SET DEFAULT nextval('public.problem_translations_id_seq'::regclass);


--
-- Data for Name: activity_data_types; Type: TABLE DATA; Schema: public; Owner: postgres
--

COPY public.activity_data_types (activity_id, data_type) FROM stdin;
\.


--
-- Data for Name: activity_topics; Type: TABLE DATA; Schema: public; Owner: postgres
--

COPY public.activity_topics (activity_id, topic) FROM stdin;
\.


--
-- Data for Name: contest_chats; Type: TABLE DATA; Schema: public; Owner: postgres
--

COPY public.contest_chats (id, created_at, deleted, deleted_at, deleted_by, message, message_type, updated_at, contest_id, user_id) FROM stdin;
\.


--
-- Data for Name: contest_problems; Type: TABLE DATA; Schema: public; Owner: postgres
--

COPY public.contest_problems (problem_id, contest_id) FROM stdin;
5	7
3	9
5	9
1	9
6	6
2	10
3	10
4	10
6	2
6	14
16	14
1	3
3	3
3	8
4	8
5	8
1	8
6	12
3	15
6	15
3	16
6	16
1	16
1	1
2	1
2	4
3	4
4	5
5	5
40	18
41	18
42	18
40	21
44	21
40	19
43	19
45	19
40	20
40	22
43	22
\.


--
-- Data for Name: contest_registrations; Type: TABLE DATA; Schema: public; Owner: postgres
--

COPY public.contest_registrations (id, registered_at, status, total_score, contest_id, user_id) FROM stdin;
3	2025-05-21 09:24:13.669843	REJECTED	0	2	13
4	2025-05-21 09:41:45.847649	APPROVED	0	7	13
7	2025-05-23 05:59:00.867656	APPROVED	0	7	14
9	2025-05-23 08:00:14.256187	REJECTED	0	10	14
5	2025-05-22 19:55:06.510856	APPROVED	6	2	14
10	2025-05-25 07:23:55.405282	APPROVED	0	10	15
11	2025-05-28 22:20:20.695271	APPROVED	0	3	15
17	2025-05-28 23:07:00.2067	APPROVED	0	7	15
21	2025-05-28 23:17:02.488556	APPROVED	0	8	15
22	2025-05-29 08:09:16.336441	APPROVED	6	15	15
23	2025-05-29 08:28:08.198156	APPROVED	6	12	15
24	2025-05-29 08:32:57.085423	APPROVED	5	2	15
25	2025-05-29 09:10:29.61935	APPROVED	6	2	16
27	2025-05-29 09:17:20.367793	REJECTED	0	12	16
28	2025-05-29 09:20:34.561476	APPROVED	5	15	16
29	2025-05-29 20:12:34.202837	APPROVED	10	16	15
30	2025-05-30 07:42:10.262102	APPROVED	6	15	1
31	2025-05-30 08:51:02.018902	APPROVED	6	2	17
32	2025-05-30 08:52:00.703987	APPROVED	0	12	17
34	2025-06-04 09:42:53.855037	APPROVED	1	17	15
33	2025-06-03 08:17:59.332563	APPROVED	4	16	1
35	2025-06-05 17:44:07.081165	APPROVED	0	10	1
36	2025-06-06 06:37:07.784373	APPROVED	6	16	16
37	2025-06-06 09:25:41.279591	APPROVED	0	10	16
38	2025-06-18 18:14:43.24987	APPROVED	31	18	1
39	2025-06-19 08:35:02.246792	APPROVED	0	20	16
40	2025-06-20 21:21:07.465664	APPROVED	176	19	1
41	2025-06-21 08:46:30.651262	APPROVED	31	19	16
42	2025-06-23 13:05:55.9311	APPROVED	0	22	1
43	2025-07-16 10:07:29.90984	APPROVED	31	20	1
44	2025-07-17 09:14:05.858681	APPROVED	31	19	15
45	2025-07-17 09:31:38.986598	REJECTED	0	20	15
\.


--
-- Data for Name: contests; Type: TABLE DATA; Schema: public; Owner: postgres
--

COPY public.contests (id, created_at, description, end_time, is_public, max_participants, start_time, status, title, created_by_id, deleted_at, deleted_by, deleted, chat_enabled, contest_code) FROM stdin;
10	2025-05-21 08:35:52.09471	Cuộc thi kéo dài nhiều ngày	2025-12-07 23:59:59	f	500	2025-12-01 00:00:00	UPCOMING	Cuộc thi dài ngày - UPCOMING	1	\N	\N	f	f	\N
8	2025-05-21 08:35:38.03472	Cuộc thi bao gồm tất cả bài toán	2025-06-01 17:00:00	t	200	2025-06-01 09:00:00	COMPLETED	Cuộc thi lớn - ONGOING	1	\N	\N	f	f	\N
12	2025-05-23 06:19:10.970006	Mô tả	2025-05-30 20:10:27	f	10	2025-05-23 00:00:00	COMPLETED	tiêu đề cuộc thi	14	\N	\N	f	f	\N
1	2025-05-21 08:32:40.554111	Cuộc thi lập trình tháng 6	2025-06-01 12:00:00	f	50	2025-06-01 10:00:00	DRAFT	Cuộc thi tháng 6 :3	1	\N	\N	f	f	\N
15	2025-05-28 23:10:34.122479	adsfadsf	2025-05-31 00:00:00	t	2	2025-05-28 00:00:00	COMPLETED	adfadsfas	1	2025-06-05 21:35:50.537552	1	t	f	\N
4	2025-05-21 08:35:03.726834	Cuộc thi lập trình tháng 5 đã hoàn thành	2025-05-26 07:12:00	f	20	2025-05-26 00:00:00	COMPLETED	Cuộc thi tháng 5 	1	\N	\N	f	f	\N
5	2025-05-21 08:35:10.223944	Cuộc thi lập trình tháng 9 bị hủy	2025-09-01 12:00:00	t	40	2025-09-01 10:00:00	CANCELLED	Cuộc thi tháng 9 - CANCELLED	1	\N	\N	f	f	\N
7	2025-05-21 08:35:27.830339	Cuộc thi chỉ có một bài toán	2025-11-01 10:00:00	t	60	2025-11-01 08:00:00	UPCOMING	Cuộc thi tháng 11 - UPCOMING	1	\N	\N	f	f	\N
9	2025-05-21 08:35:43.98637	Cuộc thi riêng tư với số lượng tham gia giới hạn	2025-12-01 12:00:00	t	10	2025-12-01 10:00:00	DRAFT	Cuộc thi riêng tư - DRAFT	1	2025-06-06 09:28:38.133283	1	t	f	\N
6	2025-05-21 08:35:18.842428	Cuộc thi không có bài toán để kiểm tra	2025-10-01 12:00:00	f	25	2025-10-01 10:00:00	DRAFT	Cuộc thi không bài toán - DRAFT	1	\N	\N	f	f	\N
17	2025-06-04 09:36:01.227904	Cuộc thi đang diễn ra ở trạng thái public	2025-06-07 09:00:00	f	1	2025-05-09 08:10:08	COMPLETED	Cuộc thi đang diễn ra 	14	\N	\N	f	f	\N
3	2025-05-21 08:34:55.346505	Cuộc thi lập trình tháng 8 ở trạng thái ONGOING	2071-07-12 00:00:00	t	100	2034-10-08 00:00:00	UPCOMING	Cuộc thi tháng 8 - ONGOING	1	\N	\N	f	f	\N
14	2025-05-25 07:52:48.37538	tesyt	2025-05-29 00:00:09	f	9	2025-05-27 00:00:00	COMPLETED	test	1	2025-05-29 08:49:41.408302	1	t	f	\N
2	2025-05-21 08:34:23.256165	Cuộc thi lập trình tháng 7 ở trạng thái UPCOMING	2025-05-30 11:00:22	t	30	2025-05-01 09:00:00	COMPLETED	Cuộc thi tháng 5 	1	\N	\N	f	f	\N
16	2025-05-29 20:10:48.90008	instructor	2025-06-20 00:00:00	t	100	2025-05-29 00:00:00	COMPLETED	cuộc thi của instructor	14	\N	\N	f	f	\N
18	2025-06-05 17:45:56.983554	bc	2025-06-20 00:00:00	t	100	2025-06-04 00:00:00	COMPLETED	abc	1	\N	\N	f	f	\N
19	2025-06-06 09:27:41.013574	abc	2149-09-07 20:04:05	t	100	2025-02-09 00:00:03	ONGOING	abcdfg	1	\N	\N	f	f	\N
21	2025-06-19 09:45:43.156279	hihiàdsfadsfasdfafadsfas	2025-06-29 00:00:00	t	100	2025-06-21 00:00:00	COMPLETED	hihifdaafadsfadsfasdfasdfadsfasdfafsdfadsfasdfasdfasdfad	1	\N	\N	f	f	\N
20	2025-06-19 08:24:50.748313	thi	2218-08-09 00:00:00	f	100	2025-06-19 00:00:31	ONGOING	thi	1	\N	\N	f	f	QFYX7DS7
22	2025-06-23 13:04:40.739113	fdxdfcgvhjbknbvn	2025-06-26 00:00:00	f	100	2025-06-23 00:00:00	COMPLETED	zxcfgvhbjklmmn111111111	1	\N	\N	f	f	N3IN8HMQ
\.


--
-- Data for Name: problem_comments; Type: TABLE DATA; Schema: public; Owner: postgres
--

COPY public.problem_comments (id, content, created_at, deleted, deleted_at, deleted_by, updated_at, parent_comment_id, problem_id, user_id) FROM stdin;
1	làm như nào z	2025-06-18 17:57:15.434664	f	\N	\N	2025-06-18 18:00:28.384706	\N	40	1
2	Chịu	2025-06-18 18:01:24.839209	f	\N	\N	\N	1	40	16
3	ọooooooo	2025-06-18 18:02:40.648384	t	2025-06-18 18:03:37.453424	16	2025-06-18 18:03:37.498594	\N	40	16
4	dễ	2025-06-19 12:53:02.133121	f	\N	\N	\N	\N	41	1
5	hihihi	2025-06-23 13:00:37.531825	f	\N	\N	\N	\N	88	1
\.


--
-- Data for Name: problem_function_signatures; Type: TABLE DATA; Schema: public; Owner: postgres
--

COPY public.problem_function_signatures (problem_id, signature, language) FROM stdin;
3	{"functionName":"find_pair","parameterTypes":["List[int]","int"],"returnType":"List[int]"}	python
3	{"functionName":"findPair","parameterTypes":["vector<int>","int"],"returnType":"vector<int>"}	cpp
3	{"functionName":"findPair","parameterTypes":["int[]","int"],"returnType":"int[]"}	java
3	{"functionName":"findPair","parameterTypes":["number[]","number"],"returnType":"number[]"}	javascript
4	{"functionName":"is_palindrome","parameterTypes":["str"],"returnType":"bool"}	python
4	{"functionName":"isPalindrome","parameterTypes":["string"],"returnType":"bool"}	cpp
4	{"functionName":"isPalindrome","parameterTypes":["string"],"returnType":"boolean"}	java
4	{"functionName":"isPalindrome","parameterTypes":["string"],"returnType":"boolean"}	javascript
5	{"functionName":"find_second_max","parameterTypes":["List[int]"],"returnType":"int"}	python
5	{"functionName":"findSecondMax","parameterTypes":["vector<int>"],"returnType":"int"}	cpp
5	{"functionName":"findSecondMax","parameterTypes":["int[]"],"returnType":"int"}	java
5	{"functionName":"findSecondMax","parameterTypes":["number[]"],"returnType":"number"}	javascript
6	{"functionName":"sum","parameterTypes":["int","int"],"returnType":"int"}	python
6	{"functionName":"sum","parameterTypes":["int","int"],"returnType":"int"}	cpp
6	{"functionName":"sum","parameterTypes":["int","int"],"returnType":"int"}	java
6	{"functionName":"sum","parameterTypes":["number","number"],"returnType":"number"}	javascript
7	{"functionName":"findTargetInRange","parameterTypes":["int","int"],"returnType":"boolean"}	java
1	{"functionName":"findMax","parameterTypes":["List[int]"],"returnType":"int"}	python
1	{"functionName":"findMax","parameterTypes":["int[]"],"returnType":"int"}	java
2	{"functionName":"reverseString","parameterTypes":["String"],"returnType":"String"}	java
14	{"functionName":"reverse_string","parameterTypes":["str"],"returnType":"str"}	python
14	{"functionName":"reverseString","parameterTypes":["string"],"returnType":"string"}	cpp
14	{"functionName":"reverseString","parameterTypes":["String"],"returnType":"String"}	java
14	{"functionName":"reverseString","parameterTypes":["string"],"returnType":"string"}	javascript
15	{"functionName":"dfdasd","parameterTypes":["String"],"returnType":"String"}	java
16	{"functionName":"fadafs","parameterTypes":["String"],"returnType":"String"}	java
17	{"functionName":"sumEvenNumber","parameterTypes":["List[int]"],"returnType":"int"}	python
17	{"functionName":"sumEvenNumber","parameterTypes":["int[]"],"returnType":"int"}	java
18	{"functionName":"max_subarray_sum","parameterTypes":["List[int]"],"returnType":"int"}	python
18	{"functionName":"max_subarray_sum","parameterTypes":["int[]"],"returnType":"int"}	java
19	{"functionName":"laDoiXung","parameterTypes":["int[]"],"returnType":"boolean"}	java
20	{"functionName":"laDoiXung","parameterTypes":["int[]"],"returnType":"boolean"}	java
21	{"functionName":"laDoiXung","parameterTypes":["int[]"],"returnType":"boolean"}	java
22	{"functionName":"laDoiXung","parameterTypes":["int[]"],"returnType":"boolean"}	java
23	{"functionName":"fdadfasdf","parameterTypes":["int[]"],"returnType":"boolean"}	java
24	{"functionName":"tong","parameterTypes":["int"],"returnType":"int"}	java
25	{"functionName":"fdfffasdfsad","parameterTypes":["int"],"returnType":"int"}	java
26	{"functionName":"findLongestIncreasingSubsequence","parameterTypes":["int[]"],"returnType":"int"}	java
27	{"functionName":"findLongestIncreasingSubsequence","parameterTypes":["int[]"],"returnType":"int"}	java
28	{"functionName":"findLongestIncreasingSubsequence","parameterTypes":["int[]"],"returnType":"int"}	java
29	{"functionName":"acsdc","parameterTypes":["int[]"],"returnType":"int"}	java
30	{"functionName":"fadfa","parameterTypes":["Object"],"returnType":"int[]"}	java
31	{"functionName":"tongmang","parameterTypes":["int[]"],"returnType":"int"}	java
32	{"functionName":"tongmang","parameterTypes":["int[]"],"returnType":"int"}	java
33	{"functionName":"tongmang","parameterTypes":["int[]"],"returnType":"int"}	java
34	{"functionName":"tongmang","parameterTypes":["int[]"],"returnType":"int"}	java
35	{"functionName":"fadfas","parameterTypes":["int[]"],"returnType":"int"}	java
36	{"functionName":"tongmang","parameterTypes":["int[]"],"returnType":"int"}	java
37	{"functionName":"tongmang","parameterTypes":["int[]"],"returnType":"int"}	java
39	{"functionName":"twoSum","parameterTypes":["int[]","int"],"returnType":"int[]"}	java
39	{"functionName":"twoSum","parameterTypes":["List[int]","int"],"returnType":"List[int]"}	python
39	{"functionName":"twoSum","parameterTypes":["Array<number>","number"],"returnType":"Array<number>"}	javascript
39	{"functionName":"twoSum","parameterTypes":["vector<int>","int"],"returnType":"vector<int>"}	cpp
40	{"functionName":"twoSum","parameterTypes":["int[]","int"],"returnType":"int[]"}	java
40	{"functionName":"twoSum","parameterTypes":["List[int]","int"],"returnType":"List[int]"}	python
40	{"functionName":"twoSum","parameterTypes":["Array<number>","number"],"returnType":"Array<number>"}	javascript
40	{"functionName":"twoSum","parameterTypes":["vector<int>","int"],"returnType":"vector<int>"}	cpp
41	{"functionName":"lengthOfLongestSubstring","parameterTypes":["String"],"returnType":"int"}	java
41	{"functionName":"lengthOfLongestSubstring","parameterTypes":["str"],"returnType":"int"}	python
41	{"functionName":"lengthOfLongestSubstring","parameterTypes":["string"],"returnType":"number"}	javascript
41	{"functionName":"lengthOfLongestSubstring","parameterTypes":["string"],"returnType":"int"}	cpp
42	{"functionName":"isValid","parameterTypes":["String"],"returnType":"boolean"}	java
42	{"functionName":"isValid","parameterTypes":["str"],"returnType":"bool"}	python
42	{"functionName":"isValid","parameterTypes":["string"],"returnType":"boolean"}	javascript
42	{"functionName":"isValid","parameterTypes":["string"],"returnType":"bool"}	cpp
43	{"functionName":"maxSubArray","parameterTypes":["int[]"],"returnType":"int"}	java
43	{"functionName":"maxSubArray","parameterTypes":["List[int]"],"returnType":"int"}	python
43	{"functionName":"maxSubArray","parameterTypes":["Array<number>"],"returnType":"number"}	javascript
43	{"functionName":"maxSubArray","parameterTypes":["vector<int>"],"returnType":"int"}	cpp
44	{"functionName":"isPalindrome","parameterTypes":["int"],"returnType":"boolean"}	java
44	{"functionName":"isPalindrome","parameterTypes":["int"],"returnType":"bool"}	python
44	{"functionName":"isPalindrome","parameterTypes":["number"],"returnType":"boolean"}	javascript
44	{"functionName":"isPalindrome","parameterTypes":["int"],"returnType":"bool"}	cpp
45	{"functionName":"reverse","parameterTypes":["int"],"returnType":"int"}	java
45	{"functionName":"reverse","parameterTypes":["int"],"returnType":"int"}	python
45	{"functionName":"reverse","parameterTypes":["number"],"returnType":"number"}	javascript
45	{"functionName":"reverse","parameterTypes":["int"],"returnType":"int"}	cpp
46	{"functionName":"maxProfit","parameterTypes":["int[]"],"returnType":"int"}	java
46	{"functionName":"maxProfit","parameterTypes":["List[int]"],"returnType":"int"}	python
46	{"functionName":"maxProfit","parameterTypes":["Array<number>"],"returnType":"number"}	javascript
46	{"functionName":"maxProfit","parameterTypes":["vector<int>"],"returnType":"int"}	cpp
47	{"functionName":"containsDuplicate","parameterTypes":["int[]"],"returnType":"boolean"}	java
47	{"functionName":"containsDuplicate","parameterTypes":["List[int]"],"returnType":"bool"}	python
47	{"functionName":"containsDuplicate","parameterTypes":["Array<number>"],"returnType":"boolean"}	javascript
47	{"functionName":"containsDuplicate","parameterTypes":["vector<int>"],"returnType":"bool"}	cpp
48	{"functionName":"sum","parameterTypes":["int"],"returnType":"int"}	java
49	{"functionName":"sum","parameterTypes":["int","int"],"returnType":"int"}	java
50	{"functionName":"sum","parameterTypes":["int","int"],"returnType":"int"}	java
51	{"functionName":"dif","parameterTypes":["int","int"],"returnType":"int"}	java
52	{"functionName":"product","parameterTypes":["int","int"],"returnType":"int"}	java
85	{"functionName":"twoSum","parameterTypes":["int[]","int"],"returnType":"int[]"}	java
85	{"functionName":"twoSum","parameterTypes":["List[int]","int"],"returnType":"List[int]"}	python
85	{"functionName":"twoSum","parameterTypes":["vector<int>&","int"],"returnType":"vector<int>"}	cpp
85	{"functionName":"twoSum","parameterTypes":["number[]","number"],"returnType":"number[]"}	javascript
86	{"functionName":"fib","parameterTypes":["int"],"returnType":"int"}	java
86	{"functionName":"fib","parameterTypes":["int"],"returnType":"int"}	python
86	{"functionName":"fib","parameterTypes":["int"],"returnType":"int"}	cpp
86	{"functionName":"fib","parameterTypes":["number"],"returnType":"number"}	javascript
87	{"functionName":"isPalindrome","parameterTypes":["String"],"returnType":"boolean"}	java
87	{"functionName":"isPalindrome","parameterTypes":["str"],"returnType":"bool"}	python
87	{"functionName":"isPalindrome","parameterTypes":["string"],"returnType":"bool"}	cpp
87	{"functionName":"isPalindrome","parameterTypes":["string"],"returnType":"boolean"}	javascript
88	{"functionName":"maxSubArray","parameterTypes":["int[]"],"returnType":"int"}	java
88	{"functionName":"maxSubArray","parameterTypes":["List[int]"],"returnType":"int"}	python
88	{"functionName":"maxSubArray","parameterTypes":["vector<int>&"],"returnType":"int"}	cpp
88	{"functionName":"maxSubArray","parameterTypes":["number[]"],"returnType":"number"}	javascript
89	{"functionName":"reverseString","parameterTypes":["char[]"],"returnType":"void"}	java
89	{"functionName":"reverseString","parameterTypes":["List[str]"],"returnType":"None"}	python
89	{"functionName":"reverseString","parameterTypes":["vector<char>&"],"returnType":"void"}	cpp
89	{"functionName":"reverseString","parameterTypes":["string[]"],"returnType":"void"}	javascript
90	{"functionName":"search","parameterTypes":["int[]","int"],"returnType":"int"}	java
90	{"functionName":"search","parameterTypes":["List[int]","int"],"returnType":"int"}	python
90	{"functionName":"search","parameterTypes":["vector<int>&","int"],"returnType":"int"}	cpp
90	{"functionName":"search","parameterTypes":["number[]","number"],"returnType":"number"}	javascript
91	{"functionName":"count_primes_in_range","parameterTypes":["int","int"],"returnType":"int"}	java
92	{"functionName":"sumEvenInRange","parameterTypes":["int","int"],"returnType":"int"}	java
93	{"functionName":"sum_even_to_n","parameterTypes":["int"],"returnType":"int"}	java
94	{"functionName":"sumEvenToN","parameterTypes":["int"],"returnType":"int"}	java
\.


--
-- Data for Name: problem_reports; Type: TABLE DATA; Schema: public; Owner: postgres
--

COPY public.problem_reports (id, admin_response, created_at, deleted, deleted_at, deleted_by, description, report_type, reviewed_at, status, title, problem_id, reported_by, reviewed_by) FROM stdin;
1	oke rồi nhé	2025-06-20 16:20:38.269884	f	\N	\N	code đúng mà kết quả sai	INCORRECT_TEST_CASE	2025-06-20 17:04:36.889419	RESOLVED	Test case sai	40	1	1
2	thử oke r hi	2025-07-16 20:16:34.599495	f	\N	\N	Thử phát	OTHER	2025-07-16 20:17:27.267474	CLOSED	Thử	41	16	1
\.


--
-- Data for Name: problem_supported_languages; Type: TABLE DATA; Schema: public; Owner: postgres
--

COPY public.problem_supported_languages (problem_id, is_supported, language) FROM stdin;
3	t	python
3	t	cpp
3	t	java
3	t	javascript
4	t	python
4	t	cpp
4	t	java
4	t	javascript
5	t	python
5	t	cpp
5	t	java
5	t	javascript
6	t	python
6	t	cpp
6	t	java
6	t	javascript
7	f	cpp
7	f	python
7	t	java
7	f	javascript
1	t	python
1	f	cpp
1	t	java
1	f	javascript
2	t	python
2	t	cpp
2	t	java
2	t	javascript
14	t	python
14	t	cpp
14	t	java
14	t	javascript
15	f	python
15	f	cpp
15	t	java
15	f	javascript
16	f	python
16	f	cpp
16	t	java
16	f	javascript
17	t	python
17	f	cpp
17	t	java
17	f	javascript
18	t	python
18	f	cpp
18	t	java
18	f	javascript
19	f	python
19	f	cpp
19	t	java
19	f	javascript
20	f	python
20	f	cpp
20	t	java
20	f	javascript
21	f	python
21	f	cpp
21	t	java
21	f	javascript
22	f	python
22	f	cpp
22	t	java
22	f	javascript
23	f	python
23	f	cpp
23	t	java
23	f	javascript
24	f	python
24	f	cpp
24	t	java
24	f	javascript
25	f	python
25	f	cpp
25	t	java
25	f	javascript
26	f	python
26	f	cpp
26	t	java
26	f	javascript
27	t	python
27	f	cpp
27	t	java
27	f	javascript
28	f	python
28	f	cpp
28	t	java
28	f	javascript
29	f	python
29	f	cpp
29	t	java
29	f	javascript
30	f	python
30	f	cpp
30	t	java
30	f	javascript
31	t	java
31	f	python
31	f	javascript
31	f	cpp
32	t	java
32	f	python
32	f	javascript
32	f	cpp
33	t	java
33	f	python
33	f	javascript
33	f	cpp
34	f	python
34	f	cpp
34	t	java
34	f	javascript
35	f	python
35	f	cpp
35	t	java
35	f	javascript
36	f	python
36	f	cpp
36	t	java
36	f	javascript
37	f	python
37	f	cpp
37	t	java
37	f	javascript
39	t	java
39	t	python
39	t	javascript
39	t	cpp
40	t	java
40	t	python
40	t	javascript
40	t	cpp
41	t	java
41	t	python
41	t	javascript
41	t	cpp
42	t	java
42	t	python
42	t	javascript
42	t	cpp
43	t	java
43	t	python
43	t	javascript
43	t	cpp
44	t	java
44	t	python
44	t	javascript
44	t	cpp
45	t	java
45	t	python
45	t	javascript
45	t	cpp
46	t	java
46	t	python
46	t	javascript
46	t	cpp
47	t	java
47	t	python
47	t	javascript
47	t	cpp
48	f	python
48	f	cpp
48	t	java
48	f	javascript
49	f	python
49	f	cpp
49	t	java
49	f	javascript
50	f	python
50	f	cpp
50	t	java
50	f	javascript
51	f	python
51	f	cpp
51	t	java
51	f	javascript
52	f	python
52	f	cpp
52	t	java
52	f	javascript
85	t	java
85	t	python
85	t	cpp
85	t	javascript
86	t	java
86	t	python
86	t	cpp
86	t	javascript
87	t	java
87	t	python
87	t	cpp
87	t	javascript
88	t	java
88	t	python
88	t	cpp
88	t	javascript
89	t	java
89	t	python
89	t	cpp
89	t	javascript
90	t	java
90	t	python
90	t	cpp
90	t	javascript
91	f	python
91	f	cpp
91	t	java
91	f	javascript
92	f	python
92	f	cpp
92	t	java
92	f	javascript
93	f	python
93	f	cpp
93	t	java
93	f	javascript
94	f	python
94	f	cpp
94	t	java
94	f	javascript
\.


--
-- Data for Name: problem_topics; Type: TABLE DATA; Schema: public; Owner: postgres
--

COPY public.problem_topics (problem_id, topic) FROM stdin;
3	hash table
3	array
3	algorithm
4	string
4	two pointers
4	algorithm
5	array
5	iteration
5	algorithm
6	arithmetic
6	math
6	basic
7	math 
7	basic
1	array
1	iteration
1	basic
2	string
2	basic
2	algorithm
14	string
14	basic
14	algorithm
17	array
18	array
18	dynamic programming
19	array 
19	two pointers
20	wo pointers
20	array 
22	àasdf
24	fdsfdf
35	string
35	math
35	Arrays
36	hash table
37	arithmetic
3	Array
3	Binary Search
39	Array
39	Hash Table
40	Array
40	Hash Table
41	String
41	Hash Table
41	Sliding Window
42	String
42	Stack
43	Array
43	Dynamic Programming
43	Divide and Conquer
44	Math
45	Math
46	Array
46	Dynamic Programming
47	Array
47	Hash Table
47	Sorting
48	Array
49	Math
50	Math
51	Math
52	Math
85	Array
85	Hash Table
85	Two Pointers
86	Math
86	Dynamic Programming
86	Recursion
86	Memoization
87	String
87	Two Pointers
88	Array
88	Dynamic Programming
88	Divide and Conquer
90	Array
90	Binary Search
91	Math
92	Math
89	Two Pointers
89	String
89	Recursion
93	Math
94	Array
\.


--
-- Data for Name: problem_translations; Type: TABLE DATA; Schema: public; Owner: postgres
--

COPY public.problem_translations (id, problem_id, language, title, description, constraints, created_at, updated_at) FROM stdin;
1	40	vi	Hai Tổng	Cho một mảng các số nguyên nums và một số nguyên target, trả về các chỉ số của hai số sao cho tổng của chúng bằng target. Bạn có thể cho rằng mỗi đầu vào sẽ có đúng một giải pháp và bạn không được sử dụng cùng một phần tử hai lần. Bạn có thể trả về câu trả lời theo bất kỳ thứ tự nào. **Ví dụ 1:** Đầu vào: nums = [2,7,11,15], target = 9 Đầu ra: [0,1] Giải thích: Vì nums[0] + nums[1] == 9, chúng ta trả về [0, 1]. **Ví dụ 2:** Đầu vào: nums = [3,2,4], target = 6 Đầu ra: [1,2] **Ví dụ 3:** Đầu vào: nums = [3,3], target = 6 Đầu ra: [0,1]	2 &lt;= nums.length &lt;= 10^4 -10^9 &lt;= nums[i] &lt;= 10^9 -10^9 &lt;= target &lt;= 10^9 Chỉ có một câu trả lời hợp lệ.	2025-06-18 13:11:34.571649	\N
2	41	vi	Chuỗi con dài nhất không có ký tự lặp lại	Cho một chuỗi s, tìm độ dài của chuỗi con dài nhất mà không có các ký tự lặp lại. **Ví dụ 1:** Đầu vào: s = &quot;abcabcbb&quot; Đầu ra: 3 Giải thích: Câu trả lời là &quot;abc&quot;, với độ dài là 3. **Ví dụ 2:** Đầu vào: s = &quot;bbbbb&quot; Đầu ra: 1 Giải thích: Câu trả lời là &quot;b&quot;, với độ dài là 1. **Ví dụ 3:** Đầu vào: s = &quot;pwwkew&quot; Đầu ra: 3 Giải thích: Câu trả lời là &quot;wke&quot;, với độ dài là 3. Lưu ý rằng câu trả lời phải là một chuỗi con, &quot;pwke&quot; là một dãy con chứ không phải là một chuỗi con.	0 &lt;= s.length &lt;= 5 * 10^4 s bao gồm các chữ cái tiếng Anh, chữ số, ký hiệu và khoảng trắng.	2025-06-18 13:11:35.227601	\N
3	42	vi	Dấu ngoặc đơn hợp lệ	Cho một chuỗi s chỉ chứa các ký tự &#39;(&#39;, &#39;)&#39;, &#39;{&#39;, &#39;}&#39;, &#39;[&#39; và &#39;]&#39;, hãy xác định xem chuỗi đầu vào có hợp lệ không. Một chuỗi đầu vào hợp lệ nếu: 1. Các dấu ngoặc mở phải được đóng bằng cùng loại dấu ngoặc. 2. Các dấu ngoặc mở phải được đóng theo đúng thứ tự. 3. Mỗi dấu ngoặc đóng có một dấu ngoặc mở tương ứng cùng loại. **Ví dụ 1:** Đầu vào: s = &quot;()&quot; Đầu ra: true **Ví dụ 2:** Đầu vào: s = &quot;()[]{}&quot; Đầu ra: true **Ví dụ 3:** Đầu vào: s = &quot;(]&quot; Đầu ra: false	1 &lt;= s.length &lt;= 10^4 s chỉ bao gồm dấu ngoặc đơn &#39;()[]{}&#39;.	2025-06-18 13:11:35.777489	\N
4	43	vi	Mảng con tối đa	Cho một mảng số nguyên nums, hãy tìm mảng con có tổng lớn nhất và trả về tổng của mảng đó. **Ví dụ 1:** Đầu vào: nums = [-2,1,-3,4,-1,2,1,-5,4] Đầu ra: 6 Giải thích: Mảng con [4,-1,2,1] có tổng lớn nhất là 6. **Ví dụ 2:** Đầu vào: nums = [1] Đầu ra: 1 Giải thích: Mảng con [1] có tổng lớn nhất là 1. **Ví dụ 3:** Đầu vào: nums = [5,4,-1,7,8] Đầu ra: 23 Giải thích: Mảng con [5,4,-1,7,8] có tổng lớn nhất là 23.	1 &lt;= số.chiều dài &lt;= 10^5 -10^4 &lt;= số[i] &lt;= 10^4	2025-06-18 13:11:36.405406	\N
5	44	vi	Số Palindrome	Cho một số nguyên x, trả về true nếu x là số palindrome, và false nếu không. **Ví dụ 1:** Đầu vào: x = 121 Đầu ra: true Giải thích: 121 đọc là 121 từ trái sang phải và từ phải sang trái. **Ví dụ 2:** Đầu vào: x = -121 Đầu ra: false Giải thích: Từ trái sang phải, nó đọc là -121. Từ phải sang trái, nó trở thành 121-. Do đó, nó không phải là số palindrome. **Ví dụ 3:** Đầu vào: x = 10 Đầu ra: false Giải thích: Đọc là 01 từ phải sang trái. Do đó, nó không phải là số palindrome. **Tiếp theo:** Bạn có thể giải bài toán này mà không cần chuyển đổi số nguyên thành chuỗi không?	-2^31 &lt;= x &lt;= 2^31 - 1	2025-06-18 13:11:36.948717	\N
6	45	vi	Số nguyên đảo ngược	Cho một số nguyên 32 bit có dấu x, trả về x với các chữ số bị đảo ngược. Nếu đảo ngược x khiến giá trị nằm ngoài phạm vi số nguyên 32 bit có dấu [-2^31, 2^31 - 1], thì trả về 0. Giả sử môi trường không cho phép bạn lưu trữ số nguyên 64 bit (có dấu hoặc không dấu). **Ví dụ 1:** Đầu vào: x = 123 Đầu ra: 321 **Ví dụ 2:** Đầu vào: x = -123 Đầu ra: -321 **Ví dụ 3:** Đầu vào: x = 120 Đầu ra: 21	-2^31 &lt;= x &lt;= 2^31 - 1	2025-06-18 13:11:37.478568	\N
7	46	vi	Thời điểm tốt nhất để mua và bán cổ phiếu	Bạn được cung cấp một mảng prices trong đó prices[i] là giá của một cổ phiếu nhất định vào ngày thứ i. Bạn muốn tối đa hóa lợi nhuận của mình bằng cách chọn một ngày duy nhất để mua một cổ phiếu và chọn một ngày khác trong tương lai để bán cổ phiếu đó. Trả về lợi nhuận tối đa bạn có thể đạt được từ giao dịch này. Nếu bạn không đạt được bất kỳ lợi nhuận nào, hãy trả về 0. **Ví dụ 1:** Đầu vào: prices = [7,1,5,3,6,4] Đầu ra: 5 Giải thích: Mua vào ngày thứ 2 (giá = 1) và bán vào ngày thứ 5 (giá = 6), lợi nhuận = 6-1 = 5. Lưu ý rằng không được phép mua vào ngày thứ 2 và bán vào ngày thứ 1 vì bạn phải mua trước khi bán. **Ví dụ 2:** Đầu vào: prices = [7,6,4,3,1] Đầu ra: 0 Giải thích: Trong trường hợp này, không có giao dịch nào được thực hiện và lợi nhuận tối đa = 0.	1 &lt;= giá.chiều dài &lt;= 10^5 0 &lt;= giá[i] &lt;= 10^4	2025-06-18 13:11:38.098646	\N
8	47	vi	Chứa trùng lặp	Cho một mảng số nguyên nums, trả về true nếu bất kỳ giá trị nào xuất hiện ít nhất hai lần trong mảng và trả về false nếu mọi phần tử đều khác biệt. **Ví dụ 1:** Đầu vào: nums = [1,2,3,1] Đầu ra: true **Ví dụ 2:** Đầu vào: nums = [1,2,3,4] Đầu ra: false **Ví dụ 3:** Đầu vào: nums = [1,1,1,3,3,4,3,2,4,2] Đầu ra: true	1 &lt;= số.chiều dài &lt;= 10^5 -10^9 &lt;= số[i] &lt;= 10^9	2025-06-18 13:11:38.591042	\N
9	48	vi	Tổng của hai số nguyên	Cho hai số nguyên num1 và num2, hãy trả về tổng của chúng.	-1000 &lt;= số1, số2 &lt;= 1000	2025-06-20 02:13:16.973968	\N
10	49	vi	Tính tổng hai số nguyên	Viết một hàm nhận hai số nguyên a và b, sau đó trả về tổng của chúng. **Yêu cầu:** - Đầu vào: Hai số nguyên a và b - Đầu ra: Một số nguyên là tổng a + b - Hàm cần xử lý cả số dương, số âm và số 0 **Ví dụ:** - Đầu vào: a = 3, b = 5 → Đầu ra: 8 - Đầu vào: a = -2, b = 7 → Đầu ra: 5 - Đầu vào: a = 0, b = 0 → Đầu ra: 0	-10^9 ≤ a, b ≤ 10^9	2025-06-20 06:16:53.723492	\N
11	50	vi	Tổng của hai số nguyên	Cho hai số nguyên `num1` và `num2`, hãy trả về tổng của chúng. ## Ví dụ 1 ``` Đầu vào: num1 = 12, num2 = 5 Đầu ra: 17 Giải thích: Tổng của 12 và 5 là 17. ``` ## Ví dụ 2 ``` Đầu vào: num1 = -10, num2 = 4 Đầu ra: -6 Giải thích: Tổng của -10 và 4 là -6. ``` Ví dụ 2 Đầu vào: num1 = -10, num2 = 4 Đầu ra: -6 Giải thích: Tổng của -10 và 4 là -6.	-1000 &lt;= số1, số2 &lt;= 1000	2025-06-20 07:20:06.178359	\N
12	51	vi	Sự khác biệt của hai số nguyên	Cho hai số nguyên `num1` và `num2`, trả về hiệu của chúng (`num1 - num2`).	-1000 &lt;= số1, số2 &lt;= 1000	2025-06-20 07:43:28.353186	\N
13	52	vi	Tích của hai số nguyên	Cho hai số nguyên num1 và num2, trả về tích của chúng.	-1000 &lt;= số1, số2 &lt;= 1000	2025-06-20 11:39:55.485585	\N
46	87	vi	Palindrome hợp lệ	Một cụm từ là một từ hồi văn nếu sau khi chuyển đổi tất cả các chữ cái viết hoa thành chữ thường và xóa tất cả các ký tự không phải chữ số và chữ cái, nó đọc giống nhau từ trước ra sau. Các ký tự chữ số và chữ cái bao gồm các chữ cái và số. Cho một chuỗi s, trả về true nếu đó là một từ hồi văn, hoặc false nếu không. **Ví dụ 1:** ``` Đầu vào: s = &quot;A man, a plan, a canal: Panama&quot; Đầu ra: true Giải thích: &quot;amanaplanacanalpanama&quot; là một từ hồi văn. ``` **Ví dụ 2:** ``` Đầu vào: s = &quot;race a car&quot; Đầu ra: false Giải thích: &quot;raceacar&quot; không phải là một từ hồi văn. ``` **Ví dụ 3:** ``` Đầu vào: s = &quot; &quot; Đầu ra: true Giải thích: s là một chuỗi rỗng &quot;&quot; sau khi xóa các ký tự không phải chữ số và chữ cái. Vì một chuỗi rỗng đọc giống nhau từ trước ra sau, nên nó là một từ hồi văn. ```	1 ≤ s.length ≤ 2 * 10⁵, s chỉ bao gồm các ký tự ASCII có thể in được.	2025-06-20 19:41:11.266329	\N
47	85	vi	Hai Tổng	Cho một mảng các số nguyên `nums` và một số nguyên `target`, trả về các chỉ số của hai số sao cho tổng của chúng bằng target. Bạn có thể cho rằng mỗi đầu vào sẽ có đúng một giải pháp và bạn không được sử dụng cùng một phần tử hai lần. Bạn có thể trả về câu trả lời theo bất kỳ thứ tự nào. **Ví dụ 1:** ``` Đầu vào: nums = [2,7,11,15], target = 9 Đầu ra: [0,1] Giải thích: Vì nums[0] + nums[1] == 9, chúng ta trả về [0, 1]. ``` **Ví dụ 2:** ``` Đầu vào: nums = [3,2,4], target = 6 Đầu ra: [1,2] ``` **Ràng buộc:** - 2 ≤ nums.length ≤ 10⁴ - -10⁹ ≤ nums[i] ≤ 10⁹ - -10⁹ ≤ target ≤ 10⁹ - Chỉ có một câu trả lời hợp lệ.	2 ≤ số.length ≤ 10⁴, -10⁹ ≤ số[i] ≤ 10⁹, -10⁹ ≤ mục tiêu ≤ 10⁹	2025-06-20 19:41:12.8983	\N
48	86	vi	Số Fibonacci	Dãy số Fibonacci, thường được ký hiệu là F(n), tạo thành một dãy số, được gọi là dãy Fibonacci, trong đó mỗi số là tổng của hai số đứng trước, bắt đầu từ 0 và 1. F(0) = 0, F(1) = 1 F(n) = F(n - 1) + F(n - 2), với n &gt; 1. Cho n, hãy tính F(n). **Ví dụ 1:** ``` Đầu vào: n = 2 Đầu ra: 1 Giải thích: F(2) = F(1) + F(0) = 1 + 0 = 1. ``` **Ví dụ 2:** ``` Đầu vào: n = 3 Đầu ra: 2 Giải thích: F(3) = F(2) + F(1) = 1 + 1 = 2. ``` **Ví dụ 3:** ``` Đầu vào: n = 4 Đầu ra: 3 Giải thích: F(4) = F(3) + F(2) = 2 + 1 = 3. ```	0 ≤ n ≤ 30	2025-06-20 19:41:13.484386	\N
49	88	vi	Mảng con tối đa	Cho một mảng số nguyên nums, hãy tìm mảng con liền kề (chứa ít nhất một số) có tổng lớn nhất và trả về tổng của nó. Mảng con là một phần liền kề của một mảng. **Ví dụ 1:** ``` Đầu vào: nums = [-2,1,-3,4,-1,2,1,-5,4] Đầu ra: 6 Giải thích: [4,-1,2,1] có tổng lớn nhất = 6. ``` **Ví dụ 2:** ``` Đầu vào: nums = [1] Đầu ra: 1 ``` **Ví dụ 3:** ``` Đầu vào: nums = [5,4,-1,7,8] Đầu ra: 23 ``` **Theo dõi:** Nếu bạn đã tìm ra giải pháp O(n), hãy thử mã hóa một giải pháp khác bằng cách sử dụng phương pháp chia để trị, phương pháp này tinh tế hơn.	1 ≤ số.chiều dài ≤ 10⁵, -10⁴ ≤ số[i] ≤ 10⁴	2025-06-20 19:41:14.324758	\N
50	89	vi	Chuỗi đảo ngược	Viết một hàm đảo ngược một chuỗi. Chuỗi đầu vào được đưa ra dưới dạng một mảng các ký tự s. Bạn phải thực hiện điều này bằng cách sửa đổi mảng đầu vào tại chỗ với O(1) bộ nhớ bổ sung. **Ví dụ 1:** ``` Đầu vào: s = [&quot;h&quot;,&quot;e&quot;,&quot;l&quot;,&quot;l&quot;,&quot;o&quot;] Đầu ra: [&quot;o&quot;,&quot;l&quot;,&quot;l&quot;,&quot;e&quot;,&quot;h&quot;] ``` **Ví dụ 2:** ``` Đầu vào: s = [&quot;H&quot;,&quot;a&quot;,&quot;n&quot;,&quot;n&quot;,&quot;a&quot;,&quot;h&quot;] Đầu ra: [&quot;h&quot;,&quot;a&quot;,&quot;n&quot;,&quot;n&quot;,&quot;a&quot;,&quot;H&quot;] ```	1 ≤ s.length ≤ 10⁵, s[i] là một ký tự ASCII có thể in được.	2025-06-20 19:41:15.207082	\N
51	90	vi	Tìm kiếm nhị phân	Cho một mảng các số nguyên nums được sắp xếp theo thứ tự tăng dần và một mục tiêu số nguyên, hãy viết một hàm để tìm kiếm mục tiêu trong nums. Nếu mục tiêu tồn tại, thì trả về chỉ mục của mục tiêu đó. Nếu không, trả về -1. Bạn phải viết một thuật toán có độ phức tạp thời gian chạy là O(log n). **Ví dụ 1:** ``` Đầu vào: nums = [-1,0,3,5,9,12], mục tiêu = 9 Đầu ra: 4 Giải thích: 9 tồn tại trong nums và chỉ mục của nó là 4 ``` **Ví dụ 2:** ``` Đầu vào: nums = [-1,0,3,5,9,12], mục tiêu = 2 Đầu ra: -1 Giải thích: 2 không tồn tại trong nums nên trả về -1 ```	1 ≤ nums.length ≤ 10⁴, -10⁴ &lt; nums[i], target &lt; 10⁴, Tất cả các số nguyên trong nums là duy nhất, nums được sắp xếp theo thứ tự tăng dần.	2025-06-20 19:41:16.214217	\N
52	91	vi	Đếm số số nguyên tố trong khoảng [a, b]	Cho hai số nguyên dương a và b (a ≤ b). Đếm xem có bao nhiêu số nguyên tố nằm trong khoảng từ a đến b (bao gồm). ## Đầu vào - Một dòng chứa hai số nguyên a và b. ## Đầu ra - Một số nguyên duy nhất: số lượng các số nguyên tố nằm trong khoảng [a, b].	- 1 ≤ a ≤ b ≤ 10^6 - b - a ≤ 10^5	2025-06-20 20:48:51.174777	\N
53	92	vi	Tổng các số chẵn trong phạm vi [a, b]	Cho hai số nguyên dương a và b (a ≤ b). Tính tổng của tất cả các số chẵn trong phạm vi từ a đến b (bao gồm a và b).	- 1 ≤ a ≤ b ≤ 10^6 - b - a ≤ 10^5	2025-06-20 21:06:23.541538	\N
54	94	vi	Tính tổng số từ 1 đến n	Cho một số dương n. Vui lòng tính tổng tất cả các số chẵn trong đoạn từ 1 đến n (bao gồm cả số chẵn).	- 1 ≤ n ≤ 10^6	2025-07-18 19:49:12.907356	\N
\.


--
-- Data for Name: problems; Type: TABLE DATA; Schema: public; Owner: postgres
--

COPY public.problems (id, constraints, contest_id, created_at, default_memory_limit, default_time_limit, description, difficulty, title, created_by, updated_at, deleted_at, deleted_by, deleted) FROM stdin;
17	0 ≤ nums.length ≤ 10^4\n-10^4 ≤ nums[i] ≤ 10^4	\N	2025-05-29 21:12:33.144232	262144	1000	Cho một mảng số nguyên, hãy tính và trả về tổng của tất cả các số chẵn trong mảng. Nếu mảng không chứa số chẵn nào, trả về 0.\n\nĐầu vào:\n\nMột mảng số nguyên nums (0 ≤ nums.length ≤ 10^4, -10^4 ≤ nums[i] ≤ 10^4).\nĐầu ra:\n\nMột số nguyên là tổng của tất cả các số chẵn trong mảng.\nVí dụ:\n\nVí dụ 1:\n\nĐầu vào: nums = [1, 2, 3, 4, 6]\n\nĐầu ra: 12\n\n\nGiải thích: Các số chẵn là 2, 4, 6. Tổng = 2 + 4 + 6 = 12.\n\n\n\nVí dụ 2:\n\nĐầu vào: nums = [1, 3, 5]\n\nĐầu ra: 0\n\nGiải thích: Không có số chẵn nào, trả về 0.\n\nVí dụ 3:\nĐầu vào: nums = []\n\nĐầu ra: 0\n\nGiải thích: Mảng rỗng, trả về 0.\n	EASY	Tổng các số chẵn trong mảng	14	\N	2025-06-18 11:03:55.47013	1	t
16	dfadsf	\N	2025-05-28 21:29:08.39322	262144	1000	fasdfads	MEDIUM	adfadwfa	1	\N	2025-05-28 21:30:06.469775	1	t
18	- 1 ≤ a.length ≤ 10^5 \n\n- 10^4 ≤ a[i] ≤ 10^4\n\n- Dãy con liên tiếp phải có ít nhất một phần tử	\N	2025-06-03 08:05:28.649546	262144	1000	Cho một mảng số nguyên . Hãy tìm dãy con liên tiếp có tổng lớn nhất và trả về giá trị tổng đó. Dãy con liên tiếp phải có ít nhất một phần tử.\n\n### Input\n\n- Một mảng số nguyên `a` (1 ≤ a.length ≤ 10^5).\n- Các phần tử trong mảng `a[i]` nằm trong khoảng (-10^4 ≤ a[i] ≤ 10^4).\n\n### Output\n\n\n- Một số nguyên là tổng lớn nhất của dãy con liên tiếp.	MEDIUM	Tìm dãy con có tổng lớn nhất	1	\N	2025-06-18 11:03:59.135776	1	t
2	- 0 ≤ s.length ≤ 10^5\n- Chuỗi chỉ chứa ký tự ASCII	\N	2025-05-21 08:29:44.332277	262144	1000	Cho một chuỗi `s`. Hãy trả về chuỗi đảo ngược của nó.\n\n### Input\nMột chuỗi `s` (0 ≤ s.length ≤ 10^5, chỉ chứa ký tự ASCII).\n\n### Output\nChuỗi đảo ngược của `s`.	MEDIUM	Đảo ngược chuỗi	1	2025-05-26 12:37:49.547065	2025-05-28 20:55:45.74201	\N	t
15	fasdfad	\N	2025-05-28 21:12:46.271285	262144	1000	dfadsf	EASY	gadsfasdf	1	\N	2025-05-28 21:15:46.449078	1	t
7	- -10^9 ≤ a, b ≤ 10^9\n- Kết quả đảm bảo nằm trong phạm vi số nguyên 32-bit	\N	2025-05-23 05:47:16.272151	262144	1000	Cho hai số nguyên `a` và `b`. Hãy tính hiệu của chúng.\n Input\nHai số nguyên `a` và `b` (-10^9 ≤ a, b ≤ 10^9).\n\n Output\nHiệu của hai số `a` và `b`.	EASY	Hiệu 2 số nguyên 	14	2025-05-23 22:09:33.065652	2025-05-28 21:17:14.630197	1	t
14	- 0 ≤ s.length ≤ 10^5\n- Chuỗi chỉ chứa ký tự ASCII	\N	2025-05-26 12:44:44.866311	262144	1000	Cho một chuỗi `s`. Hãy trả về chuỗi đảo ngược của nó.\n\n### Input\nMột chuỗi `s` (0 ≤ s.length ≤ 10^5, chỉ chứa ký tự ASCII).\n\n### Output\nChuỗi đảo ngược của `s`.	easy	Đảo ngược chuỗi	1	\N	2025-05-28 21:25:32.390769	1	t
19	0 ≤ a.length ≤ 10^5\n-10^9 ≤ a[i] ≤ 10^9	\N	2025-06-04 09:01:31.287226	262144	1000	Cho một mảng số nguyên hãy kiểm tra xem mảng có đối xứng hay không\n\nInput: Một mảng số nguyên a (0 ≤ a.length ≤ 10^5, -10^9 ≤ a[i] ≤ 10^9).\n\noutput: true nếu mảng là đối xứng, false nếu không.	MEDIUM	Kiểm tra mảng đối xứng	1	\N	2025-06-04 09:13:26.225942	1	t
20	0 ≤ nums.length ≤ 10^5\n-10^9 ≤ nums[i] ≤ 10^9	\N	2025-06-04 09:16:31.687274	262144	1000	Cho một mảng số nguyên . Kiểm tra xem mảng có phải là đối xứng hay không.\n\nInput: Một mảng số nguyên nums (0 ≤ nums.length ≤ 10^5, -10^9 ≤ nums[i] ≤ 10^9).\n\n\nOutput: true nếu mảng là palindrome, false nếu không.	MEDIUM	Kiểm tra mảng đối xứng	1	\N	2025-06-04 09:21:47.938672	1	t
21	0 ≤ nums.length ≤ 10^5\n-10^9 ≤ nums[i] ≤ 10^9	\N	2025-06-04 09:23:13.127963	262144	1000	Cho một mảng số nguyên nums. Kiểm tra xem mảng có phải là palindrome hay không (tức là các phần tử đối xứng qua tâm mảng).	MEDIUM	Kiểm tra mảng đối xứng	1	\N	2025-06-04 09:28:49.810281	1	t
22	dfadfas	\N	2025-06-04 09:29:48.527896	262144	1000	fadfa	MEDIUM	adfads	1	\N	2025-06-04 10:00:24.301495	1	t
23	dfasdf	\N	2025-06-04 10:21:28.2399	262144	1000	dfasdfads	MEDIUM	fadsfds	14	\N	2025-06-04 10:21:59.202253	14	t
24	dáfgag	\N	2025-06-04 10:44:47.301338	262144	1000	gagsaf	MEDIUM	dfasgfsd	1	\N	2025-06-04 10:46:05.87132	1	t
4	- 0 ≤ s.length ≤ 10^5\n- Chuỗi chỉ chứa ký tự ASCII	\N	2025-05-21 08:30:11.220701	262144	1000	Cho một chuỗi `s`. Kiểm tra xem chuỗi có phải là palindrome hay không, bỏ qua khoảng trắng và phân biệt hoa thường.\n\n### Input\nMột chuỗi `s` (0 ≤ s.length ≤ 10^5, chỉ chứa ký tự ASCII).\n\n### Output\n`true` nếu chuỗi là palindrome, `false` nếu không.	medium	Kiểm tra chuỗi Palindrome	1	\N	2025-06-18 11:03:40.270233	1	t
5	- 1 ≤ nums.length ≤ 10^5\n- -10^9 ≤ nums[i] ≤ 10^9	\N	2025-05-21 08:30:57.045938	262144	1000	Cho một mảng số nguyên `nums`. Hãy tìm và trả về giá trị lớn thứ hai trong mảng. Nếu không có giá trị lớn thứ hai (mảng có ít hơn 2 phần tử khác nhau), trả về giá trị lớn nhất.\n\n### Input\nMột mảng số nguyên `nums` (1 ≤ nums.length ≤ 10^5, -10^9 ≤ nums[i] ≤ 10^9).\n\n### Output\nGiá trị lớn thứ hai hoặc giá trị lớn nhất nếu không tồn tại giá trị lớn thứ hai.	hard	Tìm giá trị lớn thứ hai trong mảng	1	\N	2025-06-18 11:03:43.913787	1	t
6	- -10^9 ≤ a, b ≤ 10^9\n- Kết quả đảm bảo nằm trong phạm vi số nguyên 32-bit	\N	2025-05-21 13:19:35.40094	262144	1000	Cho hai số nguyên `a` và `b`. Hãy tính tổng của chúng.\n\n### Input\nHai số nguyên `a` và `b` (-10^9 ≤ a, b ≤ 10^9).\n\n### Output\nTổng của hai số `a` và `b`.	easy	Tổng hai số nguyên	1	\N	2025-06-18 11:03:47.291053	1	t
1	- 1 ≤ nums.length ≤ 10^5\n- -10^9 ≤ nums[i] ≤ 10^9	\N	2025-05-21 08:29:33.274366	262144	1000	Cho một mảng số nguyên `nums`. Hãy tìm và trả về số lớn nhất trong mảng.\n\n### Input\nMột mảng số nguyên `nums` (1 ≤ nums.length ≤ 10^5, -10^9 ≤ nums[i] ≤ 10^9).\n\n### Output\nSố lớn nhất trong mảng.	EASY	Tìm số lớn nhất trong mảng số nguyên	1	2025-05-24 23:12:54.690171	2025-06-18 11:03:51.520201	1	t
25	dfasdfads	\N	2025-06-04 10:47:39.846908	262144	1000	adfds	MEDIUM	fadfdsaf	1	\N	2025-06-05 10:57:21.944564	1	t
27		\N	2025-06-05 14:43:17.738203	262144	1000	Cho một mảng số nguyên arr gồm n phần tử. Nhiệm vụ của bạn là tìm độ dài của dãy con tăng dài nhất (LIS - Longest Increasing Subsequence) trong mảng.\n\n\n·   \tDãy con tăng là một dãy các phần tử không nhất thiết phải liên tiếp, nhưng phải theo thứ tự tăng dần.\n\n\n·   \tVí dụ: Với mảng [10, 22, 9, 33, 21, 50, 41, 60, 80], dãy con tăng dài nhất là [10, 22, 33, 50, 60, 80] với độ dài là 6.	MEDIUM	Tìm Dãy Con Tăng Dài Nhất	1	\N	2025-06-05 14:46:00.744505	1	t
26		\N	2025-06-05 10:50:47.931256	262144	1000	Cho một mảng số nguyên arr gồm n phần tử. Nhiệm vụ của bạn là tìm độ dài của dãy con tăng dài nhất (LIS - Longest Increasing Subsequence) trong mảng.\n•\tDãy con tăng là một dãy các phần tử không nhất thiết phải liên tiếp, nhưng phải theo thứ tự tăng dần.\n•\tVí dụ: Với mảng [10, 22, 9, 33, 21, 50, 41, 60, 80], dãy con tăng dài nhất là [10, 22, 33, 50, 60, 80] với độ dài là 6.	MEDIUM	Tìm Dãy Con Tăng Dài Nhất	1	\N	2025-06-05 21:34:33.879703	1	t
28		\N	2025-06-05 17:36:59.791269	262144	1000	Cho một mảng số nguyên arr gồm n phần tử. Nhiệm vụ của bạn là tìm độ dài của dãy con tăng dài nhất (LIS - Longest Increasing Subsequence) trong mảng.\n\n\n·   \tDãy con tăng là một dãy các phần tử không nhất thiết phải liên tiếp, nhưng phải theo thứ tự tăng dần.\n\n\n·   \tVí dụ: Với mảng [10, 22, 9, 33, 21, 50, 41, 60, 80], dãy con tăng dài nhất là [10, 22, 33, 50, 60, 80] với độ dài là 6.	MEDIUM	Tìm Dãy Con Tăng Dài Nhất	1	\N	2025-06-05 21:34:39.852305	1	t
29	fdasfs	\N	2025-06-06 09:10:51.455822	262144	1000	ádfadsf	MEDIUM	fasdfsd	1	\N	2025-06-06 09:15:50.926952	1	t
31	fasfsaf	\N	2025-06-11 20:29:00.931744	262144	1000	Tổng mảng	EASY	Tổng mảng	1	\N	2025-06-11 20:29:20.517468	1	t
30		\N	2025-06-10 19:31:11.807073	262144	1000	fadfasd	MEDIUM	ầdsfd	1	\N	2025-06-11 20:30:26.801024	1	t
32	fafasdfas	\N	2025-06-11 20:31:26.349359	262144	1000	fadsfasdfa	EASY	Tổng mảng	1	\N	2025-06-11 20:31:58.889486	1	t
33	tổng	\N	2025-06-11 21:21:19.390561	262144	1000	tổng	MEDIUM	tổng các số trong mảng	1	\N	2025-06-11 21:24:22.328433	1	t
34		\N	2025-06-11 21:41:49.502502	262144	1000	tong mang	MEDIUM	tong mang	1	\N	2025-06-11 21:43:11.285001	1	t
40	2 <= nums.length <= 10^4\n             -10^9 <= nums[i] <= 10^9\n             -10^9 <= target <= 10^9\n             Only one valid answer exists.	\N	2025-06-18 04:02:42.258368	262144	5000	Given an array of integers nums and an integer target, return indices of the two numbers such that they add up to target.\n\n             You may assume that each input would have exactly one solution, and you may not use the same element twice.\n\n             You can return the answer in any order.\n\n             **Example 1:**\n             Input: nums = [2,7,11,15], target = 9\n             Output: [0,1]\n             Explanation: Because nums[0] + nums[1] == 9, we return [0, 1].\n\n             **Example 2:**\n             Input: nums = [3,2,4], target = 6\n             Output: [1,2]\n\n             **Example 3:**\n             Input: nums = [3,3], target = 6\n             Output: [0,1]	EASY	Two Sum	\N	\N	\N	\N	f
3	- 2 ≤ nums.length ≤ 10^4\n- -10^9 ≤ nums[i], target ≤ 10^9\n- Đảm bảo có đúng một cặp số thỏa mãn	\N	2025-05-21 08:29:59.078994	262144	1000	Cho một mảng số nguyên `nums` và một số nguyên `target`. Hãy trả về chỉ số của hai số trong mảng có tổng bằng `target`. Đảm bảo rằng luôn có đúng một cặp số thỏa mãn và không sử dụng cùng một phần tử hai lần.\n\n### Input\n- Một mảng số nguyên `nums` (2 ≤ nums.length ≤ 10^4).\n- Một số nguyên `target` (-10^9 ≤ target ≤ 10^9).\n\n### Output\nMảng chứa hai chỉ số `[i,j]` của hai số có tổng bằng `target`.	medium	Tìm cặp số có tổng bằng mục tiêu	1	\N	2025-06-18 11:03:36.546975	1	t
35	fsdafa	\N	2025-06-11 22:01:40.503699	262144	1000	fadsfasd	MEDIUM	fafasd	1	\N	2025-06-11 22:02:57.604724	1	t
36	fadfadsfadsfsdf	\N	2025-06-12 07:05:25.253038	262144	1000	fasdfadsfdasf	MEDIUM	dấdfdasfasdf	1	\N	2025-06-12 07:06:26.276185	1	t
37	fdasfasd	\N	2025-06-12 08:03:06.26823	262144	1000	fdsafadssd	MEDIUM	fadsfdsafdsa	1	\N	2025-06-12 08:03:25.597858	1	t
39	2 <= nums.length <= 10^4\n             -10^9 <= nums[i] <= 10^9\n             -10^9 <= target <= 10^9\n             Only one valid answer exists.	\N	2025-06-18 04:02:38.532135	262144	5000	Given an array of integers nums and an integer target, return indices of the two numbers such that they add up to target.\n\n             You may assume that each input would have exactly one solution, and you may not use the same element twice.\n\n             You can return the answer in any order.\n\n             **Example 1:**\n             Input: nums = [2,7,11,15], target = 9\n             Output: [0,1]\n             Explanation: Because nums[0] + nums[1] == 9, we return [0, 1].\n\n             **Example 2:**\n             Input: nums = [3,2,4], target = 6\n             Output: [1,2]\n\n             **Example 3:**\n             Input: nums = [3,3], target = 6\n             Output: [0,1]	EASY	Two Sum	\N	\N	2025-06-18 11:04:02.914562	1	t
38	1 <= nums.length <= 10^4\n         -10^4 < nums[i], target < 10^4\n         All the integers in nums are unique.\n         nums is sorted in ascending order.	\N	2025-06-18 03:56:33.973646	262144	5000	Given an array of integers nums which is sorted in ascending order, and an integer target, write a function to search target in nums. If target exists, then return its index. Otherwise, return -1.\n\n         You must write an algorithm with O(log n) runtime complexity.\n\n         **Example 1:**\n         Input: nums = [-1,0,3,5,9,12], target = 9\n         Output: 4\n         Explanation: 9 exists in nums and its index is 4\n\n         **Example 2:**\n         Input: nums = [-1,0,3,5,9,12], target = 2\n         Output: -1\n         Explanation: 2 does not exist in nums so return -1	EASY	Binary Search	\N	\N	2025-06-18 11:04:06.189007	1	t
41	0 <= s.length <= 5 * 10^4\n             s consists of English letters, digits, symbols and spaces.	\N	2025-06-18 04:04:27.80747	262144	5000	Given a string s, find the length of the longest substring without repeating characters.\n\n             **Example 1:**\n             Input: s = "abcabcbb"\n             Output: 3\n             Explanation: The answer is "abc", with the length of 3.\n\n             **Example 2:**\n             Input: s = "bbbbb"\n             Output: 1\n             Explanation: The answer is "b", with the length of 1.\n\n             **Example 3:**\n             Input: s = "pwwkew"\n             Output: 3\n             Explanation: The answer is "wke", with the length of 3.\n             Notice that the answer must be a substring, "pwke" is a subsequence and not a substring.	MEDIUM	Longest Substring Without Repeating Characters	\N	\N	\N	\N	f
42	1 <= s.length <= 10^4\n             s consists of parentheses only '()[]{}'.	\N	2025-06-18 04:04:39.336831	262144	5000	Given a string s containing just the characters '(', ')', '{', '}', '[' and ']', determine if the input string is valid.\n\n             An input string is valid if:\n             1. Open brackets must be closed by the same type of brackets.\n             2. Open brackets must be closed in the correct order.\n             3. Every close bracket has a corresponding open bracket of the same type.\n\n             **Example 1:**\n             Input: s = "()"\n             Output: true\n\n             **Example 2:**\n             Input: s = "()[]{}"\n             Output: true\n\n             **Example 3:**\n             Input: s = "(]"\n             Output: false	EASY	Valid Parentheses	\N	\N	\N	\N	f
43	1 <= nums.length <= 10^5\n             -10^4 <= nums[i] <= 10^4	\N	2025-06-18 04:04:59.108127	262144	5000	Given an integer array nums, find the subarray with the largest sum, and return its sum.\n\n             **Example 1:**\n             Input: nums = [-2,1,-3,4,-1,2,1,-5,4]\n             Output: 6\n             Explanation: The subarray [4,-1,2,1] has the largest sum 6.\n\n             **Example 2:**\n             Input: nums = [1]\n             Output: 1\n             Explanation: The subarray [1] has the largest sum 1.\n\n             **Example 3:**\n             Input: nums = [5,4,-1,7,8]\n             Output: 23\n             Explanation: The subarray [5,4,-1,7,8] has the largest sum 23.	MEDIUM	Maximum Subarray	\N	\N	\N	\N	f
44	-2^31 <= x <= 2^31 - 1	\N	2025-06-18 04:07:28.733695	262144	5000	Given an integer x, return true if x is a palindrome, and false otherwise.\n\n             **Example 1:**\n             Input: x = 121\n             Output: true\n             Explanation: 121 reads as 121 from left to right and from right to left.\n\n             **Example 2:**\n             Input: x = -121\n             Output: false\n             Explanation: From left to right, it reads -121. From right to left, it becomes 121-. Therefore it is not a palindrome.\n\n             **Example 3:**\n             Input: x = 10\n             Output: false\n             Explanation: Reads 01 from right to left. Therefore it is not a palindrome.\n\n             **Follow up:** Could you solve it without converting the integer to a string?	EASY	Palindrome Number	\N	\N	\N	\N	f
45	-2^31 <= x <= 2^31 - 1	\N	2025-06-18 04:07:39.752477	262144	5000	Given a signed 32-bit integer x, return x with its digits reversed. If reversing x causes the value to go outside the signed 32-bit integer range [-2^31, 2^31 - 1], then return 0.\n\n             Assume the environment does not allow you to store 64-bit integers (signed or unsigned).\n\n             **Example 1:**\n             Input: x = 123\n             Output: 321\n\n             **Example 2:**\n             Input: x = -123\n             Output: -321\n\n             **Example 3:**\n             Input: x = 120\n             Output: 21	MEDIUM	Reverse Integer	\N	\N	\N	\N	f
46	1 <= prices.length <= 10^5\n             0 <= prices[i] <= 10^4	\N	2025-06-18 04:07:47.736166	262144	5000	You are given an array prices where prices[i] is the price of a given stock on the ith day.\n\n             You want to maximize your profit by choosing a single day to buy one stock and choosing a different day in the future to sell that stock.\n\n             Return the maximum profit you can achieve from this transaction. If you cannot achieve any profit, return 0.\n\n             **Example 1:**\n             Input: prices = [7,1,5,3,6,4]\n             Output: 5\n             Explanation: Buy on day 2 (price = 1) and sell on day 5 (price = 6), profit = 6-1 = 5.\n             Note that buying on day 2 and selling on day 1 is not allowed because you must buy before you sell.\n\n             **Example 2:**\n             Input: prices = [7,6,4,3,1]\n             Output: 0\n             Explanation: In this case, no transactions are done and the max profit = 0.	EASY	Best Time to Buy and Sell Stock	\N	\N	\N	\N	f
47	1 <= nums.length <= 10^5\n             -10^9 <= nums[i] <= 10^9	\N	2025-06-18 04:07:57.547929	262144	5000	Given an integer array nums, return true if any value appears at least twice in the array, and return false if every element is distinct.\n\n             **Example 1:**\n             Input: nums = [1,2,3,1]\n             Output: true\n\n             **Example 2:**\n             Input: nums = [1,2,3,4]\n             Output: false\n\n             **Example 3:**\n             Input: nums = [1,1,1,3,3,4,3,2,4,2]\n             Output: true	EASY	Contains Duplicate	\N	\N	\N	\N	f
87	1 ≤ s.length ≤ 2 * 10⁵, s consists only of printable ASCII characters.	\N	2025-06-20 12:39:10.0101	262144	3000	A phrase is a palindrome if, after converting all uppercase letters into lowercase letters and removing all non-alphanumeric characters, it reads the same forward and backward. Alphanumeric characters include letters and numbers.\n\n         Given a string s, return true if it is a palindrome, or false otherwise.\n\n         **Example 1:**\n         ```\n         Input: s = "A man, a plan, a canal: Panama"\n         Output: true\n         Explanation: "amanaplanacanalpanama" is a palindrome.\n         ```\n\n         **Example 2:**\n         ```\n         Input: s = "race a car"\n         Output: false\n         Explanation: "raceacar" is not a palindrome.\n         ```\n\n         **Example 3:**\n         ```\n         Input: s = " "\n         Output: true\n         Explanation: s is an empty string "" after removing non-alphanumeric characters.\n         Since an empty string reads the same forward and backward, it is a palindrome.\n         ```	EASY	Valid Palindrome	1	\N	\N	\N	f
48	-1000 <= num1, num2 <= 1000	\N	2025-06-20 02:13:01.768481	262144	1000	Given two integers num1 and num2, return their sum.	EASY	Sum of Two Integers	1	2025-06-20 02:15:22.901524	2025-06-20 02:27:15.365654	1	t
49	-10^9 ≤ a, b ≤ 10^9	\N	2025-06-20 06:16:38.992432	262144	1000	Viết một hàm nhận vào hai số nguyên a và b, sau đó trả về tổng của chúng.\n\n**Yêu cầu:**\n- Input: Hai số nguyên a và b\n- Output: Một số nguyên là tổng a + b\n- Hàm cần xử lý được cả số dương, số âm và số 0\n\n**Ví dụ:**\n- Input: a = 3, b = 5 → Output: 8\n- Input: a = -2, b = 7 → Output: 5  \n- Input: a = 0, b = 0 → Output: 0	EASY	Tính tổng hai số nguyên	1	\N	2025-06-20 07:15:55.530181	1	t
50	-1000 <= num1, num2 <= 1000	\N	2025-06-20 07:19:51.926923	262144	1000	Given two integers `num1` and `num2`, return their sum.\n\n## Example 1\n\n```\nInput: num1 = 12, num2 = 5\nOutput: 17\nExplanation: The sum of 12 and 5 is 17.\n```\n\n## Example 2\n\n```\nInput: num1 = -10, num2 = 4\nOutput: -6\nExplanation: The sum of -10 and 4 is -6.\n```\nExample 2\n\nInput: num1 = -10, num2 = 4\nOutput: -6\nExplanation: The sum of -10 and 4 is -6.	EASY	Sum of Two Integers	1	\N	\N	\N	f
51	-1000 <= num1, num2 <= 1000	\N	2025-06-20 07:43:19.687959	262144	1000	Given two integers `num1` and `num2`, return their difference (`num1 - num2`).	EASY	Difference of Two Integers	1	\N	\N	\N	f
52	-1000 <= num1, num2 <= 1000	\N	2025-06-20 11:39:50.10027	262144	1000	Given two integers num1 and num2, return their product.	MEDIUM	Product of Two Integers	1	\N	\N	\N	f
86	0 ≤ n ≤ 30	\N	2025-06-20 12:39:10.0101	262144	2000	The Fibonacci numbers, commonly denoted F(n) form a sequence, called the Fibonacci sequence, such that each number is the sum of the two preceding ones, starting from 0 and 1.\n\n         F(0) = 0, F(1) = 1\n         F(n) = F(n - 1) + F(n - 2), for n > 1.\n\n         Given n, calculate F(n).\n\n         **Example 1:**\n         ```\n         Input: n = 2\n         Output: 1\n         Explanation: F(2) = F(1) + F(0) = 1 + 0 = 1.\n         ```\n\n         **Example 2:**\n         ```\n         Input: n = 3\n         Output: 2\n         Explanation: F(3) = F(2) + F(1) = 1 + 1 = 2.\n         ```\n\n         **Example 3:**\n         ```\n         Input: n = 4\n         Output: 3\n         Explanation: F(4) = F(3) + F(2) = 2 + 1 = 3.\n         ```	EASY	Fibonacci Number	1	\N	\N	\N	f
88	1 ≤ nums.length ≤ 10⁵, -10⁴ ≤ nums[i] ≤ 10⁴	\N	2025-06-20 12:39:10.0101	262144	4000	Given an integer array nums, find the contiguous subarray (containing at least one number) which has the largest sum and return its sum.\n\n         A subarray is a contiguous part of an array.\n\n         **Example 1:**\n         ```\n         Input: nums = [-2,1,-3,4,-1,2,1,-5,4]\n         Output: 6\n         Explanation: [4,-1,2,1] has the largest sum = 6.\n         ```\n\n         **Example 2:**\n         ```\n         Input: nums = [1]\n         Output: 1\n         ```\n\n         **Example 3:**\n         ```\n         Input: nums = [5,4,-1,7,8]\n         Output: 23\n         ```\n\n         **Follow up:** If you have figured out the O(n) solution, try coding another solution using the divide and conquer approach, which is more subtle.	MEDIUM	Maximum Subarray	1	\N	\N	\N	f
90	1 ≤ nums.length ≤ 10⁴, -10⁴ < nums[i], target < 10⁴, All the integers in nums are unique, nums is sorted in ascending order.	\N	2025-06-20 12:39:10.0101	262144	3000	Given an array of integers nums which is sorted in ascending order, and an integer target, write a function to search target in nums. If target exists, then return its index. Otherwise, return -1.\n\n         You must write an algorithm with O(log n) runtime complexity.\n\n         **Example 1:**\n         ```\n         Input: nums = [-1,0,3,5,9,12], target = 9\n         Output: 4\n         Explanation: 9 exists in nums and its index is 4\n         ```\n\n         **Example 2:**\n         ```\n         Input: nums = [-1,0,3,5,9,12], target = 2\n         Output: -1\n         Explanation: 2 does not exist in nums so return -1\n         ```	EASY	Binary Search	1	\N	\N	\N	f
91	- 1 ≤ a ≤ b ≤ 10^6\n- b - a ≤ 10^5	\N	2025-06-20 20:48:47.830278	262144	1000	Given two positive integers a and b (a ≤ b). Count how many prime numbers are in the range from a to b (inclusive).\n\n## Input\n\n- A single line contains two integers a and b.\n\n## Output\n\n- A single integer: the number of prime numbers in the range [a, b].	MEDIUM	Count the Number of Primes in the Range [a, b]	1	\N	2025-06-20 20:55:21.749638	1	t
92	- 1 ≤ a ≤ b ≤ 10^6\n- b - a ≤ 10^5	\N	2025-06-20 21:05:30.000478	262144	1000	Given two positive integers a and b (a ≤ b). Calculate the sum of all even numbers in the range from a to b (inclusive).	EASY	Sum of Even Numbers in the Range [a, b]	1	\N	2025-06-20 21:15:10.10889	1	t
89	1 ≤ s.length ≤ 10⁵, s[i] is a printable ascii character.	\N	2025-06-20 12:39:10.0101	262144	2000	Write a function that reverses a string. The input string is given as an array of characters s.\n\n         You must do this by modifying the input array in-place with O(1) extra memory.\n\n         **Example 1:**\n         \n         Input: s = ["h","e","l","l","o"]\n         Output: ["o","l","l","e","h"]\n        \n\n         **Example 2:**\n         \n         Input: s = ["H","a","n","n","a","h"]\n         Output: ["h","a","n","n","a","H"]\n         	EASY	Reverse String	1	\N	2025-06-21 05:48:30.377124	1	t
93	- 1 ≤ n ≤ 10^6	\N	2025-07-16 09:40:02.080553	262144	1000	Cho một số nguyên dương n. Hãy tính tổng tất cả các số chẵn trong đoạn từ 1 đến n (bao gồm cả n nếu n chẵn).	MEDIUM	Tính tổng các số chẵn từ 1 đến n	1	\N	2025-07-16 09:41:46.196369	1	t
85	2 ≤ nums.length ≤ 10⁴, -10⁹ ≤ nums[i] ≤ 10⁹, -10⁹ ≤ target ≤ 10⁹	\N	2025-06-20 12:39:10.0101	262144	5000	Given an array of integers `nums` and an integer `target`, return indices of the two numbers such that they add up to target.\n\n         You may assume that each input would have exactly one solution, and you may not use the same element twice.\n\n         You can return the answer in any order.\n\n         **Example 1:**\n         ```\n         Input: nums = [2,7,11,15], target = 9\n         Output: [0,1]\n         Explanation: Because nums[0] + nums[1] == 9, we return [0, 1].\n         ```\n\n         **Example 2:**\n         ```\n         Input: nums = [3,2,4], target = 6\n         Output: [1,2]\n         ```\n\n         **Constraints:**\n         - 2 ≤ nums.length ≤ 10⁴\n         - -10⁹ ≤ nums[i] ≤ 10⁹\n         - -10⁹ ≤ target ≤ 10⁹\n         - Only one valid answer exists.	EASY	Two Sum	1	\N	2025-07-16 09:41:55.207998	1	t
94	- 1 ≤ n ≤ 10^6	\N	2025-07-17 09:23:54.048573	262144	1000	Cho một số nguyên dương n. Hãy tính tổng tất cả các số chẵn trong đoạn từ 1 đến n (bao gồm cả n nếu n chẵn).	MEDIUM	Tính tổng các số chẵn từ 1 đến n	1	\N	\N	\N	f
\.


--
-- Data for Name: submissions; Type: TABLE DATA; Schema: public; Owner: postgres
--

COPY public.submissions (id, compile_error, completed_at, execution_environment, language, memory_used_kb, passed_test_cases, queue_message_id, runtime_ms, score, source_code, status, submitted_at, total_test_cases, contest_id, problem_id, user_id) FROM stdin;
16		2025-05-21 19:26:22.639579	\N	java	0	0	fa58dea0-b8cb-4343-878c-08927164a3f1	0	0	public class Solution {\n    public int sum(int a, int b) {\n        return a + b;\n    }\n}	WRONG_ANSWER	2025-05-21 19:26:16.905387	6	\N	6	1
7		2025-05-21 17:14:56.456741	java-runner	java	0	0	28d0d28d-570b-400f-9745-a6aa6e0eb724	1348	0	public class Solution {\n    public int sum(int a, int b) {\n        return a + b;\n    }\n}	WRONG_ANSWER	2025-05-21 17:10:39.676127	6	\N	6	1
2		2025-05-21 12:11:18.690424	java-runner	java	0	0	83f46bdf-b0b5-4928-822a-014d087a51ae	2655	0	public class Solution {\n    public int findMax(int[] nums) {\n        int max = nums[0];\n        for (int num : nums) {\n            if (num > max) max = num;\n        }\n        return max;\n    }\n}	WRONG_ANSWER	2025-05-21 11:08:14.127135	4	\N	1	1
1		2025-05-21 12:11:21.082337	java-runner	java	0	0	87363372-c0ee-4310-9a4f-a8574e7a9477	1917	0	public class Solution {\n    public int findMax(int[] nums) {\n        int max = nums[0];\n        for (int num : nums) {\n            if (num > max) max = num;\n        }\n        return max;\n    }\n}	WRONG_ANSWER	2025-05-21 11:06:26.4335	4	\N	1	1
8		2025-05-21 17:15:32.143669	java-runner	java	0	6	968a97b1-7a7e-4943-8096-b6a6c6fbfc04	807	6	public class Solution {\n    public int sum(int a, int b) {\n        return a + b;\n    }\n}	ACCEPTED	2025-05-21 17:15:21.633725	6	\N	6	1
4		2025-05-21 17:07:51.753933	java-runner	java	0	0	65421724-707f-4e82-8eab-0cb1813b1a5c	2930	0	public class Solution {\n    public int sum(int a, int b) {\n        return a + b;\n    }\n}	WRONG_ANSWER	2025-05-21 13:24:21.464995	6	\N	6	1
19		2025-05-21 19:31:54.081058	\N	java	0	1	10fbe34b-97be-4cb8-ac3b-cb477396fa57	1112	1	public class Solution {\n    public int sum(int a, int b) {\n        return a + b;\n    }\n}	WRONG_ANSWER	2025-05-21 19:31:41.692883	6	\N	6	1
5		2025-05-21 17:08:00.371389	java-runner	java	0	0	7fa2d206-1884-4c64-b324-f8b5af027e17	1022	0	public class Solution {\n    public int sum(int a, int b) {\n        return a + b;\n    }\n}	WRONG_ANSWER	2025-05-21 17:07:53.774397	6	\N	6	1
10		2025-05-21 19:07:03.787014	java-runner	java	0	0	622403a2-e052-42f1-854c-9586d4890c06	1233	0	public class Solution {\n    public int sum(int a, int b) {\n        return a + b;\n    }\n}	WRONG_ANSWER	2025-05-21 18:47:52.140648	6	\N	6	1
6		2025-05-21 17:08:15.712882	java-runner	java	0	6	36a8b425-99c4-4fd4-acc4-18e590fb2768	811	6	public class Solution {\n    public int sum(int a, int b) {\n        return a + b;\n    }\n}	ACCEPTED	2025-05-21 17:08:05.457245	6	\N	6	1
17		2025-05-21 19:29:40.708658	\N	java	0	4	06fde54c-1d1d-4c14-a80a-29e585f4d730	1235	4	public class Solution {\n    public int sum(int a, int b) {\n        return a + b;\n    }\n}	WRONG_ANSWER	2025-05-21 19:29:26.857269	6	\N	6	1
14		2025-05-21 19:25:36.722796	\N	java	0	0	2bd8ff3e-2ba9-4ac9-a07f-908a6cc06648	0	0	public class Solution {\n    public int sum(int a, int b) {\n        return a + b;\n    }\n}	WRONG_ANSWER	2025-05-21 19:19:19.690539	6	\N	6	1
9		2025-05-21 19:07:09.005923	java-runner	java	0	4	43d9bb5a-ed1a-4736-a32d-ec05c117b4bb	886	4	public class Solution {\n    public int sum(int a, int b) {\n        return a + b;\n    }\n}	WRONG_ANSWER	2025-05-21 18:47:36.596915	6	\N	6	1
13		2025-05-21 19:25:37.257632	\N	java	0	0	0a36a0ac-a6bd-4b17-aaa7-0944d16f8b57	0	0	public class Solution {\n    public int sum(int a, int b) {\n        return a +b;\n    }\n}	WRONG_ANSWER	2025-05-21 19:18:28.585479	6	\N	6	13
3		2025-05-21 19:25:37.693223	cpp-runner	cpp	0	0	29060ca7-ab4e-4b49-8628-3cc85da82c07	0	0	#include <vector>\nusing namespace std;\n\nclass Solution {\npublic:\n    int findMax(vector<int> nums) {\n        int max = nums[0];\n        for (int num : nums) {\n            if (num > max) {\n                max = num;\n            }\n        }\n        return max;\n    }\n};	WRONG_ANSWER	2025-05-21 13:16:03.209225	4	\N	1	1
11		2025-05-21 19:07:36.372893	cpp-runner	cpp	0	0	616c6955-40a3-4dcb-b157-bcde763c73b7	695	0	int sum(int a, int b) {\n    return a + b;\n}	WRONG_ANSWER	2025-05-21 19:07:30.153653	6	\N	6	13
12		2025-05-21 19:25:38.080203	\N	java	0	0	54c3e714-4783-4bdc-9143-c6e966ab2742	0	0	public class Solution {\n    public int sum(int a, int b) {\n        return a + b;\n    }\n}	WRONG_ANSWER	2025-05-21 19:07:58.008623	6	\N	6	13
21		2025-05-21 19:56:45.554323	\N	java	6144	2	f2875187-d8eb-4939-9a53-42ae8d180eff	1160	2	public class Solution {\n    public int sum(int a, int b) {\n        return a + b;\n    }\n}	WRONG_ANSWER	2025-05-21 19:56:32.3268	6	\N	6	1
15		2025-05-21 19:25:48.66615	\N	java	0	0	2cbbfd21-9e6b-43a6-bf65-275aafcfcc15	0	0	public class Solution {\n    public int sum(int a, int b) {\n        return a + b;\n    }\n}	WRONG_ANSWER	2025-05-21 19:23:42.756153	6	\N	6	1
18		2025-05-21 19:30:59.944795	\N	java	0	5	f9b5010d-41b9-44cc-803e-cbc2063c12e2	869	5	public class Solution {\n    public int sum(int a, int b) {\n        return a + b;\n    }\n}	WRONG_ANSWER	2025-05-21 19:30:48.800458	6	\N	6	13
20		2025-05-21 19:44:15.968962	\N	java	6144	5	420e04b5-ad53-4b63-8fab-17d5d67e2cce	939	5	public class Solution {\n    public int sum(int a, int b) {\n        return a + b;\n    }\n}	WRONG_ANSWER	2025-05-21 19:44:04.385393	6	\N	6	1
25		2025-05-21 20:15:22.869137	\N	java	6144	2	feddbd53-4438-4efd-b1c4-53e5e5c88481	1136	2	public class Solution {\n    public int sum(int a, int b) {\n        return a + b;\n    }\n}	WRONG_ANSWER	2025-05-21 20:15:09.884359	6	\N	6	13
23		2025-05-21 20:02:41.754695	\N	java	6144	5	3dabdec7-9617-4f5d-b7d4-e3990d11ac80	944	5	public class Solution {\n    public int sum(int a, int b) {\n        return a +b ;\n    }\n}	WRONG_ANSWER	2025-05-21 20:02:30.642784	6	\N	6	13
22		2025-05-21 20:01:57.406183	\N	cpp	6144	0	78528ca7-130f-46e3-9eae-5dcaefbe9c4a	528	0	int sum(int a, int b) {\n    return a +b ;\n}	WRONG_ANSWER	2025-05-21 20:01:48.335873	6	\N	6	13
24		2025-05-21 20:08:06.479511	\N	cpp	6144	0	008fb02b-f0b9-45c4-a8ff-9291fafb6253	495	0	int sum(int a, int b) {\n    return a +b ;\n}	WRONG_ANSWER	2025-05-21 20:07:57.516654	6	\N	6	13
26		2025-05-21 20:20:06.818688	\N	cpp	6144	0	20e70ee2-906a-45c6-b948-d4f1184686db	747	0	int sum(int a, int b) {\n    return a +b;\n}	WRONG_ANSWER	2025-05-21 20:19:56.32913	6	\N	6	13
27		2025-05-21 20:20:42.343863	\N	java	6144	3	23f7926a-3889-47e8-99d5-cade4db32a90	1134	3	public class Solution {\n    public int sum(int a, int b) {\n        return a +b;\n    }\n}	WRONG_ANSWER	2025-05-21 20:20:30.02325	6	\N	6	13
28		2025-05-21 20:23:18.939024	\N	java	6144	4	a7467d14-aa23-4d51-8482-f6c7b895e80b	1051	4	public class Solution {\n    public int sum(int a, int b) {\n        return a +b ;\n    }\n}	WRONG_ANSWER	2025-05-21 20:23:06.635639	6	\N	6	13
29		2025-05-22 05:25:25.78905	\N	java	6144	6	6aab5f35-bf4b-43d5-91c6-ae5fa8853b5e	1113	6	public class Solution {\n    public int sum(int a, int b) {\n        return a + b;\n    }\n}	ACCEPTED	2025-05-22 05:25:12.867607	6	\N	6	14
41		2025-05-22 20:48:36.486592	\N	java	6144	6	1b661806-163f-4e09-b1c2-792c1dc4de88	1327	6	public class Solution {\n    public int sum(int a, int b) {\n        return a +b;\n    }\n}	ACCEPTED	2025-05-22 20:48:22.399835	6	\N	6	14
30		2025-05-22 05:40:10.114452	\N	cpp	6144	0	993c5b3c-49ea-4d38-a342-8860384a507c	615	0	int sum(int a, int b) {\n    return a +b ;\n}	WRONG_ANSWER	2025-05-22 05:40:00.28692	6	\N	6	14
36		2025-05-22 20:08:05.836667	\N	cpp	6144	0	4f78d69a-f7c0-415a-b501-6e6157caf5d2	7182	0	int sum(int a, int b) {\n    return a +b;\n}	WRONG_ANSWER	2025-05-22 20:07:16.783677	6	\N	6	14
31		2025-05-22 06:23:45.017592	\N	java	6144	6	ef0a2771-97b2-49e5-9722-01f9a8a308cb	1137	6	public class Solution {\n    public int sum(int a, int b) {\n        return a +b;\n    }\n}	ACCEPTED	2025-05-22 06:23:32.185531	6	\N	6	14
45		2025-05-22 21:33:22.732509	\N	python	6144	0	7e660997-72bc-4643-a8c8-ea520ecd2500	409	0	def sum(a: int, b: int):\n    return a +b 	WRONG_ANSWER	2025-05-22 21:33:14.411211	6	\N	6	14
32		2025-05-22 07:52:44.257272	\N	java	6144	6	b1a9fc64-2837-4966-988d-9be1c0010f58	1125	6	public class Solution {\n    public int sum(int a, int b) {\n        return a +b ;\n    }\n}	ACCEPTED	2025-05-22 07:52:31.032562	6	\N	6	14
37		2025-05-22 20:08:59.309548	\N	java	6144	6	dde7a51b-f52c-4af4-9e6c-a5d8a98785b2	939	6	public class Solution {\n    public int sum(int a, int b) {\n        return a +b;\n    }\n}	ACCEPTED	2025-05-22 20:08:47.805371	6	\N	6	14
33		2025-05-22 08:00:26.917806	\N	java	6144	6	bea85777-fdd1-4f4c-a99d-b1a14f792e0e	950	6	public class Solution {\n    public int sum(int a, int b) {\n        return a + b;\n    }\n}	ACCEPTED	2025-05-22 08:00:15.298338	6	\N	6	14
42		2025-05-22 20:54:13.757298	\N	java	6144	6	e5ca55dd-3ac2-4e06-8ac6-d22639ff416c	1048	6	public class Solution {\n    public int sum(int a, int b) {\n        return a +b ;\n    }\n}	ACCEPTED	2025-05-22 20:54:01.479981	6	\N	6	14
34		2025-05-22 08:12:14.130771	\N	java	6144	6	15dc624d-f1de-4f23-997e-49f37dec16f2	914	6	public class Solution {\n    public int sum(int a, int b) {\n        return a + b;\n    }\n}	ACCEPTED	2025-05-22 08:12:02.55789	6	\N	6	14
38		2025-05-22 20:18:13.767325	\N	java	6144	6	814c3cf8-b03b-4d73-84fa-91830339dc80	1028	6	public class Solution {\n    public int sum(int a, int b) {\n        return a +b;\n    }\n}	ACCEPTED	2025-05-22 20:18:01.650724	6	\N	6	14
35		2025-05-22 20:06:33.742739	\N	java	4096	2	220a26e4-d9f2-4b9f-a988-f9ced6661074	1117	2	public class Solution {\n    public int findSecondMax(int[] a) {\n        // Khởi tạo giá trị lớn nhất và lớn thứ hai\n        Integer first = null;\n        Integer second = null;\n\n        for (int num : a) {\n            if (first == null || num > first) {\n                second = first;\n                first = num;\n            } else if (num != first && (second == null || num > second)) {\n                second = num;\n            }\n        }\n\n        // Nếu không có giá trị lớn thứ hai, trả về giá trị lớn nhất\n        return (second != null) ? second : first;\n    }\n}\n	WRONG_ANSWER	2025-05-22 20:06:23.27648	4	\N	5	14
39		2025-05-22 20:26:59.089066	\N	java	6144	6	b551b4b6-9f6b-47a7-a8ad-c94e2bca93d9	1415	6	public class Solution {\n    public int sum(int a, int b) {\n        return a +b;\n    }\n}	ACCEPTED	2025-05-22 20:26:44.32589	6	\N	6	14
43		2025-05-22 21:05:30.239198	\N	java	6144	6	cb232585-1983-4fb3-ab5c-2c53d1beed63	1586	6	public class Solution {\n    public int sum(int a, int b) {\n       return a +b ;\n    }\n}	ACCEPTED	2025-05-22 21:05:14.499231	6	2	6	14
40		2025-05-22 20:29:20.283503	\N	java	6144	6	427d030f-92a1-4d81-9249-3c12f8ec8f3f	1157	6	public class Solution {\n    public int sum(int a, int b) {\n        return a +b ;\n    }\n}	ACCEPTED	2025-05-22 20:29:07.031132	6	\N	6	14
46		2025-05-22 21:34:07.423205	\N	python	6144	0	c0619df8-02bc-4453-bd9b-374de4b0acf7	386	0	def sum(a: int, b: int):\n    return a +b 	WRONG_ANSWER	2025-05-22 21:33:59.185187	6	\N	6	14
51		2025-05-22 21:56:24.47263	\N	cpp	6144	0	ab65dc8f-bc01-4898-a65d-a51f7161b8f7	766	0	int sum(int a, int b) {\n   return a +b ;\n}	WRONG_ANSWER	2025-05-22 21:56:13.830446	6	\N	6	14
44		2025-05-22 21:05:43.987401	\N	java	6144	6	1f96a76c-3911-4a88-9101-10058db111c5	1002	6	public class Solution {\n    public int sum(int a, int b) {\n       return a +b ;\n    }\n}	ACCEPTED	2025-05-22 21:05:32.426767	6	2	6	14
49		2025-05-22 21:38:53.162107	\N	python	6144	0	968ad69a-8beb-4fb5-9091-dbe029bccd0b	253	0	def sum(a: int, b: int):\n   return a +b	WRONG_ANSWER	2025-05-22 21:38:45.894457	6	\N	6	14
47		2025-05-22 21:35:21.562298	\N	javascript	6144	0	fc15d5b9-7f5e-49e6-847a-c7a0335bfb20	250	0	function sum(a, b) {\n    return a + b;\n}	WRONG_ANSWER	2025-05-22 21:35:14.201153	6	\N	6	14
54		2025-05-23 08:36:06.168626	\N	java	0	0	732d5d61-c074-4bb5-a6f0-e1a8c0bc5221	0	0	public class Solution {\n    public int sum(int a, int b) {\n        return a -b ;\n    }\n}	WRONG_ANSWER	2025-05-23 08:35:59.03728	6	\N	6	1
48		2025-05-22 21:37:39.323013	\N	cpp	6144	0	47f73202-709a-4c14-be22-1a0ff5bb7ae4	402	0	int sum(int a, int b) {\n    return a + b;\n}	WRONG_ANSWER	2025-05-22 21:37:31.006305	6	\N	6	14
50		2025-05-22 21:40:02.973939	\N	cpp	6144	0	82fd173b-1891-46bc-a041-d67a1fb5d83d	353	0	int sum(int a, int b) {\n    return a +b ;\n}	WRONG_ANSWER	2025-05-22 21:39:55.044458	6	\N	6	14
55		2025-05-23 08:36:47.575354	\N	java	6144	6	acbec008-8de6-45d1-9668-98e4aafb6d54	831	6	public class Solution {\n    public int sum(int a, int b) {\n       return a +b;\n    }\n}	ACCEPTED	2025-05-23 08:36:37.056166	6	\N	6	1
53		2025-05-23 08:08:58.341337	\N	python	1024	0	486a1ee6-f4f5-4f1f-9282-40148d9349f9	987	0	def sub(a: int):\n    return a -b;	WRONG_ANSWER	2025-05-23 08:08:51.433	1	\N	7	1
52		2025-05-22 21:56:59.501942	\N	python	6144	6	3b585443-e76e-4e67-91c4-8ac16a290c19	642	6	def sum(a: int, b: int):\n    return a +b;	ACCEPTED	2025-05-22 21:56:49.989144	6	\N	6	14
56		2025-05-23 08:38:49.703653	\N	java	6144	5	510fa366-8e19-427b-bef0-c37d96e8ea02	814	5	public class Solution {\n    public int sum(int a, int b) {\n       return a +b ;\n    }\n}	WRONG_ANSWER	2025-05-23 08:38:38.999286	6	2	6	14
57		2025-05-23 08:39:47.315387	\N	java	6144	5	a699f592-9d37-4280-a632-741ed80303b6	809	5	public class Solution {\n    public int sum(int a, int b) {\n        return a +b ;\n    }\n}	WRONG_ANSWER	2025-05-23 08:39:36.683636	6	\N	6	15
76		2025-05-25 03:37:31.469551	\N	python	6144	6	31fd2c82-7b8d-4cd6-92c8-083d83354d11	201	6	def sum(a: int, b: int):\n    return a + b;	ACCEPTED	2025-05-25 03:37:24.82494	6	2	6	14
58		2025-05-23 08:40:02.521787	\N	java	6144	5	b41629a9-717c-4150-8863-947c1b41b0e6	975	5	public class Solution {\n    public int sum(int a, int b) {\n        return a +b ;\n    }\n}	WRONG_ANSWER	2025-05-23 08:39:51.148905	6	\N	6	15
66		2025-05-24 18:37:47.554284	\N	cpp	6144	0	047e2123-0a56-472d-9235-b69154097ea9	519	0	int sum(int a, int b) {\n   return a + b;\n}	WRONG_ANSWER	2025-05-24 18:37:38.40876	6	\N	6	1
59		2025-05-23 08:51:08.367607	\N	java	6144	5	d7888904-351c-4bb3-a81b-a870dcbacdfa	931	5	public class Solution {\n    public int sum(int a, int b) {\n        return a +b ;\n    }\n}	WRONG_ANSWER	2025-05-23 08:50:56.833525	6	\N	6	1
72		2025-05-25 02:59:35.306218	\N	java	1024	0	9d742da0-d49c-4972-86ee-2ef542ab2d47	923	0	public class Solution {\n    public int sum(int a, int b) {\n        return a;\n    }\n}	WRONG_ANSWER	2025-05-25 02:59:27.894594	6	\N	6	1
60		2025-05-23 08:51:59.861384	\N	java	6144	6	72442b58-f067-483f-9574-70d32bf7ec7b	932	6	public class Solution {\n    public int sum(int a, int b) {\n       return a +b ;\n    }\n}	ACCEPTED	2025-05-23 08:51:48.751996	6	\N	6	1
67		2025-05-24 18:38:59.347955	\N	cpp	6144	0	be93bd2f-b141-4585-beb7-27883e6d29ce	503	0	int sum(int a, int b) {\n    // Write your code here\n}	WRONG_ANSWER	2025-05-24 18:38:50.422677	6	\N	6	1
61		2025-05-23 10:54:21.780948	\N	java	6144	5	bae4e52a-6b57-4b09-b624-5ec113a910cd	979	5	public class Solution {\n    public int sum(int a, int b) {\n        return a +b ;\n    }\n}	WRONG_ANSWER	2025-05-23 10:54:09.918591	6	\N	6	1
78		2025-05-26 12:34:48.781288	\N	java	4096	0	37676690-5f2d-44d8-9e5a-a30fa28d75af	819	0	public class Solution {\n    public string reverseString(string a) {\n        char[] chars = a.toCharArray();\n        int left = 0, right = a.length() - 1;\n        while (left < right) {\n            char temp = chars[left];\n            chars[left] = chars[right];\n            chars[right] = temp;\n            left++;\n            right--;\n        }\n        return new String(chars);\n    }\n}	WRONG_ANSWER	2025-05-26 12:34:40.004282	4	\N	2	13
62		2025-05-23 10:54:36.046174	\N	java	6144	5	19d5356d-de58-42f3-b64e-56b97fbb1a99	881	5	public class Solution {\n    public int sum(int a, int b) {\n        return a +b ;\n    }\n}	WRONG_ANSWER	2025-05-23 10:54:25.219316	6	\N	6	1
68		2025-05-24 18:39:12.027127	\N	java	6144	6	55850f90-1e15-4b4e-9bb4-b947136ae453	851	6	public class Solution {\n    public int sum(int a, int b) {\n       return a +b;\n    }\n}	ACCEPTED	2025-05-24 18:39:01.394584	6	\N	6	1
63		2025-05-23 10:55:28.525051	\N	java	6144	6	cfc8e6e0-0ab2-4794-9775-1cfd507a872f	816	6	public class Solution {\n    public int sum(int a, int b) {\n     return a +b ;\n    }\n}	ACCEPTED	2025-05-23 10:55:18.008829	6	2	6	14
73		2025-05-25 03:35:27.548269	\N	python	1024	0	aeb432c0-3602-4a78-b9ee-b08703870c77	659	0	def sum(a: int, b: int):\n    return a ;	WRONG_ANSWER	2025-05-25 03:35:20.902235	6	2	6	14
64		2025-05-23 22:10:33.639792	\N	java	2048	0	8ac0dc8c-a41d-47a0-8580-635ac8e900f6	1277	0	public class Solution {\n    public boolean findTargetInRange(int a, int b) {\n        return a -b;\n    }\n}	WRONG_ANSWER	2025-05-23 22:10:25.217727	2	\N	7	1
69		2025-05-24 18:40:13.620605	\N	java	1024	0	6fd8153a-a068-42f0-979e-ec954ae1af2e	872	0	public class Solution {\n    public int sum(int a, int b) {\n       return a ;\n    }\n}	WRONG_ANSWER	2025-05-24 18:40:06.457955	6	\N	6	1
65		2025-05-23 22:13:33.530879	\N	java	2048	0	335702ba-46bd-4a81-8434-c14190fab8cf	2873	0	public class Solution {\n    public boolean findTargetInRange(int a, int b) {\n      return a -b ;\n    }\n}	WRONG_ANSWER	2025-05-23 22:13:21.459685	2	\N	7	1
77		2025-05-26 12:33:49.219248	\N	python	4096	4	0d3cea6e-9410-4dc7-9d35-4c40b51098f4	423	4	def reverse_string(a: str):\n    return a[::-1]	ACCEPTED	2025-05-26 12:33:41.651069	4	\N	2	13
70		2025-05-25 02:57:00.940543	\N	java	6144	5	a1d726c8-c076-430e-b597-6d029780403c	951	5	public class Solution {\n    public int sum(int a, int b) {\n        return a +b;\n    }\n}	WRONG_ANSWER	2025-05-25 02:56:49.20683	6	\N	6	1
74		2025-05-25 03:35:39.946526	\N	python	1024	0	74278dc8-1b9c-4ff1-9556-cfbf02512f0f	286	0	def sum(a: int, b: int):\n    return a ;	WRONG_ANSWER	2025-05-25 03:35:34.15105	6	2	6	14
71		2025-05-25 02:57:15.486177	\N	java	6144	6	4003fe81-51fc-4df0-8118-70ab0b6b164f	771	6	public class Solution {\n    public int sum(int a, int b) {\n        return a +b;\n    }\n}	ACCEPTED	2025-05-25 02:57:05.33933	6	\N	6	1
79		2025-05-26 12:36:20.471394	\N	java	4096	0	9faf264b-d3e8-48d8-8e44-4b681e939793	785	0	public class Solution {\n    public String reverseString(String s) {\n        char[] chars = s.toCharArray();\n        int left = 0, right = s.length() - 1;\n        while (left < right) {\n            char temp = chars[left];\n            chars[left] = chars[right];\n            chars[right] = temp;\n            left++;\n            right--;\n        }\n        return new String(chars);\n    }\n}	WRONG_ANSWER	2025-05-26 12:36:11.525978	4	\N	2	13
75		2025-05-25 03:37:19.754985	\N	python	6144	6	956a9eff-7f4b-49b6-9273-ce411bd59fdc	245	6	def sum(a: int, b: int):\n    return a + b;	ACCEPTED	2025-05-25 03:37:12.422606	6	2	6	14
80		2025-05-26 12:41:26.38585	\N	java	4096	2	c442d5a1-9e7e-45fa-ba01-966d5e81f867	1032	2	public class Solution {\n    public String reverseString(String s) {\n        char[] chars = s.toCharArray();\n        int left = 0, right = s.length() - 1;\n        while (left < right) {\n            char temp = chars[left];\n            chars[left] = chars[right];\n            chars[right] = temp;\n            left++;\n            right--;\n        }\n        return new String(chars);\n    }\n}	WRONG_ANSWER	2025-05-26 12:41:16.189404	4	\N	2	1
81		2025-05-26 12:45:25.318755	\N	java	6144	3	ec70db6d-4bf9-4453-bd0a-5b83785cdb6f	1158	3	public class Solution {\n    public String reverseString(String s) {\n        char[] chars = s.toCharArray();\n        int left = 0, right = s.length() - 1;\n        while (left < right) {\n            char temp = chars[left];\n            chars[left] = chars[right];\n            chars[right] = temp;\n            left++;\n            right--;\n        }\n        return new String(chars);\n    }\n}	WRONG_ANSWER	2025-05-26 12:45:12.571911	6	\N	14	1
217		2025-06-15 13:16:31.910599	\N	python	6144	0	5772a724-5c8a-498d-bc8a-7776317832aa	349	0	def sum(a: int, b: int):\n    # Write your code here	WRONG_ANSWER	2025-06-15 13:16:23.924745	6	\N	6	1
218		2025-06-15 13:18:57.865617	\N	python	6144	6	fb343593-2042-4d7f-9ae4-8cd6ed5c7b0d	303	6	def sum(a: int, b: int):\n    return a +b 	ACCEPTED	2025-06-15 13:18:50.184958	6	\N	6	1
89		2025-05-26 15:47:27.097966	\N	python	6144	6	9c6d9656-7c1d-4a82-b87a-296e2ae78074	366	6	def reverse_string(a: str):\n    return a[::-1]	ACCEPTED	2025-05-26 15:47:19.209435	6	\N	14	16
82		2025-05-26 12:47:42.471271	\N	java	6144	3	98fd97a0-01f6-49f1-937c-e55f5c989450	1132	3	public class Solution {\n    public String reverseString(String s) {\n        char[] chars = s.toCharArray();\n        int left = 0, right = s.length() - 1;\n        while (left < right) {\n            char temp = chars[left];\n            chars[left] = chars[right];\n            chars[right] = temp;\n            left++;\n            right--;\n        }\n        return new String(chars);\n    }\n}	WRONG_ANSWER	2025-05-26 12:46:59.856588	6	\N	14	1
83		2025-05-26 12:49:29.74304	\N	python	6144	6	66923b01-8db5-4402-b4a3-f37c82a85e63	319	6	def reverse_string(a: str):\n    return a[::-1]	ACCEPTED	2025-05-26 12:48:51.977042	6	\N	14	1
90		2025-05-26 15:48:35.174913	\N	python	6144	6	b2a2a784-f4d9-4cc3-88ed-bb18a1d9cc0f	479	6	def reverse_string(a: str):\n    return a[::-1]	ACCEPTED	2025-05-26 15:48:26.407601	6	\N	14	15
84		2025-05-26 15:44:20.417857	\N	java	2048	0	afc2164a-3600-4fad-a969-dac67b067fb8	1678	0	public class Solution {\n    public boolean findTargetInRange(int a, int b) {\n        return a - b; \n    }\n}	WRONG_ANSWER	2025-05-26 15:44:11.163544	2	\N	7	1
94		2025-05-28 20:22:48.249094	\N	python	6144	5	984e36ac-b96e-401b-a4bc-9e9e236a0a0e	506	5	def sum(a: int, b: int):\n   return a  + b	WRONG_ANSWER	2025-05-28 19:56:43.322854	6	2	6	16
85		2025-05-26 15:44:38.501994	\N	java	2048	0	fd8d3fc6-3a0f-461e-9fe2-cd8c2ca6dd89	1075	0	public class Solution {\n    public boolean findTargetInRange(int a, int b) {\n        return a -b;\n    }\n}	WRONG_ANSWER	2025-05-26 15:44:31.057544	2	\N	7	1
86		2025-05-26 15:45:44.524342	\N	java	6144	5	7a721b4c-5e22-4d44-aa5a-1e00f0e7b7b2	1115	5	public class Solution {\n    public int sum(int a, int b) {\n        return a +b ;\n    }\n}	WRONG_ANSWER	2025-05-26 15:45:31.859765	6	\N	6	16
99		2025-05-28 21:47:55.121835	\N	python	4096	0	7163282c-a0e6-4616-82a9-a41445a91332	359	0	def find_pair(a: list[int], b: int):\n    num_dict = {}\n    for i, num in enumerate(a):\n        diff = b - num\n        if diff in num_dict:\n            return [num_dict[diff], i]\n        num_dict[num] = i\n    return []	WRONG_ANSWER	2025-05-28 21:47:47.951334	4	\N	3	1
87		2025-05-26 15:46:28.294871	\N	java	6144	6	e0fb3020-4c84-442e-9980-d0cc66458d77	873	6	public class Solution {\n    public int sum(int a, int b) {\n       return a + b;\n    }\n}	ACCEPTED	2025-05-26 15:46:17.584998	6	\N	6	16
95		2025-05-28 20:22:51.639371	\N	python	6144	6	81b20d1c-057b-4427-9b14-b24d3d7c0739	435	6	def sum(a: int, b: int):\n   return a  + b	ACCEPTED	2025-05-28 20:04:40.795188	6	2	6	16
88		2025-05-26 15:46:42.292995	\N	python	6144	6	e7a78a42-5357-43fd-ae86-ead0d727ee3b	204	6	def sum(a: int, b: int):\n    return a +b	ACCEPTED	2025-05-26 15:46:35.586061	6	\N	6	16
92		2025-05-28 20:23:00.267298	\N	java	6144	5	a53ec175-364f-4e77-8c8a-564c3dabc424	1245	5	public class Solution {\n    public int sum(int a, int b) {\n        return a +b;\n    }\n}	WRONG_ANSWER	2025-05-28 19:54:13.376632	6	2	6	1
91		2025-05-28 20:23:03.006516	\N	python	6144	6	e22a082b-62ac-450d-86a7-c94adede940b	339	6	def sum(a: int, b: int):\n    return a + b;	ACCEPTED	2025-05-28 19:53:17.30784	6	2	6	1
103		2025-05-28 21:51:44.396783	\N	java	4096	0	abd2b3f9-2a0d-4744-aadd-2661e98df159	1255	0	public class Solution {\n    public int[] findPair(int[] a, int b) {\n        HashMap<Integer, Integer> numMap = new HashMap<>();\n        for (int i = 0; i < a.length; i++) {\n            int num = a[i];\n            int diff = b - num;\n            if (numMap.containsKey(diff)) {\n                return new int[] {numMap.get(diff), i};\n            }\n            numMap.put(num, i);\n        }\n        return new int[] {};\n    }\n}	WRONG_ANSWER	2025-05-28 21:51:33.5809	4	\N	3	1
100		2025-05-28 21:48:55.849293	\N	python	4096	0	57589267-caa0-4e33-a891-9e21a4cd75e1	339	0	def find_pair(a: List[int], b: int):\n    num_dict = {}\n    for i, num in enumerate(a):\n        num = int(num)  # Chuyển chuỗi thành số nguyên\n        diff = b - num\n        if diff in num_dict:\n            return [num_dict[diff], i]\n        num_dict[num] = i\n    return []	WRONG_ANSWER	2025-05-28 21:48:48.783603	4	\N	3	1
97		2025-05-28 20:40:30.613755	\N	python	6144	6	42f032cf-af8e-4716-9f44-a1711ff90e71	441	6	def sum(a: int, b: int):\n    return a + b	ACCEPTED	2025-05-28 20:40:21.623293	6	\N	6	1
101		2025-05-28 21:49:35.773426	\N	python	4096	0	57456d68-985d-4946-bcd1-05a227557fe7	303	0	def find_pair(a: list[int], b: int):\n    num_dict = {}\n    for i, num in enumerate(a):\n        num = int(num)  # Chuyển chuỗi thành số nguyên\n        diff = b - num\n        if diff in num_dict:\n            return [num_dict[diff], i]\n        num_dict[num] = i\n    return []	WRONG_ANSWER	2025-05-28 21:49:29.076741	4	\N	3	1
93		2025-05-28 19:55:32.394846	\N	python	6144	6	3b1e6246-d71d-4e43-b56f-0f69fd4eddb2	217	6	def sum(a: int, b: int):\n    return a +b ;	ACCEPTED	2025-05-28 19:55:25.258965	6	\N	6	16
98		2025-05-28 21:46:21.495227	\N	python	4096	0	54116e9d-8f96-4f3f-87a2-e2e1ba074bf5	510	0	def find_pair(a: List[int], b: int):\n    num_dict = {}\n    for i, num in enumerate(a):\n        diff = b - num\n        if diff in num_dict:\n            return [num_dict[diff], i]\n        num_dict[num] = i\n    return []	WRONG_ANSWER	2025-05-28 21:46:13.546941	4	\N	3	1
102		2025-05-28 21:50:06.653444	\N	python	4096	0	51588e86-5c35-46dc-9847-55e661a9b8bc	298	0	def find_pair(a: list[int], b: int):\n    num_dict = {}\n    for i, num in enumerate(a):\n        num = int(num)  # Chuyển chuỗi thành số nguyên\n        diff = b - num\n        if diff in num_dict:\n            return [num_dict[diff], i]\n        num_dict[num] = i\n    return []	WRONG_ANSWER	2025-05-28 21:49:59.442061	4	\N	3	1
96		2025-05-28 20:22:43.728406	\N	python	6144	5	3c3e67fd-10f8-435c-8a4b-71a44d411f9f	1182	5	def sum(a: int, b: int):\n    return a + b	WRONG_ANSWER	2025-05-28 20:10:40.774715	6	2	6	1
104		2025-05-28 21:55:52.494243	\N	java	4096	3	c66c02a9-3a53-4077-bbde-620838e9630e	1154	3	public class Solution {\n    public int[] findPair(int[] a, int b) {\n        for (int i = 0; i < a.length; i++) {\n            for (int j = i + 1; j < a.length; j++) {\n                if (a[i] + a[j] == b) {\n                    return new int[] {i, j};\n                }\n            }\n        }\n        return new int[] {};\n    }\n}	WRONG_ANSWER	2025-05-28 21:55:42.025533	4	\N	3	1
126		2025-05-29 20:15:25.685723	\N	python	4096	0	11b7178b-4915-458b-8872-5c7c32536388	319	0	def findMax(a: List[int]) -> int:\n    # Khởi tạo max với phần tử đầu tiên của mảng\n    max_val = a[0]\n    \n    # Duyệt qua mảng từ phần tử thứ hai\n    for num in a[1:]:\n        if num > max_val:\n            max_val = num  # Cập nhật max nếu tìm thấy số lớn hơn\n    \n    return max_val	WRONG_ANSWER	2025-05-29 20:15:18.680756	4	\N	1	15
115		2025-05-29 08:33:05.373878	\N	python	6144	6	42a719ac-ced5-41aa-89f7-8775b00fa275	373	6	def sum(a: int, b: int):\n    return a + b	ACCEPTED	2025-05-29 08:32:57.128092	6	2	6	15
181		2025-06-04 09:50:31.228551	\N	java	1024	0	52de34b8-4d7a-4c89-af48-e40b7dbc4985	905	0	public class Solution {\n    public boolean laDoiXung(int[] a) {\n        return true\n    }\n}	WRONG_ANSWER	2025-06-04 09:50:24.994527	1	\N	22	14
105		2025-05-28 22:14:23.934239	\N	java	4096	0	186da985-3871-4fac-a34b-41fd737f6a49	1222	0	public class Solution {\n    public int findSecondMax(int[] nums) {\n       f (nums.length < 1) return 0; // Đề đảm bảo length ≥ 1, nhưng thêm kiểm tra cho an toàn\n        \n        long max = Long.MIN_VALUE; // Giá trị lớn nhất\n        long secondMax = Long.MIN_VALUE; // Giá trị lớn thứ hai\n        \n        for (int num : nums) {\n            if (num > max) {\n                secondMax = max;\n                max = num;\n            } else if (num < max && num > secondMax) {\n                secondMax = num;\n            }\n        }\n        \n        // Nếu không có giá trị lớn thứ hai, trả về max\n        return secondMax == Long.MIN_VALUE ? (int) max : (int) secondMax;\n    }\n}	WRONG_ANSWER	2025-05-28 22:14:13.194636	4	\N	5	15
107		2025-05-28 22:16:32.080506	\N	java	4096	4	5f3a2a6d-f4d4-4a1e-bb0c-eb1395cc6dc4	1212	4	public class Solution {\n    public int findSecondMax(int[] nums) {\n        if (nums.length < 1) return 0; // Đề đảm bảo length ≥ 1, nhưng thêm kiểm tra cho an toàn\n        \n        long max = Long.MIN_VALUE; // Giá trị lớn nhất\n        long secondMax = Long.MIN_VALUE; // Giá trị lớn thứ hai\n        \n        for (int num : nums) {\n            if (num > max) {\n                secondMax = max;\n                max = num;\n            } else if (num < max && num > secondMax) {\n                secondMax = num;\n            }\n        }\n        \n        // Nếu không có giá trị lớn thứ hai, trả về max\n        return secondMax == Long.MIN_VALUE ? (int) max : (int) secondMax;\n    }\n}	ACCEPTED	2025-05-28 22:16:21.400798	4	\N	5	15
106		2025-05-28 22:15:06.50369	\N	java	4096	3	0da0deb9-669c-4319-a209-60d9c6da787e	963	3	public class Solution {\n    public int findSecondMax(int[] nums) {\n        if (nums.length < 1) return 0; // Đề đảm bảo length ≥ 1, nhưng thêm kiểm tra cho an toàn\n        \n        long max = Long.MIN_VALUE; // Giá trị lớn nhất\n        long secondMax = Long.MIN_VALUE; // Giá trị lớn thứ hai\n        \n        for (int num : nums) {\n            if (num > max) {\n                secondMax = max;\n                max = num;\n            } else if (num < max && num > secondMax) {\n                secondMax = num;\n            }\n        }\n        \n        // Nếu không có giá trị lớn thứ hai, trả về max\n        return secondMax == Long.MIN_VALUE ? (int) max : (int) secondMax;\n    }\n}	WRONG_ANSWER	2025-05-28 22:14:57.214832	4	\N	5	15
111		2025-05-29 08:14:26.332754	\N	python	6144	6	25f20ce5-9f2a-40a5-a50c-4ecf43e1568b	376	6	def sum(a: int, b: int):\n    return a + b	ACCEPTED	2025-05-29 08:14:18.102191	6	15	6	15
108		2025-05-28 22:21:37.958676	\N	python	6144	6	4d81a625-c726-4abb-ba24-2d6ee4c9ab3f	352	6	def sum(a: int, b: int):\n    return a + b;	ACCEPTED	2025-05-28 22:21:29.945886	6	2	6	15
122		2025-05-29 20:07:17.026634	\N	java	4096	4	ca5448ea-6bcb-466d-919a-502ce797ffe8	1106	4	public class Solution {\n    public int findMax(int[] a) {\n        // Khởi tạo max với phần tử đầu tiên của mảng\n        int max = a[0];\n        \n        // Duyệt qua mảng từ phần tử thứ hai\n        for (int i = 1; i < a.length; i++) {\n            if (a[i] > max) {\n                max = a[i]; // Cập nhật max nếu tìm thấy số lớn hơn\n            }\n        }\n        \n        return max;\n    }\n}	ACCEPTED	2025-05-29 20:07:06.7418	4	\N	1	16
109		2025-05-28 23:11:53.580823	\N	python	6144	5	09a75824-b24b-4b19-847d-45dc39a65506	571	5	def sum(a: int, b: int):\n    return a + b ;	WRONG_ANSWER	2025-05-28 23:11:43.959677	6	15	6	15
119		2025-05-29 19:59:36.829537	\N	java	6144	5	223a558c-92ba-411f-8557-385bae1b80eb	1529	5	public class Solution {\n    public int sum(int a, int b) {\n        return a + b;\n    }\n}	WRONG_ANSWER	2025-05-29 19:59:21.177144	6	\N	6	1
116		2025-05-29 09:09:08.563442	\N	python	6144	5	9fcbda77-ca29-4684-b71e-f385e38c9faf	575	5	def sum(a: int, b: int):\n    return a+b	WRONG_ANSWER	2025-05-29 09:08:58.962682	6	2	6	15
110		2025-05-29 08:09:24.470688	\N	python	6144	6	942d25af-0f58-48b3-92e5-237f7af975d0	351	6	def sum(a: int, b: int):\n    return a + b	ACCEPTED	2025-05-29 08:09:16.428175	6	15	6	15
112		2025-05-29 08:28:23.513793	\N	java	6144	0	89ea3922-2bf1-483c-8423-b378946ea624	1407	0	public class Solution {\n    public static void main(String[] args) {\n        System.out.println("Hello World");\n    }\n}	WRONG_ANSWER	2025-05-29 08:28:08.41708	6	12	6	15
113		2025-05-29 08:28:39.112315	\N	python	6144	0	d1bdae42-ec13-4ab1-ab40-b7471961e78e	329	0	def sum(a: int, b: int):\nreturn a + b	WRONG_ANSWER	2025-05-29 08:28:31.518642	6	12	6	15
121		2025-05-29 20:05:22.667896	\N	java	4096	0	daa44b9c-0bc5-4515-b1bf-e2b1c2d7becf	1205	0	public class Solution {\n    public int findMax(int[] a) {\n        int max = a[0];\n\n        for(int i = 1; i < a.length  ; i ++) {\n            if( a[i] < max){\n                max = a[i];\n            }\n        }\n\n        return max;\n    }\n}	WRONG_ANSWER	2025-05-29 20:05:11.938711	4	\N	1	16
117		2025-05-29 09:10:37.519575	\N	python	6144	6	fba60ed8-17d4-4858-b3b7-22df777b4b79	344	6	def sum(a: int, b: int):\n    return a+b	ACCEPTED	2025-05-29 09:10:29.655258	6	2	6	16
114		2025-05-29 08:28:51.701894	\N	python	6144	6	b4b6d7cc-baf9-45be-a6ed-1514e69c0e04	272	6	def sum(a: int, b: int):\n    return a + b	ACCEPTED	2025-05-29 08:28:44.586953	6	12	6	15
120		2025-05-29 20:03:23.820932	\N	python	6144	6	52cb628c-213d-42ee-a04c-95737e2097f1	552	6	def sum(a: int, b: int):\n    return a + b	ACCEPTED	2025-05-29 20:03:14.5397	6	\N	6	16
118		2025-05-29 09:20:44.97607	\N	python	6144	5	f5637ae8-6b2a-49b5-aeaf-5c71f4f35d74	675	5	def sum(a: int, b: int):\n   return a + b	WRONG_ANSWER	2025-05-29 09:20:34.598617	6	15	6	16
123		2025-05-29 20:12:41.568478	\N	python	6144	6	ebe2c9e8-485b-4583-8518-9f0ad6b964c2	215	6	def sum(a: int, b: int):\n    return a + b	ACCEPTED	2025-05-29 20:12:34.225825	6	16	6	15
124		2025-05-29 20:13:22.75669	\N	python	4096	0	2daeb6ca-bcf9-4f17-8cf6-ba08e17dcc16	243	0	def findMax(a: List[int]):\n\n    max_val = a[0]\n\n    for num in a[1:]:\n        if num > max_val:\n            max_val = num \n    \n    return max_val	WRONG_ANSWER	2025-05-29 20:13:16.333736	4	16	1	15
219		2025-06-15 13:24:30.350361	\N	python	1024	0	61c5a267-889c-4f91-b504-4fe5a41debcf	570	0	def sum(a: int, b: int):\n    return a 	WRONG_ANSWER	2025-06-15 13:24:23.849369	6	\N	6	1
220		2025-06-15 13:30:53.789467	\N	python	1024	0	e7ad2106-2ff7-4c3b-a174-572e3b298f1c	731	0	def sum(a: int, b: int):\n    return a	WRONG_ANSWER	2025-06-15 13:30:46.820383	6	\N	6	1
125		2025-05-29 20:13:57.634615	\N	java	4096	4	01ddc520-3c23-430e-9619-e50a598b3e3c	855	4	public class Solution {\n    public int findMax(int[] a) {\n        // Khởi tạo max với phần tử đầu tiên của mảng\n        int max = a[0];\n        \n        // Duyệt qua mảng từ phần tử thứ hai\n        for (int i = 1; i < a.length; i++) {\n            if (a[i] > max) {\n                max = a[i]; // Cập nhật max nếu tìm thấy số lớn hơn\n            }\n        }\n        \n        return max;\n    }\n}	ACCEPTED	2025-05-29 20:13:48.532018	4	16	1	15
131		2025-05-29 20:31:02.491871	\N	python	4096	0	d90b4087-0d2a-475e-b5c0-c07b472d4af0	426	0	def findMax(a: List[int]) -> int:\n    # Khởi tạo max với phần tử đầu tiên của mảng\n    max_val = a[0]\n    \n    # Duyệt qua mảng từ phần tử thứ hai\n    for num in a[1:]:\n        if num > max_val:\n            max_val = num  # Cập nhật max nếu tìm thấy số lớn hơn\n    \n    return max_val	WRONG_ANSWER	2025-05-29 20:30:54.98039	4	\N	1	15
127		2025-05-29 20:24:31.379142	\N	python	4096	0	dcb8f54b-16b3-4333-87c4-f08bacb0a436	390	0	def findMax(a: List[int]) -> int:\n    # Khởi tạo max với phần tử đầu tiên của mảng\n    max_val = a[0]\n    \n    # Duyệt qua mảng từ phần tử thứ hai\n    for num in a[1:]:\n        if num > max_val:\n            max_val = num  # Cập nhật max nếu tìm thấy số lớn hơn\n    \n    return max_val	WRONG_ANSWER	2025-05-29 20:24:23.962085	4	\N	1	15
128		2025-05-29 20:25:14.138321	\N	python	6144	6	2d730182-fc3e-4549-855b-f09087378c59	401	6	def sum(a: int, b: int):\n    return a + b	ACCEPTED	2025-05-29 20:25:05.959361	6	\N	6	1
134		2025-05-29 20:34:52.540346	\N	python	0	0	281ce65d-398e-4cc7-9860-22f8eb3fc9d1	0	0	def find_pair(a: List[int], b: int) -> List[int]:\n    # Tạo dictionary để lưu giá trị và chỉ số\n    num_dict = {}\n    \n    # Duyệt qua mảng\n    for i, num in enumerate(a):\n        # Tìm số bổ sung cần để đạt target\n        complement = b - num\n        # Nếu số bổ sung đã có trong dictionary, trả về cặp chỉ số\n        if complement in num_dict:\n            return [num_dict[complement], i]\n        # Lưu số hiện tại và chỉ số vào dictionary\n        num_dict[num] = i\n    \n    # Đảm bảo có một cặp thỏa mãn, nên không cần kiểm tra trường hợp không tìm thấy\n    return []	WRONG_ANSWER	2025-05-29 20:34:45.450526	4	\N	3	15
132		2025-05-29 20:33:22.269241	\N	python	4096	4	67eb2791-651c-4ca7-85d3-c07c72f1fc18	349	4	def findMax(a: List[int]) -> int:\n    # Khởi tạo max với phần tử đầu tiên của mảng\n    max_val = a[0]\n    \n    # Duyệt qua mảng từ phần tử thứ hai\n    for num in a[1:]:\n        if num > max_val:\n            max_val = num  # Cập nhật max nếu tìm thấy số lớn hơn\n    \n    return max_val	ACCEPTED	2025-05-29 20:33:14.97941	4	\N	1	15
129		2025-05-29 20:27:57.46933	\N	python	4096	0	5cc215b8-5617-4a7c-9334-070cfabc5928	1239	0	def findMax(a: List[int]):\n    # Write your code here	WRONG_ANSWER	2025-05-29 20:27:46.21081	4	\N	1	15
136		2025-05-29 20:37:17.510677	\N	java	4096	0	709c2cf7-3237-4afe-81af-08e518b6ca3a	1096	0	public class Solution {\n    public int[] findPair(int[] a, int b) {\n        // Create array of [value, index] pairs\n        int n = a.length;\n        int[][] pairs = new int[n][2];\n        for (int i = 0; i < n; i++) {\n            pairs[i][0] = a[i]; // value\n            pairs[i][1] = i;    // index\n        }\n        \n        // Sort pairs by value\n        Arrays.sort(pairs, (x, y) -> Integer.compare(x[0], y[0]));\n        \n        // Use two pointers to find the pair\n        int left = 0;\n        int right = n - 1;\n        while (left < right) {\n            int sum = pairs[left][0] + pairs[right][0];\n            if (sum == b) {\n                // Return indices in ascending order\n                return new int[] {Math.min(pairs[left][1], pairs[right][1]), \n                                Math.max(pairs[left][1], pairs[right][1])};\n            } else if (sum < b) {\n                left++;\n            } else {\n                right--;\n            }\n        }\n        \n        // Problem guarantees a solution, so this line won't be reached\n        return new int[] {};\n    }\n}	WRONG_ANSWER	2025-05-29 20:37:07.371085	4	\N	3	15
130		2025-05-29 20:28:50.400668	\N	python	4096	0	a051e1ea-77a9-4460-9a1d-27b8fa70d8ef	310	0	def findMax(a: List[int]) -> int:\n    # Khởi tạo max với phần tử đầu tiên của mảng\n    max_val = a[0]\n    \n    # Duyệt qua mảng từ phần tử thứ hai\n    for num in a[1:]:\n        if num > max_val:\n            max_val = num  # Cập nhật max nếu tìm thấy số lớn hơn\n    \n    return max_val	WRONG_ANSWER	2025-05-29 20:28:43.70822	4	\N	1	15
135		2025-05-29 20:36:10.384766	\N	java	4096	0	8bab6a1c-db9e-49cc-80eb-d3afed3499a4	878	0	public class Solution {\n    public int[] findPair(int[] a, int b) {\n        // Create a HashMap to store number and its index\n        HashMap<Integer, Integer> numMap = new HashMap<>();\n        \n        // Iterate through the array\n        for (int i = 0; i < a.length; i++) {\n            int complement = b - a[i];\n            // Check if complement exists in the map\n            if (numMap.containsKey(complement)) {\n                // Return the indices of the pair\n                return new int[] {numMap.get(complement), i};\n            }\n            // Store current number and its index\n            numMap.put(a[i], i);\n        }\n        \n        // Problem guarantees a solution, so this line won't be reached\n        return new int[] {};\n    }\n}	WRONG_ANSWER	2025-05-29 20:36:01.124859	4	\N	3	15
133		2025-05-29 20:33:49.076364	\N	python	4096	4	031a1b50-471a-4da5-a993-45e785304d93	341	4	def findMax(a: List[int]) -> int:\n    # Khởi tạo max với phần tử đầu tiên của mảng\n    max_val = a[0]\n    \n    # Duyệt qua mảng từ phần tử thứ hai\n    for num in a[1:]:\n        if num > max_val:\n            max_val = num  # Cập nhật max nếu tìm thấy số lớn hơn\n    \n    return max_val	ACCEPTED	2025-05-29 20:33:42.263678	4	16	1	15
147		2025-05-29 21:04:31.268589	\N	python	4096	4	8ff8d4b3-3c36-4e63-a4d7-dec2c6d69d03	338	4	def is_palindrome(a: str):\n    # Convert to lowercase and remove spaces\n    s = a.lower().replace(" ", "")\n    \n    # Initialize two pointers\n    left = 0\n    right = len(s) - 1\n    \n    # Compare characters from both ends\n    while left < right:\n        if s[left] != s[right]:\n            return False\n        left += 1\n        right -= 1\n    \n    return True	ACCEPTED	2025-05-29 21:04:24.139656	4	\N	4	15
149		2025-05-29 21:15:34.305287	\N	python	0	0	ec28cf38-6eaf-42aa-bb02-2f2adaf97208	0	0	def sumEvenNumber(a: List[int]):\n    sum = 0\n    for i in a:\n        if i % 2 == 0:\n            sum += i\n    return sum	WRONG_ANSWER	2025-05-29 21:15:28.411673	2	\N	17	15
150		2025-05-29 21:17:16.926626	\N	python	2048	1	30ea7d5d-7a7f-4e13-9971-8f7c8fdd4eaf	368	1	def sumEvenNumber(a: List[int]):\n    sum = 0\n    for i in a:\n        if i % 2 == 0:\n            sum += i\n    return sum	WRONG_ANSWER	2025-05-29 21:17:10.409171	2	\N	17	15
137		2025-05-29 20:43:50.71487	\N	java	4096	0	267fed56-9ec3-4eca-88b1-a14570fbcf85	1780	0	public class Solution {\n    public int[] findPair(int[] a, int b) {\n        // Create a HashMap to store number and its index\n        HashMap<Integer, Integer> numMap = new HashMap<>();\n        \n        // Iterate through the array\n        for (int i = 0; i < a.length; i++) {\n            int complement = b - a[i];\n            // Check if complement exists in the map\n            if (numMap.containsKey(complement)) {\n                // Return the indices of the pair\n                return new int[] {numMap.get(complement), i};\n            }\n            // Store current number and its index\n            numMap.put(a[i], i);\n        }\n        \n        // Problem guarantees a solution, so this line won't be reached\n        return new int[] {};\n    }\n}	WRONG_ANSWER	2025-05-29 20:43:37.490949	4	\N	3	15
139		2025-05-29 20:53:38.316608	\N	java	4096	4	500e1049-e847-4892-9ddf-c13320c901b5	1073	4	public class Solution {\n    public int[] findPair(int[] a, int b) {\n        // Create a HashMap to store number and its index\n        HashMap<Integer, Integer> numMap = new HashMap<>();\n        \n        // Iterate through the array\n        for (int i = 0; i < a.length; i++) {\n            int complement = b - a[i];\n            // Check if complement exists in the map\n            if (numMap.containsKey(complement)) {\n                // Return the indices of the pair\n                return new int[] {numMap.get(complement), i};\n            }\n            // Store current number and its index\n            numMap.put(a[i], i);\n        }\n        \n        // Problem guarantees a solution, so this line won't be reached\n        return new int[] {};\n    }\n}	ACCEPTED	2025-05-29 20:53:28.191859	4	\N	3	15
138		2025-05-29 20:50:26.484201	\N	java	4096	0	fd15ff18-b10d-4501-acfe-7a27d5e2519d	1285	0	public class Solution {\n    public int[] findPair(int[] a, int b) {\n        // Create a HashMap to store number and its index\n        HashMap<Integer, Integer> numMap = new HashMap<>();\n        \n        // Iterate through the array\n        for (int i = 0; i < a.length; i++) {\n            int complement = b - a[i];\n            // Check if complement exists in the map\n            if (numMap.containsKey(complement)) {\n                // Return the indices of the pair\n                return new int[] {numMap.get(complement), i};\n            }\n            // Store current number and its index\n            numMap.put(a[i], i);\n        }\n        \n        // Problem guarantees a solution, so this line won't be reached\n        return new int[] {};\n    }\n}	WRONG_ANSWER	2025-05-29 20:50:15.293247	4	\N	3	15
145		2025-05-29 21:01:37.030494	\N	python	0	0	c298dcce-1eb8-439f-9896-24c8fdb97771	0	0	def is_palindrome(a: str):\n    # Convert to lowercase and remove spaces\n    s = a.lower().replace(" ", "")\n    \n    # Initialize two pointers\n    left = 0\n    right = len(s) - 1\n    \n    # Compare characters from both ends\n    while left < right:\n        if s[left] != s[right]:\n            return False\n        left += 1\n        right -= 1\n    \n    return True	WRONG_ANSWER	2025-05-29 21:01:30.893505	4	\N	4	15
143		2025-05-29 20:59:22.623663	\N	python	0	0	23edfd75-ac59-47bc-85e0-e12055418f4e	0	0	def is_palindrome(a: str):\n    # Convert to lowercase and remove spaces\n    s = a.lower().replace(" ", "")\n    \n    # Initialize two pointers\n    left = 0\n    right = len(s) - 1\n    \n    # Compare characters from both ends\n    while left < right:\n        if s[left] != s[right]:\n            return False\n        left += 1\n        right -= 1\n    \n    return True	WRONG_ANSWER	2025-05-29 20:59:16.480158	4	\N	4	15
141		2025-05-29 20:57:34.857319	\N	python	4096	4	37c6cdda-e799-4f48-8eb2-a1433eb4375e	359	4	def find_pair(a: List[int], b: int) -> List[int]:\n    # Tạo dictionary để lưu giá trị và chỉ số\n    num_dict = {}\n    \n    # Duyệt qua mảng\n    for i, num in enumerate(a):\n        # Tìm số bổ sung cần để đạt target\n        complement = b - num\n        # Nếu số bổ sung đã có trong dictionary, trả về cặp chỉ số\n        if complement in num_dict:\n            return [num_dict[complement], i]\n        # Lưu số hiện tại và chỉ số vào dictionary\n        num_dict[num] = i\n    \n    # Đảm bảo có một cặp thỏa mãn, nên không cần kiểm tra trường hợp không tìm thấy\n    return []	ACCEPTED	2025-05-29 20:57:27.611725	4	\N	3	15
140		2025-05-29 20:54:15.175139	\N	python	0	0	4cd44a62-78e4-4673-bd63-3d59a3685a1b	0	0	def find_pair(a: List[int], b: int) -> List[int]:\n    # Tạo dictionary để lưu giá trị và chỉ số\n    num_dict = {}\n    \n    # Duyệt qua mảng\n    for i, num in enumerate(a):\n        # Tìm số bổ sung cần để đạt target\n        complement = b - num\n        # Nếu số bổ sung đã có trong dictionary, trả về cặp chỉ số\n        if complement in num_dict:\n            return [num_dict[complement], i]\n        # Lưu số hiện tại và chỉ số vào dictionary\n        num_dict[num] = i\n    \n    # Đảm bảo có một cặp thỏa mãn, nên không cần kiểm tra trường hợp không tìm thấy\n    return []	WRONG_ANSWER	2025-05-29 20:54:09.44879	4	\N	3	15
142		2025-05-29 20:58:17.92463	\N	python	0	0	3ee1d0f5-d4fe-48b9-ade3-50909578cfd3	0	0	def is_palindrome(a: str) -> bool:\n    # Convert string to lowercase and remove spaces\n    s = a.lower().replace(" ", "")\n    \n    # Initialize two pointers\n    left = 0\n    right = len(s) - 1\n    \n    # Compare characters from both ends\n    while left < right:\n        if s[left] != s[right]:\n            return False\n        left += 1\n        right -= 1\n    \n    return True	WRONG_ANSWER	2025-05-29 20:58:12.037851	4	\N	4	15
144		2025-05-29 21:00:34.434729	\N	python	1024	0	44dded4e-25a1-44dc-b671-f0cd43375e1a	522	0	def is_palindrome(a: str):\n    # Convert to lowercase and remove spaces\n    s = a.lower().replace(" ", "")\n    \n    # Initialize two pointers\n    left = 0\n    right = len(s) - 1\n    \n    # Compare characters from both ends\n    while left < right:\n        if s[left] != s[right]:\n            return False\n        left += 1\n        right -= 1\n    \n    return true	WRONG_ANSWER	2025-05-29 21:00:27.956606	4	\N	4	15
146		2025-05-29 21:04:01.162613	\N	python	0	0	a2a4f268-b3a8-4377-b00e-a66a68b67b81	0	0	def is_palindrome(a: str):\n    # Convert to lowercase and remove spaces\n    s = a.lower().replace(" ", "")\n    \n    # Initialize two pointers\n    left = 0\n    right = len(s) - 1\n    \n    # Compare characters from both ends\n    while left < right:\n        if s[left] != s[right]:\n            return False\n        left += 1\n        right -= 1\n    \n    return True	WRONG_ANSWER	2025-05-29 21:03:54.891175	4	\N	4	15
148		2025-05-29 21:14:46.387023	\N	python	2048	0	9da55021-c293-447c-a50e-047e9cd446e2	1957	0	def sumEvenNumber(a: List[int]):\n    sum = 0\n    for i in a:\n        if i % 2 == 0:\n            sum += num\n    return sum	WRONG_ANSWER	2025-05-29 21:14:36.47367	2	\N	17	15
205		2025-06-06 08:58:06.538026	\N	java	6144	6	72f47011-1cb9-44e7-8284-ece2933526c7	833	6	public class Solution {\n    public int sum(int a, int b) {\n        return a + b;\n    }\n}	ACCEPTED	2025-06-06 08:57:56.031192	6	\N	6	16
151		2025-05-29 21:18:17.788591	\N	python	2048	2	b94c6791-002d-4541-8fe0-023ee2a3ec1c	352	2	def sumEvenNumber(a: List[int]):\n    sum = 0\n    for i in a:\n        if i % 2 == 0:\n            sum += i\n    return sum	ACCEPTED	2025-05-29 21:18:11.511008	2	\N	17	15
158		2025-06-03 07:29:59.399036	\N	java	2048	0	9c98a6fd-824d-4ef5-a492-186875c6ccaf	903	0	public class Solution {\n    public int sumEvenNumber(int[] a) {\n        int sum;\n\n        for (int i = 0 ; i < a.length() ; i++ ) {\n            if(a[i] % 2 ==0) sum += a[i]\n        }\n        return sum;\n    }\n}	WRONG_ANSWER	2025-06-03 07:29:51.723568	2	\N	17	1
152		2025-05-29 21:22:36.357176	\N	python	2048	0	2aeb10de-90e7-4873-9f54-e0e6d72ec62a	379	0	def sumEvenNumber(a: List[int]):\n   def sum_even_numbers(nums: List[int]) -> int:\n    sum = 0\n    for num in nums:\n        if num % 2 == 0:\n            sum += num\n    return sum	WRONG_ANSWER	2025-05-29 21:22:29.979743	2	\N	17	15
163		2025-06-03 07:33:44.202502	\N	java	1024	1	07683380-dc36-40ed-95f3-292889f7c1e7	1072	1	public class Solution {\n    public int findSecondMax(int[] a) {\n\n        if (a == null || a.length < 2) {\n            return 0;\n        }\n\n        int max = Integer.MIN_VALUE;\n        int secondMax = Integer.MIN_VALUE;\n\n        for (int num : a) {\n            if (num > max) {\n                secondMax = max;\n                max = num;\n            } else if (num > secondMax && num < max) {\n                secondMax = num;\n            }\n        }\n\n        if (secondMax == Integer.MIN_VALUE) {\n            throw new IllegalArgumentException("Không có số lớn thứ hai hợp lệ.");\n        }\n\n        return secondMax;\n\n    }\n}	WRONG_ANSWER	2025-06-03 07:33:36.261389	4	\N	5	1
153		2025-05-30 07:40:47.389663	\N	java	4096	4	4a6a4f70-c53a-40e2-8d87-eab7ad231dc8	926	4	public class Solution {\n    public int findMax(int[] a) {\n        int max = a[0];\n        for(int i = 1 ; i < a.length ; i++ ) {\n            if(a[i] > max) max = a[i];\n        }\n\n        return max;\n    }\n}	ACCEPTED	2025-05-30 07:40:37.751849	4	\N	1	1
159		2025-06-03 07:30:34.605794	\N	java	2048	0	c4ed8324-3e5b-45dd-b03c-723efe09954f	804	0	public class Solution {\n    public int sumEvenNumber(int[] a) {\n        int sum;\n\n        for (int i = 0 ; i < a.length() ; i++ ) {\n            if(a[i] % 2 ==0) sum += a[i];\n        }\n        return sum;\n    }\n}	WRONG_ANSWER	2025-06-03 07:30:27.689817	2	\N	17	1
154		2025-05-30 07:42:18.152337	\N	python	6144	6	9e6a9b05-f24c-4364-827e-f90af7a9e04e	299	6	def sum(a: int, b: int):\n   return a + b	ACCEPTED	2025-05-30 07:42:10.280361	6	15	6	1
162		2025-06-03 07:32:10.035586	\N	java	2048	2	10c570ca-653e-4951-949f-b1209863cc5f	845	2	public class Solution {\n    public int sumEvenNumber(int[] a) {\n        int sum = 0;\n\n        for (int i = 0; i < a.length; i++) {\n            if (a[i] % 2 == 0) {\n                sum += a[i];\n            }\n        }\n\n        return sum;\n    }\n}\n	ACCEPTED	2025-06-03 07:32:02.698228	2	\N	17	1
155		2025-05-30 08:41:58.865684	\N	java	2048	0	a2e83d4d-2948-498c-8ab2-fbceab686608	1158	0	public class Solution {\n    public int sumEvenNumber(int[] a) {\n        int sum = 0;\n        for( int i = 0 ; i < a.length ; i++) {\n            if(a[i] % 2 == 0) {\n                sum +=. a[i];\n            }\n        }\n\n        return sum;\n    }\n}	WRONG_ANSWER	2025-05-30 08:41:50.694144	2	\N	17	17
160		2025-06-03 07:31:20.003566	\N	java	2048	0	1470faeb-e558-47a1-8658-c7c07bec19e2	792	0	public class Solution {\n    public int sumEvenNumber(int[] a) {\n        int sum;\n\n        for (int i = 0 ; i < a.length ; i++ ) {\n            if(a[i] % 2 ==0) sum += a[i];\n        }\n        return sum;\n    }\n}	WRONG_ANSWER	2025-06-03 07:31:13.097411	2	\N	17	1
156		2025-05-30 08:42:37.564867	\N	python	6144	6	d40d8f46-d369-4bba-a9b8-63da00d28ec0	330	6	def sum(a: int, b: int):\n   return a + b	ACCEPTED	2025-05-30 08:42:29.707149	6	\N	6	17
164		2025-06-03 07:34:58.788952	\N	java	1024	1	209a5bc6-514d-4bcd-8d75-41bb9f9c1992	1127	1	public class Solution {\n    public int findSecondMax(int[] a) {\n        if (a == null || a.length < 2) return -1;\n\n        int max = Integer.MIN_VALUE;\n        int secondMax = Integer.MIN_VALUE;\n\n        for (int num : a) {\n            if (num > max) {\n                secondMax = max;\n                max = num;\n            } else if (num < max && num > secondMax) {\n                secondMax = num;\n            }\n        }\n\n        // Nếu không tìm được số lớn thứ hai thực sự (tức là secondMax chưa được cập nhật)\n        if (secondMax == Integer.MIN_VALUE) return -1;\n\n        return secondMax;\n    }\n}\n	WRONG_ANSWER	2025-06-03 07:34:51.113933	4	\N	5	1
157		2025-05-30 08:51:09.501619	\N	python	6144	6	e144a020-f09a-4861-85de-02bc78e40264	280	6	def sum(a: int, b: int):\n    return a + b	ACCEPTED	2025-05-30 08:51:02.057617	6	2	6	17
161		2025-06-03 07:31:51.634037	\N	java	2048	0	e4f8fd02-bf8d-4b9b-9ca5-6285e8bd83f9	804	0	public class Solution {\n    public int sumEvenNumber(int[] a) {\n        int sum = 0;\n\n        for (int i = 0 ; i < a.length() ; i++ ) {\n            if(a[i] % 2 ==0) sum += a[i];\n        }\n        return sum;\n    }\n}	WRONG_ANSWER	2025-06-03 07:31:44.691473	2	\N	17	1
165		2025-06-03 08:06:27.795481	\N	python	0	0	7c3d24b1-2991-4488-bb61-522f6f3cfd88	0	0	def max_subarray_sum(a: List[int]):\n    max_so_far = a[0]  # Lưu tổng lớn nhất tìm thấy\n    max_ending_here = a[0]  # Lưu tổng của dãy con kết thúc tại vị trí hiện tại\n    \n    for i in range(1, len(a)):\n        # Lựa chọn giữa bắt đầu dãy mới từ a[i] hoặc tiếp tục dãy cũ\n        max_ending_here = max(a[i], max_ending_here + a[i])\n        # Cập nhật tổng lớn nhất nếu cần\n        max_so_far = max(max_so_far, max_ending_here)\n    \n    return max_so_far	WRONG_ANSWER	2025-06-03 08:06:21.444739	4	\N	18	1
207		2025-06-06 08:59:46.634471	\N	python	6144	6	08f5241d-3fab-4bf2-a996-37c28c26e6d8	276	6	def sum(a: int, b: int):\n   return a + b	ACCEPTED	2025-06-06 08:59:39.157064	6	16	6	16
206		2025-06-06 08:58:24.382345	\N	java	6144	0	5c6d811a-e51a-4bed-8b29-51d7b4be7a2d	809	0	public class Solution {\n    public int sum(int a, int b) {\n        return a + b\n    }\n}	WRONG_ANSWER	2025-06-06 08:58:14.036118	6	\N	6	16
224		2025-06-15 15:34:32.463272	\N	python	6144	5	f084f080-063d-467f-a4e2-438cbeb974c8	556	5	def sum(a: int, b: int):\n    return a + b 	WRONG_ANSWER	2025-06-15 15:34:23.059474	6	\N	6	1
221		2025-06-15 13:32:02.630014	\N	python	6144	0	eff4ca59-7d00-4af0-bf4d-c918d7ab37e2	532	0	def sum(a: int, b: int):\n    # Write your code here	WRONG_ANSWER	2025-06-15 13:31:53.48494	6	\N	6	1
225		2025-06-15 15:37:32.387417	\N	python	6144	6	b8d4a3ad-4fa8-4098-805a-c6829aeaf9c3	298	6	def sum(a: int, b: int):\n    return a + b	ACCEPTED	2025-06-15 15:37:24.582432	6	\N	6	1
226		2025-06-15 15:46:38.993808	\N	python	6144	6	3cfd8bfd-4aef-4e10-b6f0-2c389cd464e0	303	6	def sum(a: int, b: int):\n    return a + b	ACCEPTED	2025-06-15 15:46:31.257128	6	\N	6	1
362		2025-08-10 18:13:29.96408	\N	java	6144	6	21aab5c7-b672-40e6-8c1f-dc6668be0ae1	901	12	public class Solution {\n    public int sum(int a, int b) {\n        return a + b;\n    }\n}	ACCEPTED	2025-08-10 18:12:01.125387	6	\N	50	1
166		2025-06-03 08:08:46.686444	\N	java	4096	0	8d7cf2ce-ff1d-4d9e-9878-fbc6db1e8b4d	826	0	class Solution {\n    public int maxSubarraySum(int[] nums) {\n        int maxSoFar = nums[0]; // Lưu tổng lớn nhất tìm thấy\n        int maxEndingHere = nums[0]; // Lưu tổng của dãy con kết thúc tại vị trí hiện tại\n        \n        for (int i = 1; i < nums.length; i++) {\n            // Lựa chọn giữa bắt đầu dãy mới từ nums[i] hoặc tiếp tục dãy cũ\n            maxEndingHere = Math.max(nums[i], maxEndingHere + nums[i]);\n            // Cập nhật tổng lớn nhất nếu cần\n            maxSoFar = Math.max(maxSoFar, maxEndingHere);\n        }\n        \n        return maxSoFar;\n    }\n}	WRONG_ANSWER	2025-06-03 08:08:37.525439	4	\N	18	1
169		2025-06-03 08:11:58.773975	\N	python	4096	4	e2ec0831-4da6-4534-ac7a-dd2e6fac0ee4	288	4	def max_subarray_sum(a: List[int]) -> int:\n    max_so_far = a[0]  # Lưu tổng lớn nhất tìm thấy\n    max_ending_here = a[0]  # Lưu tổng của dãy con kết thúc tại vị trí hiện tại\n    \n    for i in range(1, len(a)):\n        # Lựa chọn giữa bắt đầu dãy mới từ a[i] hoặc tiếp tục dãy cũ\n        max_ending_here = max(a[i], max_ending_here + a[i])\n        # Cập nhật tổng lớn nhất nếu cần\n        max_so_far = max(max_so_far, max_ending_here)\n    \n    return max_so_far	ACCEPTED	2025-06-03 08:11:51.777424	4	\N	18	1
167		2025-06-03 08:09:35.026598	\N	java	4096	0	40b68d16-d76b-4249-8013-286a4d9d989a	757	0	class Solution {\n    public int maxSubarraySum(int[] a) {\n        int maxSoFar = a[0]; // Lưu tổng lớn nhất tìm thấy\n        int maxEndingHere = a[0]; // Lưu tổng của dãy con kết thúc tại vị trí hiện tại\n        \n        for (int i = 1; i < a.length; i++) {\n            // Lựa chọn giữa bắt đầu dãy mới từ nums[i] hoặc tiếp tục dãy cũ\n            maxEndingHere = Math.max(a[i], maxEndingHere + a[i]);\n            // Cập nhật tổng lớn nhất nếu cần\n            maxSoFar = Math.max(maxSoFar, maxEndingHere);\n        }\n        \n        return maxSoFar;\n    }\n}	WRONG_ANSWER	2025-06-03 08:09:26.619425	4	\N	18	1
168		2025-06-03 08:10:08.689759	\N	python	1024	1	cd71527b-caad-4145-8297-ce09f7e3cb96	359	1	def max_subarray_sum(a: List[int]) -> int:\n    max_so_far = a[0]  # Lưu tổng lớn nhất tìm thấy\n    max_ending_here = a[0]  # Lưu tổng của dãy con kết thúc tại vị trí hiện tại\n    \n    for i in range(1, len(a)):\n        # Lựa chọn giữa bắt đầu dãy mới từ a[i] hoặc tiếp tục dãy cũ\n        max_ending_here = max(a[i], max_ending_here + a[i])\n        # Cập nhật tổng lớn nhất nếu cần\n        max_so_far = max(max_so_far, max_ending_here)\n    \n    return max_so_far	WRONG_ANSWER	2025-06-03 08:10:02.622365	4	\N	18	1
172		2025-06-03 08:18:09.296972	\N	java	4096	4	43d32d1a-5589-4f47-a8f1-46b43bd1a0d6	1040	4	public class Solution {\n    public int[] findPair(int[] a, int b) {\n        // Tạo HashMap để lưu giá trị và chỉ số\n        HashMap<Integer, Integer> map = new HashMap<>();\n        \n        // Duyệt qua mảng\n        for (int i = 0; i < a.length; i++) {\n            int complement = b - a[i]; // Tìm giá trị cần để đạt target\n            if (map.containsKey(complement)) {\n                // Nếu tìm thấy complement, trả về cặp chỉ số\n                return new int[] {map.get(complement), i};\n            }\n            // Lưu giá trị hiện tại và chỉ số của nó\n            map.put(a[i], i);\n        }\n        \n        // Đảm bảo có một cặp thỏa mãn, nên không cần kiểm tra trường hợp không tìm thấy\n        return new int[0];\n    }\n}	ACCEPTED	2025-06-03 08:17:59.361507	4	16	3	1
171		2025-06-03 08:13:52.290804	\N	java	4096	4	dc1f5f44-3da3-4cdf-ab56-26a9b950516c	889	4	public class Solution {\n    public int max_subarray_sum(int[] a) {\n        int maxSoFar = a[0]; // Lưu tổng lớn nhất tìm thấy\n        int maxEndingHere = a[0]; // Lưu tổng của dãy con kết thúc tại vị trí hiện tại\n        \n        for (int i = 1; i < a.length; i++) {\n            // Lựa chọn giữa bắt đầu dãy mới từ a[i] hoặc tiếp tục dãy cũ\n            if (a[i] > maxEndingHere + a[i]) {\n                maxEndingHere = a[i];\n            } else {\n                maxEndingHere = maxEndingHere + a[i];\n            }\n            // Cập nhật tổng lớn nhất nếu cần\n            if (maxEndingHere > maxSoFar) {\n                maxSoFar = maxEndingHere;\n            }\n        }\n        \n        return maxSoFar;\n    }\n}	ACCEPTED	2025-06-03 08:13:43.272009	4	\N	18	1
170		2025-06-03 08:13:17.690246	\N	java	4096	3	9e4b866c-567c-4e75-ac18-56ff771480b3	922	3	public class Solution {\n    public int max_subarray_sum(int[] a) {\n        int maxSoFar = a[0]; // Lưu tổng lớn nhất tìm thấy\n        int maxEndingHere = a[0]; // Lưu tổng của dãy con kết thúc tại vị trí hiện tại\n        \n        for (int i = 1; i < a.length; i++) {\n            // Lựa chọn giữa bắt đầu dãy mới từ a[i] hoặc tiếp tục dãy cũ\n            if (a[i] > maxEndingHere + a[i]) {\n                maxEndingHere = a[i];\n            } else {\n                maxEndingHere = maxEndingHere + a[i];\n            }\n            // Cập nhật tổng lớn nhất nếu cần\n            if (maxEndingHere > maxSoFar) {\n                maxSoFar = maxEndingHere;\n            }\n        }\n        \n        return maxSoFar;\n    }\n}	WRONG_ANSWER	2025-06-03 08:13:08.24854	4	\N	18	1
208		2025-06-10 18:42:57.284019	\N	python	6144	6	fc7f5b37-a59b-4d2d-b759-e15de8a420d2	389	6	def sum(a: int, b: int):\n    return a + b	ACCEPTED	2025-06-10 18:42:48.859388	6	\N	6	1
210		2025-06-10 20:13:49.694442	\N	python	6144	6	bada6ce0-2d21-4b55-8e2b-45d87e2ea972	410	6	def sum(a: int, b: int):\n    return a +b	ACCEPTED	2025-06-10 20:13:41.252895	6	\N	6	1
211		2025-06-10 20:14:19.529555	\N	python	1024	0	781075b5-32f2-45ec-a85a-17a05b320c65	465	0	def sum(a: int, b: int):\n    return a	WRONG_ANSWER	2025-06-10 20:14:13.388156	6	\N	6	1
212		2025-06-15 12:32:54.603121	\N	python	6144	5	2aefd5e9-cc66-49a9-b57c-4b5f6f0c1ddd	956	5	def sum(a: int, b: int):\n    return a + b;	WRONG_ANSWER	2025-06-15 12:32:41.548344	6	\N	6	1
222		2025-06-15 13:49:34.773743	\N	python	6144	6	98034d7e-6c9a-4b00-9e6d-035915385200	399	6	def sum(a: int, b: int):\n    return a + b	ACCEPTED	2025-06-15 13:49:26.250791	6	\N	6	1
213		2025-06-15 12:45:54.665539	\N	python	6144	6	0bbd225d-9c9a-44f8-9993-e98eccfc1312	342	6	def sum(a: int, b: int):\n   return a +b 	ACCEPTED	2025-06-15 12:45:46.67194	6	\N	6	1
227		2025-06-15 15:51:01.373702	\N	python	6144	6	0abef027-e48c-4fcd-a4a1-ac815096790d	334	6	def sum(a: int, b: int):\n    return a + b	ACCEPTED	2025-06-15 15:50:53.376855	6	\N	6	1
230		2025-06-16 08:10:04.563246	\N	python	1024	0	5278618c-e2ca-4ef9-99aa-5e1e419757d1	1126	0	def sum(a: int, b: int):\n    return a 	WRONG_ANSWER	2025-06-16 08:09:57.154723	6	\N	6	16
173		2025-06-03 08:20:25.383694	\N	java	4096	3	9cbb7a6e-1a8e-490b-8536-b91ae8cc2907	856	3	public class Solution {\n    public boolean isPalindrome(String a) {\n        // Hai con trỏ: left từ đầu, right từ cuối\n        int left = 0;\n        int right = a.length() - 1;\n        \n        while (left < right) {\n            // Bỏ qua ký tự không phải chữ hoặc số từ bên trái\n            while (left < right && !isAlphanumeric(a.charAt(left))) {\n                left++;\n            }\n            // Bỏ qua ký tự không phải chữ hoặc số từ bên phải\n            while (left < right && !isAlphanumeric(a.charAt(right))) {\n                right--;\n            }\n            // So sánh ký tự, không phân biệt hoa/thường\n            if (toLowerCase(a.charAt(left)) != toLowerCase(a.charAt(right))) {\n                return false;\n            }\n            left++;\n            right--;\n        }\n        \n        return true;\n    }\n    \n    // Hàm kiểm tra ký tự có phải là chữ hoặc số\n    private boolean isAlphanumeric(char c) {\n        return (c >= 'a' && c <= 'z') || \n               (c >= 'A' && c <= 'Z') || \n               (c >= '0' && c <= '9');\n    }\n    \n    // Hàm chuyển ký tự về chữ thường\n    private char toLowerCase(char c) {\n        if (c >= 'A' && c <= 'Z') {\n            return (char)(c + 32); // Chuyển chữ hoa thành chữ thường\n        }\n        return c;\n    }\n}	WRONG_ANSWER	2025-06-03 08:20:16.285182	4	\N	4	1
182		2025-06-04 09:50:46.862231	\N	java	1024	1	5386bc9d-8f59-4df6-8e24-7e606125f465	929	1	public class Solution {\n    public boolean laDoiXung(int[] a) {\n        return true;\n    }\n}	ACCEPTED	2025-06-04 09:50:40.575584	1	17	22	15
175		2025-06-04 09:30:58.279466	\N	java	1024	0	f7bd4b8d-9b87-47bd-9a16-42d5bb1e2f9d	1486	0	public class Solution {\n    public boolean isPalindrome(int[] a) {\n        // Trường hợp mảng rỗng hoặc có 1 phần tử là palindrome\n        if (a.length <= 1) {\n            return true;\n        }\n        \n        // Hai con trỏ: left từ đầu, right từ cuối\n        int left = 0;\n        int right = a.length - 1;\n        \n        while (left < right) {\n            // So sánh các phần tử từ hai đầu\n            if (a[left] != a[right]) {\n                return false;\n            }\n            left++;\n            right--;\n        }\n        \n        return true;\n    }\n}	WRONG_ANSWER	2025-06-04 09:30:50.830965	1	\N	22	1
174		2025-06-03 08:20:37.160533	\N	java	4096	4	07bca5e6-ee76-4b18-a2ee-8b4a660d6009	855	4	public class Solution {\n    public boolean isPalindrome(String a) {\n        // Hai con trỏ: left từ đầu, right từ cuối\n        int left = 0;\n        int right = a.length() - 1;\n        \n        while (left < right) {\n            // Bỏ qua ký tự không phải chữ hoặc số từ bên trái\n            while (left < right && !isAlphanumeric(a.charAt(left))) {\n                left++;\n            }\n            // Bỏ qua ký tự không phải chữ hoặc số từ bên phải\n            while (left < right && !isAlphanumeric(a.charAt(right))) {\n                right--;\n            }\n            // So sánh ký tự, không phân biệt hoa/thường\n            if (toLowerCase(a.charAt(left)) != toLowerCase(a.charAt(right))) {\n                return false;\n            }\n            left++;\n            right--;\n        }\n        \n        return true;\n    }\n    \n    // Hàm kiểm tra ký tự có phải là chữ hoặc số\n    private boolean isAlphanumeric(char c) {\n        return (c >= 'a' && c <= 'z') || \n               (c >= 'A' && c <= 'Z') || \n               (c >= '0' && c <= '9');\n    }\n    \n    // Hàm chuyển ký tự về chữ thường\n    private char toLowerCase(char c) {\n        if (c >= 'A' && c <= 'Z') {\n            return (char)(c + 32); // Chuyển chữ hoa thành chữ thường\n        }\n        return c;\n    }\n}	ACCEPTED	2025-06-03 08:20:28.306249	4	\N	4	1
179		2025-06-04 09:33:10.871031	\N	java	0	0	a2e633f8-08d8-4e6d-9ab7-8432cb116ff9	0	0	public class Solution {\n    public boolean laDoiXung(int[] a) {\n        return false;\n    }\n}	WRONG_ANSWER	2025-06-04 09:33:04.229966	1	\N	22	1
177		2025-06-04 09:32:20.279512	\N	java	0	0	980b9b16-bec0-47db-aa15-2236d20274da	0	0	public class Solution {\n    public boolean laDoiXung(int[] a) {\n         // Trường hợp mảng rỗng hoặc có 1 phần tử là palindrome\n        if (a.length <= 1) {\n            return true;\n        }\n        \n        // Hai con trỏ: left từ đầu, right từ cuối\n        int left = 0;\n        int right = a.length - 1;\n        \n        while (left < right) {\n            // So sánh các phần tử từ hai đầu\n            if (a[left] != a[right]) {\n                return false;\n            }\n            left++;\n            right++;\n        }\n        \n        return true;\n    }\n}	WRONG_ANSWER	2025-06-04 09:32:14.037429	1	\N	22	1
176		2025-06-04 09:31:33.611243	\N	java	1024	1	11a0eb64-2266-4aa4-a3e5-4e6b59556eab	974	1	public class Solution {\n    public boolean laDoiXung(int[] a) {\n         // Trường hợp mảng rỗng hoặc có 1 phần tử là palindrome\n        if (a.length <= 1) {\n            return true;\n        }\n        \n        // Hai con trỏ: left từ đầu, right từ cuối\n        int left = 0;\n        int right = a.length - 1;\n        \n        while (left < right) {\n            // So sánh các phần tử từ hai đầu\n            if (a[left] != a[right]) {\n                return false;\n            }\n            left++;\n            right--;\n        }\n        \n        return true;\n    }\n}	ACCEPTED	2025-06-04 09:31:27.336276	1	\N	22	1
178		2025-06-04 09:32:49.724708	\N	java	1024	0	06f84a50-841d-4c7b-93f9-215592a7a9f0	936	0	public class Solution {\n    public boolean laDoiXung(int[] a) {\n        return 5;\n    }\n}	WRONG_ANSWER	2025-06-04 09:32:43.44007	1	\N	22	1
184		2025-06-05 10:53:30.424035	\N	java	2048	1	f13c871f-b0e7-47f9-a011-de8d5275778a	1252	1	public class Solution {\n    public int findLongestIncreasingSubsequence(int[] a) {\n        // Kiểm tra trường hợp mảng rỗng hoặc null\n        if (a == null || a.length == 0) {\n            return 0;\n        }\n        \n        int n = a.length;\n        // Khởi tạo mảng dp\n        int[] dp = new int[n];\n        for (int i = 0; i < n; i++) {\n            dp[i] = 1; // Mỗi phần tử ban đầu có độ dài dãy con là 1\n        }\n        \n        // Tính dp\n        for (int i = 1; i < n; i++) {\n            for (int j = 0; j < i; j++) {\n                if (a[j] < a[i]) {\n                    dp[i] = Math.max(dp[i], dp[j] + 1);\n                }\n            }\n        }\n        \n        // Tìm giá trị lớn nhất trong mảng dp\n        int result = 1;\n        for (int i = 0; i < n; i++) {\n            result = Math.max(result, dp[i]);\n        }\n        \n        return result;\n    }\n}	WRONG_ANSWER	2025-06-05 10:53:21.803187	2	\N	26	1
180		2025-06-04 09:49:45.899843	\N	java	1024	0	282ff4bb-8d33-4f86-88c7-3b6049a2353a	1101	0	public class Solution {\n    public boolean laDoiXung(int[] a) {\n        return true\n    }\n}	WRONG_ANSWER	2025-06-04 09:49:39.128898	1	17	22	15
183		2025-06-04 09:53:29.500964	\N	java	1024	1	9b669988-f6bd-4c33-9932-610f662349ee	1067	1	public class Solution {\n    public boolean laDoiXung(int[] a) {\n        return true;\n    }\n}	ACCEPTED	2025-06-04 09:53:22.701224	1	17	22	15
185		2025-06-05 10:53:41.361558	\N	java	2048	1	a2ec0ac7-f6b2-477b-a044-3e4ec30a14a5	1446	1	public class Solution {\n    public int findLongestIncreasingSubsequence(int[] a) {\n        // Kiểm tra trường hợp mảng rỗng hoặc null\n        if (a == null || a.length == 0) {\n            return 0;\n        }\n        \n        int n = a.length;\n        // Khởi tạo mảng dp\n        int[] dp = new int[n];\n        for (int i = 0; i < n; i++) {\n            dp[i] = 1; // Mỗi phần tử ban đầu có độ dài dãy con là 1\n        }\n        \n        // Tính dp\n        for (int i = 1; i < n; i++) {\n            for (int j = 0; j < i; j++) {\n                if (a[j] < a[i]) {\n                    dp[i] = Math.max(dp[i], dp[j] + 1);\n                }\n            }\n        }\n        \n        // Tìm giá trị lớn nhất trong mảng dp\n        int result = 1;\n        for (int i = 0; i < n; i++) {\n            result = Math.max(result, dp[i]);\n        }\n        \n        return result;\n    }\n}	WRONG_ANSWER	2025-06-05 10:53:33.135909	2	\N	26	1
209		2025-06-10 19:22:47.061768	\N	python	6144	6	2d8e3ae8-5287-4246-a4aa-ef2a23c5db97	328	6	def sum(a: int, b: int):\n    return a + b	ACCEPTED	2025-06-10 19:22:39.21912	6	\N	6	1
186		2025-06-05 10:54:09.654478	\N	java	2048	1	268dcaae-aac8-45a7-9798-b75802cc6304	1254	1	public class Solution {\n    public int findLongestIncreasingSubsequence(int[] a) {\n        // Kiểm tra trường hợp mảng rỗng hoặc null\n        if (a == null || a.length == 0) {\n            return 0;\n        }\n        \n        int n = a.length;\n        // Khởi tạo mảng dp\n        int[] dp = new int[n];\n        for (int i = 0; i < n; i++) {\n            dp[i] = 1; // Mỗi phần tử ban đầu có độ dài dãy con là 1\n        }\n        \n        // Tính dp\n        for (int i = 1; i < n; i++) {\n            for (int j = 0; j < i; j++) {\n                if (a[j] < a[i]) {\n                    dp[i] = Math.max(dp[i], dp[j] + 1);\n                }\n            }\n        }\n        \n        // Tìm giá trị lớn nhất trong mảng dp\n        int result = 1;\n        for (int i = 0; i < n; i++) {\n            result = Math.max(result, dp[i]);\n        }\n        \n        return result;\n    }\n}	WRONG_ANSWER	2025-06-05 10:54:01.775184	2	\N	26	1
187		2025-06-05 10:58:36.524491	\N	java	2048	2	f2bab3e3-118d-4d62-9452-285dfb9c0600	1130	2	public class Solution {\n    public int findLongestIncreasingSubsequence(int[] a) {\n        // Kiểm tra trường hợp mảng rỗng hoặc null\n        if (a == null || a.length == 0) {\n            return 0;\n        }\n        \n        int n = a.length;\n        // Khởi tạo mảng dp\n        int[] dp = new int[n];\n        for (int i = 0; i < n; i++) {\n            dp[i] = 1; // Mỗi phần tử ban đầu có độ dài dãy con là 1\n        }\n        \n        // Tính dp\n        for (int i = 1; i < n; i++) {\n            for (int j = 0; j < i; j++) {\n                if (a[j] < a[i]) {\n                    dp[i] = Math.max(dp[i], dp[j] + 1);\n                }\n            }\n        }\n        \n        // Tìm giá trị lớn nhất trong mảng dp\n        int result = 1;\n        for (int i = 0; i < n; i++) {\n            result = Math.max(result, dp[i]);\n        }\n        \n        return result;\n    }\n}	ACCEPTED	2025-06-05 10:58:28.373676	2	\N	26	1
200		2025-06-06 08:57:02.408516	\N	java	4096	4	7cfb4159-790e-4c45-9529-a388727ff080	1034	4	public class Solution {\n    public int[] findPair(int[] a, int b) {\n\n        HashMap<Integer, Integer> numMap = new HashMap<>();\n\n\n        for (int i = 0; i < a.length; i++) {\n            int num = a[i];\n            int complement = b - num;\n\n\n            if (numMap.containsKey(complement)) {\n                return new int[] { numMap.get(complement), i };\n            }\n\n\n            numMap.put(num, i);\n        }\n\n\n        return new int[0];\n    }\n}\n	ACCEPTED	2025-06-06 08:48:45.686334	4	\N	3	16
188		2025-06-05 11:09:59.468425	\N	python	4096	4	811ebd70-179d-42f9-8608-310e143ca7b1	406	4	def find_pair(a: List[int], b: int):\n    num_map = {}\n    \n    for i, num in enumerate(a):\n        complement = b - num\n  \n        if complement in num_map:\n            return [num_map[complement], i]\n    \n        num_map[num] = i\n    \n    return []\n	ACCEPTED	2025-06-05 11:09:52.011994	4	\N	3	1
201		2025-06-06 08:57:08.551985	\N	python	6144	6	49e4f7bd-7f33-4a48-b7a9-fec78938756f	294	6	def sum(a: int, b: int):\n    return a + b	ACCEPTED	2025-06-06 08:49:26.458082	6	\N	6	16
214		2025-06-15 12:50:51.579106	\N	python	6144	5	5a1c5f4e-8e1b-45b4-b7f0-08454a3bcc3b	454	5	def sum(a: int, b: int):\n    return a +b 	WRONG_ANSWER	2025-06-15 12:50:42.896139	6	\N	6	1
215		2025-06-15 12:53:02.613953	\N	python	6144	0	b86f23ca-7b5f-4ed3-a717-c16920d58295	295	0	def sum(a: int, b: int):\n    # Write your code here	WRONG_ANSWER	2025-06-15 12:52:54.962685	6	\N	6	1
216		2025-06-15 13:13:51.377427	\N	python	6144	6	316820b8-89a3-41d3-ad6f-9fad3baa4980	405	6	def sum(a: int, b: int):\n    return a + b	ACCEPTED	2025-06-15 13:13:42.884378	6	\N	6	1
229		2025-06-15 15:58:54.8124	\N	python	6144	6	2be861e5-a06a-402b-8053-f465664f2ffd	331	6	def sum(a: int, b: int):\n    return a + b 	ACCEPTED	2025-06-15 15:58:46.947156	6	\N	6	1
223		2025-06-15 13:51:21.970367	\N	python	6144	0	aedb1933-73e1-4bc3-8315-91f6d850febf	321	0	def sum(a: int, b: int):\n    # Write your code here	WRONG_ANSWER	2025-06-15 13:51:13.986099	6	\N	6	1
228		2025-06-15 15:58:41.770777	\N	python	1024	0	8e19e316-3357-4469-a761-d32a548376ba	623	0	def sum(a: int, b: int):\n    return a 	WRONG_ANSWER	2025-06-15 15:58:34.989817	6	\N	6	1
231		2025-06-16 08:10:16.257701	\N	python	6144	6	1101953f-0244-45b2-bf0b-7f8684f4496a	271	6	def sum(a: int, b: int):\n    return a + b	ACCEPTED	2025-06-16 08:10:09.156363	6	\N	6	16
232		2025-06-18 13:41:34.970524	\N	python	0	0	aa93579a-3627-4808-806a-fe10404f5b62	0	0	def twoSum(a: List[int], b: int):\n    lookup = {}\n    for i, num in enumerate(a):\n        if b - num in lookup:\n            return [lookup[b - num], i]\n        lookup[num] = i\n	WRONG_ANSWER	2025-06-18 13:41:29.148825	3	\N	40	1
233		2025-06-18 13:44:06.26199	\N	python	3072	3	1be5c3e2-9c7e-4e74-b401-5e3939b01a45	386	31	def twoSum(a: List[int], b: int):\n    lookup = {}\n    for i, num in enumerate(a):\n        if b - num in lookup:\n            return [lookup[b - num], i]\n        lookup[num] = i\n	ACCEPTED	2025-06-18 13:43:59.303259	3	\N	40	1
234		2025-06-18 18:12:04.621264	\N	python	4096	0	cedcc0dd-2a9b-4fef-bbc8-8047b3272903	1732	0	def lengthOfLongestSubstring(a: str):\n    seen = {}\n    left = 0\n    max_len = 0\n\n    for right in range(len(a)):\n        if a[right] in seen and seen[a[right]] >= left:\n            left = seen[a[right]] + 1\n        seen[a[right]] = right\n        max_len = max(max_len, right - left + 1)\n\n    return max_len\n	WRONG_ANSWER	2025-06-18 18:11:50.582409	4	\N	41	1
361		2025-08-10 18:13:03.298242	\N	java	6144	6	3182e5be-607e-4d44-90ab-40d715c29d73	926	12	public class Solution {\n    public int sum(int a, int b) {\n        return a + b;\n    }\n}	ACCEPTED	2025-08-10 18:12:00.909132	6	\N	50	1
189		2025-06-05 11:23:44.403987	\N	java	2048	2	87961269-c235-4032-8ae9-a7fb68fa43b1	2045	2	public class Solution {\n    public int findLongestIncreasingSubsequence(int[] a) {\n        if (a == null || a.length == 0) {\n            return 0;\n        }\n        \n        // Mảng tails lưu giá trị nhỏ nhất kết thúc dãy con tăng có độ dài i + 1\n        int[] tails = new int[a.length];\n        int length = 0; // Độ dài của dãy con tăng dài nhất hiện tại\n        \n        // Khởi tạo tails với phần tử đầu tiên\n        tails[0] = a[0];\n        length = 1;\n        \n        // Duyệt qua mảng\n        for (int i = 1; i < a.length; i++) {\n            if (a[i] > tails[length - 1]) {\n                // Nếu a[i] lớn hơn phần tử cuối, mở rộng dãy\n                tails[length] = a[i];\n                length++;\n            } else {\n                // Tìm kiếm nhị phân để tìm vị trí thay thế trong tails\n                int left = 0;\n                int right = length - 1;\n                while (left < right) {\n                    int mid = left + (right - left) / 2;\n                    if (tails[mid] < a[i]) {\n                        left = mid + 1;\n                    } else {\n                        right = mid;\n                    }\n                }\n                tails[left] = a[i];\n            }\n        }\n        \n        return length;\n    }\n}	ACCEPTED	2025-06-05 11:23:34.316861	2	\N	26	1
192		2025-06-05 11:28:10.92567	\N	java	4096	4	452a2ab1-1876-4aba-bcec-3923c4e89fff	994	4	\n\npublic class Solution {\n    public int[] findPair(int[] a, int b) {\n        // Tạo hash table để lưu số và chỉ số\n        HashMap<Integer, Integer> numMap = new HashMap<>();\n\n        // Duyệt qua mảng\n        for (int i = 0; i < a.length; i++) {\n            int num = a[i];\n            int complement = b - num;\n\n            // Nếu complement đã tồn tại trong hash table, trả về cặp chỉ số\n            if (numMap.containsKey(complement)) {\n                return new int[] { numMap.get(complement), i };\n            }\n\n            // Nếu không, thêm số hiện tại và chỉ số vào hash table\n            numMap.put(num, i);\n        }\n\n        // Đề bài đảm bảo luôn có một cặp số thỏa mãn, nên không cần return trường hợp không tìm thấy\n        return new int[0];\n    }\n}\n	ACCEPTED	2025-06-05 11:28:01.164218	4	\N	3	1
191		2025-06-05 11:27:13.333458	\N	java	4096	4	9fdfba59-d7c3-4b04-9e81-e0455dccba3c	980	4	import java.util.HashMap;\n\npublic class Solution {\n    public int[] findPair(int[] a, int b) {\n        // Tạo hash table để lưu số và chỉ số\n        HashMap<Integer, Integer> numMap = new HashMap<>();\n\n        // Duyệt qua mảng\n        for (int i = 0; i < a.length; i++) {\n            int num = a[i];\n            int complement = b - num;\n\n            // Nếu complement đã tồn tại trong hash table, trả về cặp chỉ số\n            if (numMap.containsKey(complement)) {\n                return new int[] { numMap.get(complement), i };\n            }\n\n            // Nếu không, thêm số hiện tại và chỉ số vào hash table\n            numMap.put(num, i);\n        }\n\n        // Đề bài đảm bảo luôn có một cặp số thỏa mãn, nên không cần return trường hợp không tìm thấy\n        return new int[0];\n    }\n}\n	ACCEPTED	2025-06-05 11:27:03.58698	4	\N	3	1
190		2025-06-05 11:25:30.978469	\N	python	4096	4	cd2df7c2-5232-4856-880f-1a023a2aa2d0	393	4	def find_pair(a: List[int], b: int):\n    num_map = {}\n    \n    for i, num in enumerate(a):\n        complement = b - num\n  \n        if complement in num_map:\n            return [num_map[complement], i]\n    \n        num_map[num] = i\n    \n    return []\n	ACCEPTED	2025-06-05 11:25:23.430382	4	\N	3	1
195		2025-06-05 17:19:07.348696	\N	java	4096	4	ed910635-6126-44fb-8bf5-790a1a44baea	973	4	public class Solution {\n    public int[] findPair(int[] a, int b) {\n\n        HashMap<Integer, Integer> numMap = new HashMap<>();\n\n\n        for (int i = 0; i < a.length; i++) {\n            int num = a[i];\n            int complement = b - num;\n\n\n            if (numMap.containsKey(complement)) {\n                return new int[] { numMap.get(complement), i };\n            }\n\n\n            numMap.put(num, i);\n        }\n\n\n        return new int[0];\n    }\n}\n	ACCEPTED	2025-06-05 17:18:58.024945	4	16	3	1
194		2025-06-05 17:18:05.572939	\N	python	0	0	2b09ea3d-73c1-4ff5-863b-07459d3c0479	0	0	def find_pair(a: List[int], b: int):\n    num_map = {}\n    \n    for i, num in enumerate(a):\n        complement = b - num\n  \n        if complement in num_map:\n            return [num_map[complement], i]\n    \n        num_map[num] = i +1\n    \n    return []\n	WRONG_ANSWER	2025-06-05 17:17:59.912035	4	\N	3	1
193		2025-06-05 17:17:51.015196	\N	python	4096	4	f4ccdfc5-437b-4c13-92b6-ba4fcbd096b3	673	4	def find_pair(a: List[int], b: int):\n    num_map = {}\n    \n    for i, num in enumerate(a):\n        complement = b - num\n  \n        if complement in num_map:\n            return [num_map[complement], i]\n    \n        num_map[num] = i\n    \n    return []\n	ACCEPTED	2025-06-05 17:17:42.429566	4	\N	3	1
198		2025-06-06 08:56:57.664383	\N	python	4096	4	d00252d4-b0f4-4663-9275-c14c9c889240	407	4	def find_pair(a: List[int], b: int):\n    num_map = {}\n    \n    for i, num in enumerate(a):\n        complement = b - num\n  \n        if complement in num_map:\n            return [num_map[complement], i]\n    \n        num_map[num] = i\n    \n    return []\n	ACCEPTED	2025-06-06 08:47:49.203434	4	\N	3	16
197		2025-06-06 06:37:59.134628	\N	python	4096	4	aec6f6c1-2fb0-4ee5-82bc-a85ffce8c88a	313	4	def find_pair(a: List[int], b: int):\n    num_map = {}\n    \n    for i, num in enumerate(a):\n        complement = b - num\n  \n        if complement in num_map:\n            return [num_map[complement], i]\n    \n        num_map[num] = i\n    \n    return []\n	ACCEPTED	2025-06-06 06:37:52.442092	4	\N	3	16
196		2025-06-06 06:37:16.527391	\N	python	6144	5	58f55021-2513-460b-8210-0c4e03d83da0	452	5	def sum(a: int, b: int):\n    return a + b	WRONG_ANSWER	2025-06-06 06:37:07.851882	6	16	6	16
199		2025-06-06 08:56:54.888635	\N	python	4096	4	17a4c9c8-33bd-44e0-8ab3-9411e4838d1c	1100	4	def find_pair(a: List[int], b: int):\n    num_map = {}\n    \n    for i, num in enumerate(a):\n        complement = b - num\n  \n        if complement in num_map:\n            return [num_map[complement], i]\n    \n        num_map[num] = i\n    \n    return []\n	ACCEPTED	2025-06-06 08:48:09.483489	4	\N	3	16
203		2025-06-06 08:57:11.253735	\N	python	6144	6	df261189-986a-42b5-90b4-dfa7a5bf8c63	322	6	def sum(a: int, b: int):\n   return a + b	ACCEPTED	2025-06-06 08:57:03.845128	6	\N	6	16
202		2025-06-06 08:57:05.658546	\N	python	6144	6	184133de-0e77-4a73-928b-30d98ec2eaf4	406	6	def sum(a: int, b: int):\n    return a + b	ACCEPTED	2025-06-06 08:55:50.802872	6	\N	6	16
204		2025-06-06 08:57:33.100422	\N	python	1024	0	6374525f-0cae-4985-94e7-8626652718a0	381	0	def sum(a: int, b: int):\n   return a	WRONG_ANSWER	2025-06-06 08:57:25.869666	6	\N	6	16
320		2025-06-21 08:33:19.363765	\N	python	4096	4	633ddfe9-b10c-428d-8d12-02fb9cf6a812	474	75	def maxSubArray(a: List[int]) :\n    max_sum = a[0]  # Khởi tạo tổng lớn nhất là phần tử đầu tiên\n    current_sum = a[0]  # Khởi tạo tổng hiện tại là phần tử đầu tiên\n    \n    for num in a[1:]:  # Duyệt từ phần tử thứ hai\n        current_sum = max(num, current_sum + num)  # Chọn giữa bắt đầu mới từ num hoặc cộng num vào tổng hiện tại\n        max_sum = max(max_sum, current_sum)  # Cập nhật tổng lớn nhất nếu cần\n    \n    return max_sum	ACCEPTED	2025-06-21 08:29:39.574555	4	\N	43	1
235		2025-06-18 18:12:57.142531	\N	python	3072	3	e3917b8f-d3ec-4f04-bacb-fdaceda73056	1616	31	def twoSum(a: List[int], b: int):\n    lookup = {}\n    for i, num in enumerate(a):\n        if b - num in lookup:\n            return [lookup[b - num], i]\n        lookup[num] = i\n	ACCEPTED	2025-06-18 18:12:46.69699	3	\N	40	1
321		2025-06-21 08:33:21.045399	\N	python	4096	4	161c8673-8011-48dc-a67f-eb5c3025053c	291	75	def maxSubArray(a: List[int]) :\n    max_sum = a[0]  # Khởi tạo tổng lớn nhất là phần tử đầu tiên\n    current_sum = a[0]  # Khởi tạo tổng hiện tại là phần tử đầu tiên\n    \n    for num in a[1:]:  # Duyệt từ phần tử thứ hai\n        current_sum = max(num, current_sum + num)  # Chọn giữa bắt đầu mới từ num hoặc cộng num vào tổng hiện tại\n        max_sum = max(max_sum, current_sum)  # Cập nhật tổng lớn nhất nếu cần\n    \n    return max_sum	ACCEPTED	2025-06-21 08:29:57.322458	4	\N	43	1
304		2025-06-20 21:23:52.547609	\N	python	4096	4	15523ed1-b5d8-4007-915e-f1fef13f8e56	1945	75	def maxSubArray(a: List[int]) :\n    max_sum = a[0]  # Khởi tạo tổng lớn nhất là phần tử đầu tiên\n    current_sum = a[0]  # Khởi tạo tổng hiện tại là phần tử đầu tiên\n    \n    for num in a[1:]:  # Duyệt từ phần tử thứ hai\n        current_sum = max(num, current_sum + num)  # Chọn giữa bắt đầu mới từ num hoặc cộng num vào tổng hiện tại\n        max_sum = max(max_sum, current_sum)  # Cập nhật tổng lớn nhất nếu cần\n    \n    return max_sum	ACCEPTED	2025-06-20 21:23:38.216529	4	19	43	1
380		2025-08-10 18:15:49.453976	\N	java	6144	6	41d0e49b-963a-453c-801b-6833376dd634	2166	12	public class Solution {\n    public int sum(int a, int b) {\n        return a + b;\n    }\n}	ACCEPTED	2025-08-10 18:13:43.622689	6	\N	50	1
411		\N	\N	java	\N	0	c7f24fb8-52d8-4a3c-bbaf-9a10e47b3cef	\N	\N	public class Solution {\n    public int sum(int a, int b) {\n        return a + b;\n    }\n}	PENDING	2025-08-10 18:14:41.430291	6	\N	50	1
323		2025-06-21 08:33:15.178284	\N	java	6144	6	3a2c20be-cec2-4919-bd35-22326e3e4610	1254	12	public class Solution {\n    public int sum(int a, int b) {\n        return a + b;\n    }\n}	ACCEPTED	2025-06-21 08:30:40.344795	6	\N	50	1
356		2025-08-10 18:12:13.141003	\N	java	6144	6	7b2315a9-7577-4251-860e-bed40fc63538	1107	12	public class Solution {\n    public int sum(int a, int b) {\n        return a + b;\n    }\n}	ACCEPTED	2025-08-10 18:12:00.097476	6	\N	50	1
364		2025-08-10 18:12:36.40904	\N	java	6144	6	b4f7bd4b-358d-4364-ae6f-d5abe36fcc12	1189	12	public class Solution {\n    public int sum(int a, int b) {\n        return a + b;\n    }\n}	ACCEPTED	2025-08-10 18:12:01.58653	6	\N	50	1
392		2025-08-10 18:15:22.162354	\N	java	6144	6	a8107d59-936b-45d4-aadd-355244d59661	1050	12	public class Solution {\n    public int sum(int a, int b) {\n        return a + b;\n    }\n}	ACCEPTED	2025-08-10 18:13:44.637696	6	\N	50	1
375		2025-08-10 18:12:56.967372	\N	java	6144	6	ea6c80dc-7743-4060-94bf-dc9b1e7b7c51	999	12	public class Solution {\n    public int sum(int a, int b) {\n        return a + b;\n    }\n}	ACCEPTED	2025-08-10 18:12:02.030213	6	\N	50	1
365		2025-08-10 18:13:10.263368	\N	java	6144	6	b22e7fc8-9af5-4ef2-b026-79328f15f3d4	1017	12	public class Solution {\n    public int sum(int a, int b) {\n        return a + b;\n    }\n}	ACCEPTED	2025-08-10 18:12:01.614678	6	\N	50	1
394		\N	\N	java	\N	0	b6a6dd75-5e8f-4f90-bd24-cf07aee3122b	\N	\N	public class Solution {\n    public int sum(int a, int b) {\n        return a + b;\n    }\n}	PENDING	2025-08-10 18:13:44.845974	6	\N	50	1
414		\N	\N	java	\N	0	a0575867-b177-43e9-95a7-5a1f84708cf8	\N	\N	public class Solution {\n    public int sum(int a, int b) {\n        return a + b;\n    }\n}	PENDING	2025-08-10 18:14:41.529654	6	\N	50	1
371		2025-08-10 18:14:00.799645	\N	java	6144	6	582a1923-1550-4889-acb0-ffdb4a516e95	824	12	public class Solution {\n    public int sum(int a, int b) {\n        return a + b;\n    }\n}	ACCEPTED	2025-08-10 18:12:01.828964	6	\N	50	1
388		2025-08-10 18:14:25.626254	\N	java	6144	6	3fee2d4a-6a08-47df-a5e0-372e9faad999	997	12	public class Solution {\n    public int sum(int a, int b) {\n        return a + b;\n    }\n}	ACCEPTED	2025-08-10 18:13:44.41636	6	\N	50	1
401		2025-08-10 18:18:13.15663	\N	java	6144	4	74d6d390-1512-4ebe-ba46-4d3f0828c66e	5775	8	public class Solution {\n    public int sum(int a, int b) {\n        return a + b;\n    }\n}	WRONG_ANSWER	2025-08-10 18:14:40.87992	6	\N	50	1
406		\N	\N	java	\N	0	28c851a0-2a73-494c-b126-d59758601552	\N	\N	public class Solution {\n    public int sum(int a, int b) {\n        return a + b;\n    }\n}	PENDING	2025-08-10 18:14:41.241004	6	\N	50	1
407		\N	\N	java	\N	0	9dcf30dc-da96-4850-8ddd-92dc1e1f52d5	\N	\N	public class Solution {\n    public int sum(int a, int b) {\n        return a + b;\n    }\n}	PENDING	2025-08-10 18:14:41.301687	6	\N	50	1
416		\N	\N	java	\N	0	cd550741-00df-4a70-98cc-4a4db450d085	\N	\N	public class Solution {\n    public int sum(int a, int b) {\n        return a + b;\n    }\n}	PENDING	2025-08-10 18:14:41.677604	6	\N	50	1
417		\N	\N	java	\N	0	0c41616b-2cad-459c-9c64-164134207938	\N	\N	public class Solution {\n    public int sum(int a, int b) {\n        return a + b;\n    }\n}	PENDING	2025-08-10 18:14:41.735843	6	\N	50	1
421		\N	\N	java	\N	0	eee8cf6a-0d76-48f5-af82-de28a9066b09	\N	\N	public class Solution {\n    public int sum(int a, int b) {\n        return a + b;\n    }\n}	PENDING	2025-08-10 18:14:41.882428	6	\N	50	1
422		\N	\N	java	\N	0	1e2f71ef-bd7c-4e80-aa71-304a2c2cbd94	\N	\N	public class Solution {\n    public int sum(int a, int b) {\n        return a + b;\n    }\n}	PENDING	2025-08-10 18:14:41.926327	6	\N	50	1
426		\N	\N	java	\N	0	9e2bd423-7cbc-4636-ad99-f06a0a95b69b	\N	\N	public class Solution {\n    public int sum(int a, int b) {\n        return a + b;\n    }\n}	PENDING	2025-08-10 18:14:42.083402	6	\N	50	1
431		\N	\N	java	\N	0	b6563e16-50a1-41a0-a7a0-f5220e236c63	\N	\N	public class Solution {\n    public int sum(int a, int b) {\n        return a + b;\n    }\n}	PENDING	2025-08-10 18:14:42.271117	6	\N	50	1
236		2025-06-18 18:14:50.150737	\N	python	3072	3	8c4f02fb-7193-4f37-940f-f247e436fdcd	357	31	def twoSum(a: List[int], b: int):\n    lookup = {}\n    for i, num in enumerate(a):\n        if b - num in lookup:\n            return [lookup[b - num], i]\n        lookup[num] = i\n	ACCEPTED	2025-06-18 18:14:43.28542	3	18	40	1
332		2025-06-23 13:00:38.364319	\N	python	4096	4	a1a6d64a-aa24-4635-b544-c5432e9b779f	462	4	def maxSubArray(a: List[int]) :\n    max_sum = a[0]  # Khởi tạo tổng lớn nhất là phần tử đầu tiên\n    current_sum = a[0]  # Khởi tạo tổng hiện tại là phần tử đầu tiên\n    \n    for num in a[1:]:  # Duyệt từ phần tử thứ hai\n        current_sum = max(num, current_sum + num)  # Chọn giữa bắt đầu mới từ num hoặc cộng num vào tổng hiện tại\n        max_sum = max(max_sum, current_sum)  # Cập nhật tổng lớn nhất nếu cần\n    \n    return max_sum	ACCEPTED	2025-06-23 13:00:30.596872	4	\N	88	1
305		2025-06-20 21:26:25.042006	\N	python	4096	4	46e11ce0-0eb0-418e-a894-23dd51849c91	879	75	def maxSubArray(a: List[int]) :\n    max_sum = a[0]  # Khởi tạo tổng lớn nhất là phần tử đầu tiên\n    current_sum = a[0]  # Khởi tạo tổng hiện tại là phần tử đầu tiên\n    \n    for num in a[1:]:  # Duyệt từ phần tử thứ hai\n        current_sum = max(num, current_sum + num)  # Chọn giữa bắt đầu mới từ num hoặc cộng num vào tổng hiện tại\n        max_sum = max(max_sum, current_sum)  # Cập nhật tổng lớn nhất nếu cần\n    \n    return max_sum\n	ACCEPTED	2025-06-20 21:26:15.282631	4	19	43	1
309		2025-06-20 21:55:38.967734	\N	python	3072	0	1d9ce498-57d9-4f1f-bc4d-1a7c58a5590c	573	0	def twoSum(a: List[int], b: int):\n    # Write your code here	WRONG_ANSWER	2025-06-20 21:55:31.067929	3	\N	40	1
324		2025-06-21 08:33:16.959481	\N	python	4096	0	e386114f-7324-4257-a1ce-dd3a7f3f47a5	307	0	def fib(a: int):\n    if a == 0:\n        return 0\n    if a == 1:\n        return 1\n    \n    prev2, prev1 = 0, 1\n    for i in range(2, a + 1):\n        curr = prev1 + prev2\n        prev2 = prev1\n        prev1 = curr\n    return curr	WRONG_ANSWER	2025-06-21 08:31:49.514697	4	\N	90	1
311		2025-06-21 05:10:55.911218	\N	python	4096	4	e25f8264-51c6-415e-a4db-dc336fa20944	353	4	def maxSubArray(a: List[int]) :\n    max_sum = a[0]  # Khởi tạo tổng lớn nhất là phần tử đầu tiên\n    current_sum = a[0]  # Khởi tạo tổng hiện tại là phần tử đầu tiên\n    \n    for num in a[1:]:  # Duyệt từ phần tử thứ hai\n        current_sum = max(num, current_sum + num)  # Chọn giữa bắt đầu mới từ num hoặc cộng num vào tổng hiện tại\n        max_sum = max(max_sum, current_sum)  # Cập nhật tổng lớn nhất nếu cần\n    \n    return max_sum	ACCEPTED	2025-06-21 05:10:48.406547	4	\N	88	1
322		2025-06-21 08:33:22.968217	\N	python	4096	4	a8faa496-0ef6-4f5a-b0a8-a46a0e986936	358	75	def maxSubArray(a: List[int]) :\n    max_sum = a[0]  # Khởi tạo tổng lớn nhất là phần tử đầu tiên\n    current_sum = a[0]  # Khởi tạo tổng hiện tại là phần tử đầu tiên\n    \n    for num in a[1:]:  # Duyệt từ phần tử thứ hai\n        current_sum = max(num, current_sum + num)  # Chọn giữa bắt đầu mới từ num hoặc cộng num vào tổng hiện tại\n        max_sum = max(max_sum, current_sum)  # Cập nhật tổng lớn nhất nếu cần\n    \n    return max_sum	ACCEPTED	2025-06-21 08:30:25.190645	4	\N	43	1
334		2025-06-26 10:37:39.357226	\N	java	1024	1	e71bfc63-e890-467d-a847-492323076e38	2397	1	public class Solution {\n    public int dif(int a, int b) {\n        return a - b;\n    }\n}	WRONG_ANSWER	2025-06-26 10:37:30.34238	5	\N	51	1
333		2025-06-23 13:00:58.19377	\N	python	4096	2	2a7356a9-d57b-4c69-8597-acc00ad4c3b6	291	2	def maxSubArray(a: List[int]) :\n    max_sum = a[0]  # Khởi tạo tổng lớn nhất là phần tử đầu tiên\n    current_sum = a[0]  # Khởi tạo tổng hiện tại là phần tử đầu tiên\n    \n    for num in a[1:]:  # Duyệt từ phần tử thứ hai\n        current_sum = max(num, current_sum + nu)  # Chọn giữa bắt đầu mới từ num hoặc cộng num vào tổng hiện tại\n        max_sum = max(max_sum, current_sum)  # Cập nhật tổng lớn nhất nếu cần\n    \n    return max_sum	WRONG_ANSWER	2025-06-23 13:00:51.660057	4	\N	88	1
338		2025-06-26 13:45:46.002723	\N	python	3072	0	b08ac4eb-23c5-45d3-b9fc-a30aabf098c1	1	0	def twoSum(a: List[int], b: int):\n    seen = {}  # Hash map lưu giá trị và chỉ số\n    for i, num in enumerate(a):\n        complement = b - num\n        if complement in seen:\n            return [seen[complement], i]\n        seen[num] = i\n    return []  # Không tìm thấy giải pháp (dù đề đảm bảo có giải pháp)	WRONG_ANSWER	2025-06-26 13:45:39.472055	3	\N	40	1
335		2025-06-26 10:38:36.768688	\N	python	3072	3	bd4d74be-fe89-4083-95f6-ce5ebc3271f0	346	31	def twoSum(a: List[int], b: int):\n    seen = {}  # Hash map lưu giá trị và chỉ số\n    for i, num in enumerate(a):\n        complement = b - num\n        if complement in seen:\n            return [seen[complement], i]\n        seen[num] = i\n    return []  # Không tìm thấy giải pháp (dù đề đảm bảo có giải pháp)	ACCEPTED	2025-06-26 10:38:30.357439	3	\N	40	1
340		2025-06-26 13:46:11.221011	\N	python	3072	0	ecf5f48e-9608-4559-9a02-f4f3e5ae72e5	1	0	def twoSum(a: List[int], b: int):\n    seen = {}  # Hash map lưu giá trị và chỉ số\n    for i, num in enumerate(a):\n        complement = b - num\n        if complement in seen:\n            return [seen[complement], i]\n        seen[num] = i\n    return []  # Không tìm thấy giải pháp (dù đề đảm bảo có giải pháp)	WRONG_ANSWER	2025-06-26 13:46:05.875454	3	\N	40	1
342		2025-07-15 16:59:09.543232	\N	python	4096	4	31c44996-c2cf-4ee0-90fc-9bed8d1cb61b	716	75	def maxSubArray(a: List[int]) :\n    max_sum = a[0]  # Khởi tạo tổng lớn nhất là phần tử đầu tiên\n    current_sum = a[0]  # Khởi tạo tổng hiện tại là phần tử đầu tiên\n    \n    for num in a[1:]:  # Duyệt từ phần tử thứ hai\n        current_sum = max(num, current_sum + num)  # Chọn giữa bắt đầu mới từ num hoặc cộng num vào tổng hiện tại\n        max_sum = max(max_sum, current_sum)  # Cập nhật tổng lớn nhất nếu cần\n    \n    return max_sum	ACCEPTED	2025-07-15 16:59:00.533957	4	\N	43	1
341		2025-07-15 16:57:32.102492	\N	python	4096	4	714cf95e-fa03-4d85-a2d9-e9d720658b40	541	70	def reverse(a: int):\n    r = int(str(abs(a))[::-1]) * (-1 if a < 0 else 1)\n    return r if -2**31 <= r <= 2**31 - 1 else 0	ACCEPTED	2025-07-15 16:57:23.947841	4	\N	45	1
369		2025-08-10 18:12:43.154982	\N	java	6144	6	6ea84249-606b-4a90-8a1a-03604ec7280f	963	12	public class Solution {\n    public int sum(int a, int b) {\n        return a + b;\n    }\n}	ACCEPTED	2025-08-10 18:12:01.825469	6	\N	50	1
241		2025-06-19 12:52:41.343654	\N	python	4096	4	f60b6362-e3c5-4062-95cd-56b192314374	263	70	def lengthOfLongestSubstring(a: str):\n    seen = set()\n    left = 0\n    max_len = 0\n\n    for right in range(len(a)):\n        while a[right] in seen:\n            seen.remove(a[left])\n            left += 1\n        seen.add(a[right])\n        max_len = max(max_len, right - left + 1)\n\n    return max_len\n	ACCEPTED	2025-06-19 12:52:34.504072	4	\N	41	1
237		2025-06-19 12:46:41.084453	\N	python	4096	0	f1df6eee-98d0-4061-8965-557c4f09161d	332	0	def lengthOfLongestSubstring(a: str) -> int:\n    seen = set()\n    left = 0\n    max_len = 0\n\n    for right in range(len(a)):\n        while a[right] in seen:\n            seen.remove(a[left])\n            left += 1\n        seen.add(a[right])\n        max_len = max(max_len, right - left + 1)\n\n    return max_len\n	WRONG_ANSWER	2025-06-19 12:46:33.864622	4	\N	41	1
293		2025-06-20 20:51:06.795154	\N	java	5120	4	64f0149b-8d8e-4dd0-aa56-84005355b07a	992	4	public class Solution {\n    public int count_primes_in_range(int a, int b) {\n        if (a > b || b < 2) return 0;\n        \n        // Adjust a to be at least 2 since primes start from 2\n        a = Math.max(2, a);\n        \n        // Create boolean array for the range [a, b]\n        boolean[] isPrime = new boolean[b - a + 1];\n        for (int i = 0; i <= b - a; i++) {\n            isPrime[i] = true;\n        }\n        \n        // Use Sieve of Eratosthenes to mark non-primes\n        for (long i = 2; i * i <= b; i++) {\n            // Find first multiple of i >= a\n            long start = ((a + i - 1) / i) * i;\n            if (start == i) start = i * i; // Start from i*i if i < a\n            \n            // Mark multiples of i as non-prime\n            for (long j = start; j <= b; j += i) {\n                isPrime[(int)(j - a)] = false;\n            }\n        }\n        \n        // Count primes in the range\n        int count = 0;\n        for (int i = 0; i <= b - a; i++) {\n            if (isPrime[i]) {\n                count++;\n            }\n        }\n        \n        // Special case: if a <= 1 <= b, 1 is not prime\n        if (a <= 1 && 1 <= b) {\n            count--;\n        }\n        \n        return count;\n    }\n}	WRONG_ANSWER	2025-06-20 20:50:55.957526	5	\N	91	1
238		2025-06-19 12:47:53.892542	\N	java	4096	0	fdf113a8-6841-4d0b-9330-d9ea38a4d06c	844	0	import java.util.HashSet;\n\npublic class Solution {\n    public int lengthOfLongestSubstring(String a) {\n        HashSet<Character> seen = new HashSet<>();\n        int left = 0, maxLen = 0;\n\n        for (int right = 0; right < a.length(); right++) {\n            while (seen.contains(a.charAt(right))) {\n                seen.remove(a.charAt(left));\n                left++;\n            }\n            seen.add(a.charAt(right));\n            maxLen = Math.max(maxLen, right - left + 1);\n        }\n\n        return maxLen;\n    }\n}\n	WRONG_ANSWER	2025-06-19 12:47:44.640858	4	\N	41	1
242		2025-06-19 12:52:51.341903	\N	python	4096	4	30055ccd-6be0-4a8d-9610-824ffbcfac81	234	70	def lengthOfLongestSubstring(a: str):\n    seen = set()\n    left = 0\n    max_len = 0\n\n    for right in range(len(a)):\n        while a[right] in seen:\n            seen.remove(a[left])\n            left += 1\n        seen.add(a[right])\n        max_len = max(max_len, right - left + 1)\n\n    return max_len\n	ACCEPTED	2025-06-19 12:52:44.808648	4	\N	41	1
239		2025-06-19 12:49:48.101545	\N	python	4096	0	2e0233af-5640-4b08-88c6-acfd2dca4ede	317	0	def lengthOfLongestSubstring(a: str) -> int:\n    seen = set()\n    left = 0\n    max_len = 0\n\n    for right in range(len(a)):\n        while a[right] in seen:\n            seen.remove(a[left])\n            left += 1\n        seen.add(a[right])\n        max_len = max(max_len, right - left + 1)\n\n    return max_len\n	WRONG_ANSWER	2025-06-19 12:49:41.163113	4	\N	41	1
251		2025-06-20 06:21:45.22939	\N	java	9216	0	23ef009b-7347-4088-bd7f-dda7857310a9	912	0	public class Solution {\n    public int sum(int a, int b) {\n        // Write your code here\n    }\n}	WRONG_ANSWER	2025-06-20 06:21:31.126536	9	\N	49	1
244		2025-06-19 13:00:20.65034	\N	python	4096	4	e0fe7776-9726-4831-90fc-f388e43b3d77	347	75	def maxSubArray(a: List[int]):\n    max_sum = current_sum = a[0]\n\n    for num in a[1:]:\n        current_sum = max(num, current_sum + num)\n        max_sum = max(max_sum, current_sum)\n\n    return max_sum	ACCEPTED	2025-06-19 13:00:13.44967	4	\N	43	1
248		2025-06-20 06:19:23.176368	\N	java	9216	6	b61425f3-dd6d-49ba-aa6a-c3fb9c4d4672	2747	6	public class Solution {\n    public int sum(int a, int b) {\n        return a + b;\n    }\n}	WRONG_ANSWER	2025-06-20 06:18:51.650598	9	\N	49	1
249		2025-06-20 06:19:26.418124	\N	java	0	0	fe20455d-0843-427d-a8a8-ed84efd6f9a1	0	0	public class Solution {\n    public int sum(int a, int b) {\n        return a;\n    }\n}	WRONG_ANSWER	2025-06-20 06:19:09.449944	9	\N	49	1
246		2025-06-20 06:17:50.903078	\N	java	9216	7	ebf6b6c4-ce98-498c-91ee-71523726ae71	2635	7	public class Solution {\n    public int sum(int a, int b) {\n        return a + b;\n    }\n}	WRONG_ANSWER	2025-06-20 06:17:20.088452	9	\N	49	1
247		2025-06-20 06:18:19.863431	\N	java	9216	7	3e7bfd0d-d8b8-410b-b4dc-b16d27331fa5	2984	7	public class Solution {\n    public int sum(int a, int b) {\n        return a + b;\n    }\n}	WRONG_ANSWER	2025-06-20 06:17:39.129747	9	\N	49	1
252		2025-06-20 06:22:32.169106	\N	java	9216	7	a864dff2-6132-44b5-803f-fcbf3765daf4	772	7	public class Solution {\n    public int sum(int a, int b) {\n        return a + b;\n    }\n}	WRONG_ANSWER	2025-06-20 06:22:19.719265	9	\N	49	1
250		2025-06-20 06:21:13.424891	\N	python	4096	4	e3025abb-b808-4fc8-92c9-978d6df6ebd2	932	70	def isPalindrome(a: int):\n    if a < 0 or (a % 10 == 0 and a != 0):\n        return False\n\n    reversed_half = 0\n    while a > reversed_half:\n        reversed_half = reversed_half * 10 + a % 10\n        a //= 10\n\n    return a == reversed_half or a == reversed_half // 10\n	ACCEPTED	2025-06-20 06:21:03.691621	4	\N	44	1
336		2025-06-26 10:40:13.814408	\N	java	6144	6	7ff1ed9c-8f77-4118-ae2e-188a6662e6f4	909	12	public class Solution {\n    public int sum(int a, int b) {\n        return a + b;\n    }\n}	ACCEPTED	2025-06-26 10:40:02.555232	6	\N	50	1
310		2025-06-20 21:57:04.062879	\N	java	1024	1	574805b0-1ca1-489a-b064-0d4a725a10ed	1578	1	public class Solution {\n    public int dif(int a, int b) {\n        return a - b;\n    }\n}	WRONG_ANSWER	2025-06-20 21:56:55.57595	5	\N	51	1
337		2025-06-26 10:40:44.67677	\N	java	6144	6	13ddce01-df48-44a2-9ade-5e94c9e061a7	808	12	public class Solution {\n    public int sum(int a, int b) {\n        return a + b;\n    }\n}	ACCEPTED	2025-06-26 10:40:34.459553	6	\N	50	1
374		2025-08-10 18:13:36.441752	\N	java	6144	6	ec41207e-eb28-46de-8020-2b8030050454	913	12	public class Solution {\n    public int sum(int a, int b) {\n        return a + b;\n    }\n}	ACCEPTED	2025-08-10 18:12:02.030213	6	\N	50	1
240		2025-06-19 12:49:56.835374	\N	python	4096	0	ab6ba44b-7330-428c-9cc4-580b8a9db112	231	0	def lengthOfLongestSubstring(a: str):\n    seen = set()\n    left = 0\n    max_len = 0\n\n    for right in range(len(a)):\n        while a[right] in seen:\n            seen.remove(a[left])\n            left += 1\n        seen.add(a[right])\n        max_len = max(max_len, right - left + 1)\n\n    return max_len\n	WRONG_ANSWER	2025-06-19 12:49:50.555523	4	\N	41	1
306		2025-06-20 21:27:51.128265	\N	python	4096	3	735a5540-f334-4f3c-8e98-34659e720275	2793	55	def reverse(a: int):\n    # Xử lý dấu: lưu dấu và làm việc với giá trị tuyệt đối\n    sign = 1 if a >= 0 else -1\n    a = abs(a)\n    \n    # Đảo ngược chữ số bằng cách chuyển thành chuỗi\n    reversed_num = 0\n    while a > 0:\n        digit = a % 10  # Lấy chữ số cuối\n        reversed_num = reversed_num * 10 + digit  # Thêm chữ số vào kết quả\n        a //= 10  # Bỏ chữ số cuối\n        \n    # Áp dụng dấu\n    reversed_num *= sign\n    \n    # Kiểm tra giới hạn 32 bit\n    if reversed_num < -2**31 or reversed_num > 2**31 - 1:\n        return 0\n        \n    return reversed_num	WRONG_ANSWER	2025-06-20 21:27:32.667737	4	19	45	1
245		2025-06-19 13:01:30.638867	\N	python	4096	4	2413648a-2b66-446b-ad47-8fb8a894535c	225	70	def isPalindrome(a: int):\n    if a < 0:\n        return False\n    return str(a) == str(a)[::-1]\n	ACCEPTED	2025-06-19 13:01:24.092862	4	\N	44	1
312		2025-06-21 05:12:43.432941	\N	java	4096	4	25cf8a93-9a4b-484c-bb49-563782233a7b	1089	75	public class Solution {\n    public int maxSubArray(int[] a) {\n        int maxSum = a[0];        // Tổng lớn nhất ban đầu là phần tử đầu tiên\n        int currentSum = a[0];    // Tổng hiện tại cũng là phần tử đầu tiên\n\n        for (int i = 1; i < a.length; i++) {\n            currentSum = Math.max(a[i], currentSum + a[i]);  // Bắt đầu mới hoặc tiếp tục\n            maxSum = Math.max(maxSum, currentSum);           // Cập nhật tổng lớn nhất nếu cần\n        }\n\n        return maxSum;\n    }\n}\n	ACCEPTED	2025-06-21 05:12:33.203077	4	\N	43	1
253		2025-06-20 07:20:30.46233	\N	java	6144	6	0376aba1-2cc5-4869-bd82-38077375140f	992	6	public class Solution {\n    public int sum(int a, int b) {\n        return a + b;\n    }\n}	ACCEPTED	2025-06-20 07:20:18.70342	6	\N	50	1
308		2025-06-20 21:29:33.942167	\N	python	4096	4	69b14fe4-8660-482c-a438-a903cba4aea0	1322	70	def reverse(a: int):\n    sign = 1 if a >= 0 else -1\n    reversed_str = str(abs(a))[::-1]\n    \n    # Chuyển lại thành số nguyên\n    try:\n        result = sign * int(reversed_str)\n        # Kiểm tra giới hạn 32 bit\n        if result < -2**31 or result > 2**31 - 1:\n            return 0\n        return result\n    except ValueError:\n        return 0	ACCEPTED	2025-06-20 21:29:22.39251	4	19	45	1
255		2025-06-20 07:35:03.274197	\N	java	1024	1	40917d13-6716-40e1-9aef-5a87f6300461	2819	2	public class Solution {\n    public int sum(int a, int b) {\n        return a;\n    }\n}	WRONG_ANSWER	2025-06-20 07:34:52.690547	6	\N	50	1
327		2025-06-21 08:33:53.194394	\N	python	4096	4	1f0501c9-e811-4b54-b3a0-4d5ec18dfacf	350	75	def maxSubArray(a: List[int]) :\n    max_sum = a[0]  # Khởi tạo tổng lớn nhất là phần tử đầu tiên\n    current_sum = a[0]  # Khởi tạo tổng hiện tại là phần tử đầu tiên\n    \n    for num in a[1:]:  # Duyệt từ phần tử thứ hai\n        current_sum = max(num, current_sum + num)  # Chọn giữa bắt đầu mới từ num hoặc cộng num vào tổng hiện tại\n        max_sum = max(max_sum, current_sum)  # Cập nhật tổng lớn nhất nếu cần\n    \n    return max_sum	ACCEPTED	2025-06-21 08:33:46.112278	4	\N	43	1
256		2025-06-20 07:43:51.432881	\N	java	1024	1	47aa3f07-f044-444b-a640-2d2015caefad	3267	1	public class Solution {\n    public int dif(int a, int b) {\n        return a -b;\n    }\n}	WRONG_ANSWER	2025-06-20 07:43:39.406905	5	\N	51	1
326		2025-06-21 08:33:24.81418	\N	python	4096	0	a3f74828-6cca-481e-98f5-a7fa3e9af5d5	329	0	def fib(a: int):\n    if a == 0:\n        return 0\n    if a == 1:\n        return 1\n    \n    prev2, prev1 = 0, 1\n    for i in range(2, a + 1):\n        curr = prev1 + prev2\n        prev2 = prev1\n        prev1 = curr\n    return curr	WRONG_ANSWER	2025-06-21 08:33:11.248333	4	\N	90	1
328		2025-06-21 08:34:09.089003	\N	python	4096	4	fe0dc240-76d1-45f8-a901-6ae04f269070	273	75	def maxSubArray(a: List[int]) :\n    max_sum = a[0]  # Khởi tạo tổng lớn nhất là phần tử đầu tiên\n    current_sum = a[0]  # Khởi tạo tổng hiện tại là phần tử đầu tiên\n    \n    for num in a[1:]:  # Duyệt từ phần tử thứ hai\n        current_sum = max(num, current_sum + num)  # Chọn giữa bắt đầu mới từ num hoặc cộng num vào tổng hiện tại\n        max_sum = max(max_sum, current_sum)  # Cập nhật tổng lớn nhất nếu cần\n    \n    return max_sum	ACCEPTED	2025-06-21 08:34:02.636596	4	\N	43	1
331		2025-06-21 08:46:37.179902	\N	python	3072	3	cc236929-afb3-4613-81b3-9026e72759c8	293	31	def twoSum(a: List[int], b: int):\n    seen = {}  # Hash map lưu giá trị và chỉ số\n    for i, num in enumerate(a):\n        complement = b - num\n        if complement in seen:\n            return [seen[complement], i]\n        seen[num] = i\n    return []  # Không tìm thấy giải pháp (dù đề đảm bảo có giải pháp)	ACCEPTED	2025-06-21 08:46:30.670628	3	19	40	16
339		2025-06-26 13:45:55.463251	\N	python	3072	0	4ee5ea85-7526-44d4-a291-7d072f0f1ecc	1	0	def twoSum(a: List[int], b: int):\n    seen = {}  # Hash map lưu giá trị và chỉ số\n    for i, num in enumerate(a):\n        complement = b - num\n        if complement in seen:\n            return [seen[complement], i]\n        seen[num] = i\n    return []  # Không tìm thấy giải pháp (dù đề đảm bảo có giải pháp)	WRONG_ANSWER	2025-06-26 13:45:50.018785	3	\N	40	1
343		2025-07-15 17:02:07.898869	\N	python	3072	3	dee823f1-eb31-4325-ac2e-f6887f7f3192	482	31	def twoSum(a: List[int], b: int):\n    seen = {}  # Hash map lưu giá trị và chỉ số\n    for i, num in enumerate(a):\n        complement = b - num\n        if complement in seen:\n            return [seen[complement], i]\n        seen[num] = i\n    return []  # Không tìm thấy giải pháp (dù đề đảm bảo có giải pháp)	ACCEPTED	2025-07-15 17:02:00.686483	3	\N	40	1
385		2025-08-10 18:14:55.361211	\N	java	6144	6	5f6eda99-ad97-4b86-85d4-173593fc7337	1732	12	public class Solution {\n    public int sum(int a, int b) {\n        return a + b;\n    }\n}	ACCEPTED	2025-08-10 18:13:44.402571	6	\N	50	1
391		2025-08-10 18:15:15.282343	\N	java	6144	6	bc646c27-1149-4d9e-829f-44dd98f81da6	1015	12	public class Solution {\n    public int sum(int a, int b) {\n        return a + b;\n    }\n}	ACCEPTED	2025-08-10 18:13:44.637753	6	\N	50	1
395		\N	\N	java	\N	0	72b901b7-5677-45f0-a61d-7663828fe959	\N	\N	public class Solution {\n    public int sum(int a, int b) {\n        return a + b;\n    }\n}	PROCESSING	2025-08-10 18:13:44.845974	6	\N	50	1
243		2025-06-19 12:53:55.811869	\N	python	4096	4	a53f8993-e166-4842-9a3b-91a202437957	255	50	def isValid(a: str):\n    stack = []\n    mapping = {')': '(', ']': '[', '}': '{'}\n\n    for char in a:\n        if char in mapping.values():\n            stack.append(char)\n        elif char in mapping:\n            if not stack or stack[-1] != mapping[char]:\n                return False\n            stack.pop()\n        else:\n            return False  # không phải ký tự ngoặc hợp lệ\n\n    return not stack\n	ACCEPTED	2025-06-19 12:53:49.066548	4	\N	42	1
345		2025-07-16 20:19:44.980112	\N	python	4096	4	7f0cdc05-7441-4f2e-b37d-22ecfac963fa	746	70	def lengthOfLongestSubstring(a: str):\n    char_set = set()\n    left = 0\n    max_len = 0\n\n    for right in range(len(a)):\n        while a[right] in char_set:\n            char_set.remove(a[left])\n            left += 1\n        char_set.add(a[right])\n        max_len = max(max_len, right - left + 1)\n    \n    return max_len	ACCEPTED	2025-07-16 20:19:36.144592	4	\N	41	1
317		2025-06-21 05:58:26.237006	\N	python	5120	4	b57c70f0-4a07-4009-8131-2d3ce86c93c9	1798	4	def fib(a: int):\n    if a == 0:\n        return 0\n    if a == 1:\n        return 1\n    \n    prev2, prev1 = 0, 1\n    for i in range(2, a + 1):\n        curr = prev1 + prev2\n        prev2 = prev1\n        prev1 = curr\n    return curr	WRONG_ANSWER	2025-06-21 05:58:11.332825	5	\N	86	1
254		2025-06-20 07:33:02.136471	\N	java	1024	1	8d79c2e8-11d0-4685-ab89-63f261982b65	3456	2	public class Solution {\n    public int sum(int a, int b) {\n        return a;\n    }\n}	WRONG_ANSWER	2025-06-20 07:32:49.802406	6	\N	50	1
294		2025-06-20 20:53:36.242597	\N	java	5120	4	de34e53f-45d0-4dfb-a239-8055a50510b6	956	4	public class Solution {\n    public int count_primes_in_range(int a, int b) {\n        if (a > b || b < 2) return 0;\n        \n        // Adjust a to be at least 2 since primes start from 2\n        a = Math.max(2, a);\n        \n        // Create boolean array for the range [a, b]\n        boolean[] isPrime = new boolean[b - a + 1];\n        for (int i = 0; i <= b - a; i++) {\n            isPrime[i] = true;\n        }\n        \n        // Use Sieve of Eratosthenes to mark non-primes\n        for (long i = 2; i * i <= b; i++) {\n            // Find first multiple of i >= a\n            long start = ((a + i - 1) / i) * i;\n            if (start == i) start = i * i; // Start from i*i if i < a\n            \n            // Mark multiples of i as non-prime\n            for (long j = start; j <= b; j += i) {\n                isPrime[(int)(j - a)] = false;\n            }\n        }\n        \n        // Count primes in the range\n        int count = 0;\n        for (int i = 0; i <= b - a; i++) {\n            if (isPrime[i]) {\n                count++;\n            }\n        }\n        \n        // Special case: if a <= 1 <= b, 1 is not prime\n        if (a <= 1 && 1 <= b) {\n            count--;\n        }\n        \n        return count;\n    }\n}	WRONG_ANSWER	2025-06-20 20:53:25.605499	5	\N	91	1
344		2025-07-16 10:08:30.189261	\N	python	3072	3	9d881f1a-3ed5-459b-98e0-253e88227c22	909	31	def twoSum(a: List[int], b: int):\n    seen = {}  # Hash map lưu giá trị và chỉ số\n    for i, num in enumerate(a):\n        complement = b - num\n        if complement in seen:\n            return [seen[complement], i]\n        seen[num] = i\n    return []  # Không tìm thấy giải pháp (dù đề đảm bảo có giải pháp)	ACCEPTED	2025-07-16 10:08:21.496474	3	20	40	1
313		2025-06-21 05:51:19.359044	\N	python	4096	4	cd30b28a-2ce4-4d66-b37e-2ccaf7fc14b1	1515	4	def search(a: List[int], b: int):\n    left = 0\n    right = len(a) - 1\n    \n    while left <= right:\n        mid = (left + right) // 2\n        \n        if a[mid] == b:\n            return mid\n        elif a[mid] < b:\n            left = mid + 1\n        else:\n            right = mid - 1\n            \n    return -1	ACCEPTED	2025-06-21 05:51:06.414896	4	\N	90	1
330		2025-06-21 08:45:36.018545	\N	python	2048	2	0d4bd63c-10f0-4a5e-97a7-7d08b9c21575	331	35	def maxSubArray(a: List[int]) :\n    max_sum = a[0]  # Khởi tạo tổng lớn nhất là phần tử đầu tiên\n    current_sum = a[0]  # Khởi tạo tổng hiện tại là phần tử đầu tiên\n    \n    for num in a[1:]:  # Duyệt từ phần tử thứ hai\n        current_sum += max(num, current_sum + num)  # Chọn giữa bắt đầu mới từ num hoặc cộng num vào tổng hiện tại\n        max_sum = max(max_sum, current_sum)  # Cập nhật tổng lớn nhất nếu cần\n    \n    return max_sum	WRONG_ANSWER	2025-06-21 08:45:29.469373	4	\N	43	16
329		2025-06-21 08:45:22.135909	\N	python	4096	4	8f2c43cb-b272-40d0-b853-46ca7316c902	319	75	def maxSubArray(a: List[int]) :\n    max_sum = a[0]  # Khởi tạo tổng lớn nhất là phần tử đầu tiên\n    current_sum = a[0]  # Khởi tạo tổng hiện tại là phần tử đầu tiên\n    \n    for num in a[1:]:  # Duyệt từ phần tử thứ hai\n        current_sum = max(num, current_sum + num)  # Chọn giữa bắt đầu mới từ num hoặc cộng num vào tổng hiện tại\n        max_sum = max(max_sum, current_sum)  # Cập nhật tổng lớn nhất nếu cần\n    \n    return max_sum	ACCEPTED	2025-06-21 08:45:15.07123	4	\N	43	16
347		2025-07-17 08:14:24.275301	\N	python	1024	0	0ad2d067-e88a-4bbf-8378-2dd8ac773c17	381	0	def twoSum(a: List[int], b: int):\n    seen = {}  # Hash map lưu giá trị và chỉ số\n    for i, num in enumerate(a):\n        complement = b - num\n        if complement in seen:\n            return [seen[complement], i]\n        seen[num] = i + 1\n    return []  # Không tìm thấy giải pháp (dù đề đảm bảo có giải pháp)	WRONG_ANSWER	2025-07-17 08:14:18.285115	3	\N	40	15
346		2025-07-17 08:14:09.392174	\N	python	3072	3	925f8638-9520-452b-ba30-8bcc157bd174	380	31	def twoSum(a: List[int], b: int):\n    seen = {}  # Hash map lưu giá trị và chỉ số\n    for i, num in enumerate(a):\n        complement = b - num\n        if complement in seen:\n            return [seen[complement], i]\n        seen[num] = i\n    return []  # Không tìm thấy giải pháp (dù đề đảm bảo có giải pháp)	ACCEPTED	2025-07-17 08:14:02.320568	3	\N	40	15
352		2025-07-18 19:50:18.46598	\N	python	3072	3	8d41b624-9442-43fe-a74f-765e5feff3b3	1608	31	def twoSum(a: List[int], b: int):\n    seen = {}  # Hash map lưu giá trị và chỉ số\n    for i, num in enumerate(a):\n        complement = b - num\n        if complement in seen:\n            return [seen[complement], i]\n        seen[num] = i\n    return []  # Không tìm thấy giải pháp (dù đề đảm bảo có giải pháp)	ACCEPTED	2025-07-18 19:50:07.299613	3	\N	40	1
355		2025-08-10 18:11:51.653273	\N	java	6144	6	3f64203d-679b-45f5-8b79-2f6f4c92ba86	1128	12	public class Solution {\n    public int sum(int a, int b) {\n        return a + b;\n    }\n}	ACCEPTED	2025-08-10 18:11:38.343676	6	\N	50	1
357		2025-08-10 18:13:23.758145	\N	java	6144	6	66bf5042-7079-497a-a5b8-e7c083120b6e	962	12	public class Solution {\n    public int sum(int a, int b) {\n        return a + b;\n    }\n}	ACCEPTED	2025-08-10 18:12:00.879561	6	\N	50	1
314		2025-06-21 05:57:30.612802	\N	python	5120	3	7a2a3008-ac8f-4a6b-b4a6-716f16662216	1881	3	def fib(a: int) -> int:\n    if a == 0:\n        return 0\n    if a == 1:\n        return 1\n    \n    prev2, prev1 = 0, 1\n    for i in range(2, a + 1):\n        curr = prev1 + prev2\n        prev2 = prev1\n        prev1 = curr\n    return curr	WRONG_ANSWER	2025-06-21 05:57:05.835727	5	\N	86	1
257		2025-06-20 07:48:29.61307	\N	java	6144	2	023c4bb6-26b3-43e6-b0f7-19bd72dcaa80	5863	4	public class Solution {\n    public int sum(int a, int b) {\n        return a + b;\n    }\n}	WRONG_ANSWER	2025-06-20 07:47:46.267729	6	\N	50	1
368		2025-08-10 18:13:55.208054	\N	java	6144	6	6a5c83f5-476e-4706-9bfc-780bd6ddcdc0	798	12	public class Solution {\n    public int sum(int a, int b) {\n        return a + b;\n    }\n}	ACCEPTED	2025-08-10 18:12:01.620676	6	\N	50	1
295		2025-06-20 20:55:03.283208	\N	java	5120	5	e236e268-ec1e-410a-9591-d7274d09a33a	967	5	public class Solution {\n    public int count_primes_in_range(int a, int b) {\n        if (a > b || b < 2) return 0;\n        \n        // Adjust a to be at least 2 since primes start from 2\n        a = Math.max(2, a);\n        \n        // Create boolean array for the range [a, b]\n        boolean[] isPrime = new boolean[b - a + 1];\n        for (int i = 0; i <= b - a; i++) {\n            isPrime[i] = true;\n        }\n        \n        // Use Sieve of Eratosthenes to mark non-primes\n        for (long i = 2; i * i <= b; i++) {\n            // Find first multiple of i >= a\n            long start = ((a + i - 1) / i) * i;\n            if (start == i) start = i * i; // Start from i*i if i < a\n            \n            // Mark multiples of i as non-prime\n            for (long j = start; j <= b; j += i) {\n                isPrime[(int)(j - a)] = false;\n            }\n        }\n        \n        // Count primes in the range\n        int count = 0;\n        for (int i = 0; i <= b - a; i++) {\n            if (isPrime[i]) {\n                count++;\n            }\n        }\n        \n        // Special case: if a <= 1 <= b, 1 is not prime\n        if (a <= 1 && 1 <= b) {\n            count--;\n        }\n        \n        return count;\n    }\n}	ACCEPTED	2025-06-20 20:54:52.636628	5	\N	91	1
353		2025-07-18 19:50:44.54504	\N	python	3072	3	891e8c3f-4706-462e-b2eb-12ec05526bc9	497	31	def twoSum(a: List[int], b: int):\n    seen = {}  # Hash map lưu giá trị và chỉ số\n    for i, num in enumerate(a):\n        complement = b - num\n        if complement in seen:\n            return [seen[complement], i]\n        seen[num] = i\n    return []  # Không tìm thấy giải pháp (dù đề đảm bảo có giải pháp)	ACCEPTED	2025-07-18 19:50:37.670647	3	\N	40	1
315		2025-06-21 05:57:50.336627	\N	python	5120	4	24dbb605-3acf-4376-92ce-1e220801e545	1822	4	def fib(a: int) -> int:\n    if a == 0:\n        return 0\n    if a == 1:\n        return 1\n    \n    prev2, prev1 = 0, 1\n    for i in range(2, a + 1):\n        curr = prev1 + prev2\n        prev2 = prev1\n        prev1 = curr\n    return curr	WRONG_ANSWER	2025-06-21 05:57:35.043239	5	\N	86	1
378		2025-08-10 18:14:06.910428	\N	java	6144	6	34492cc0-3002-43ba-96ef-cd8b93dda8c5	903	12	public class Solution {\n    public int sum(int a, int b) {\n        return a + b;\n    }\n}	ACCEPTED	2025-08-10 18:13:43.623208	6	\N	50	1
316		2025-06-21 05:58:08.356259	\N	python	5120	4	69f348e8-851d-4cf6-b1a3-11dba07c6487	1706	4	def fib(a: int):\n    if a == 0:\n        return 0\n    if a == 1:\n        return 1\n    \n    prev2, prev1 = 0, 1\n    for i in range(2, a + 1):\n        curr = prev1 + prev2\n        prev2 = prev1\n        prev1 = curr\n    return curr	WRONG_ANSWER	2025-06-21 05:57:53.096453	5	\N	86	1
354		2025-07-18 19:51:00.194724	\N	python	1024	0	ef72e106-00c2-4b4c-bea0-c89b4c110f88	874	0	def twoSum(a: List[int], b: int):\n    seen = {}  # Hash map lưu giá trị và chỉ số\n    for i, num in enumerate(a):\n        complement = b - num\n        if complement in seen:\n            return [seen[complement], i]\n        seen[num] = i +1 \n    return []  # Không tìm thấy giải pháp (dù đề đảm bảo có giải pháp)	WRONG_ANSWER	2025-07-18 19:50:53.223317	3	\N	40	1
348		2025-07-17 08:35:29.198516	\N	python	4096	3	856b1081-425a-488e-840f-a01b0be33c0b	356	45	def containsDuplicate(a: List[int]):\n    seen = set()\n    for num in a:\n        if num in seen:\n            return True\n        seen.add(num)\n    return False	WRONG_ANSWER	2025-07-17 08:35:22.001495	4	\N	47	1
381		2025-08-10 18:15:28.989845	\N	java	6144	6	d534f526-9549-4207-8148-999962f430cc	1032	12	public class Solution {\n    public int sum(int a, int b) {\n        return a + b;\n    }\n}	ACCEPTED	2025-08-10 18:13:43.629087	6	\N	50	1
386		2025-08-10 18:16:25.947604	\N	java	6144	5	0607cd2a-59d1-4e99-a3da-d53e9887a074	3290	10	public class Solution {\n    public int sum(int a, int b) {\n        return a + b;\n    }\n}	WRONG_ANSWER	2025-08-10 18:13:44.404097	6	\N	50	1
390		\N	\N	java	\N	0	423af988-4093-49fb-9c98-a8981f687441	\N	\N	public class Solution {\n    public int sum(int a, int b) {\n        return a + b;\n    }\n}	PENDING	2025-08-10 18:13:44.637696	6	\N	50	1
358		2025-08-10 18:13:49.759501	\N	java	6144	6	629896a3-6715-4ccb-87c9-f1de244373d7	1058	12	public class Solution {\n    public int sum(int a, int b) {\n        return a + b;\n    }\n}	ACCEPTED	2025-08-10 18:12:00.909571	6	\N	50	1
409		\N	\N	java	\N	0	7355e9d9-f062-4fac-aaab-b63479ce6529	\N	\N	public class Solution {\n    public int sum(int a, int b) {\n        return a + b;\n    }\n}	PENDING	2025-08-10 18:14:41.305663	6	\N	50	1
363		2025-08-10 18:14:13.045111	\N	java	6144	6	32a1e448-c941-4ad8-be47-024f82d14930	909	12	public class Solution {\n    public int sum(int a, int b) {\n        return a + b;\n    }\n}	ACCEPTED	2025-08-10 18:12:01.354529	6	\N	50	1
404		2025-08-10 18:16:48.609165	\N	java	6144	6	9d48bf45-8552-4864-bc6d-f7d4ad27a649	1059	12	public class Solution {\n    public int sum(int a, int b) {\n        return a + b;\n    }\n}	ACCEPTED	2025-08-10 18:14:41.104688	6	\N	50	1
413		\N	\N	java	\N	0	6fd0dbb5-c5f6-473a-8f25-12f5291fd851	\N	\N	public class Solution {\n    public int sum(int a, int b) {\n        return a + b;\n    }\n}	PENDING	2025-08-10 18:14:41.529615	6	\N	50	1
418		\N	\N	java	\N	0	19ce9252-c19a-4dee-a6e1-7e8157fb4f8d	\N	\N	public class Solution {\n    public int sum(int a, int b) {\n        return a + b;\n    }\n}	PENDING	2025-08-10 18:14:41.739409	6	\N	50	1
423		\N	\N	java	\N	0	d17221b4-ccdc-4ad1-9c71-8750d1805491	\N	\N	public class Solution {\n    public int sum(int a, int b) {\n        return a + b;\n    }\n}	PENDING	2025-08-10 18:14:41.926519	6	\N	50	1
427		\N	\N	java	\N	0	ea3bb8c7-75ec-4b0d-938b-0a48421a6702	\N	\N	public class Solution {\n    public int sum(int a, int b) {\n        return a + b;\n    }\n}	PENDING	2025-08-10 18:14:42.128156	6	\N	50	1
398		2025-08-10 18:16:05.119746	\N	java	6144	6	d881fcd8-bbbc-46d1-bb9f-81eae6576721	1387	12	public class Solution {\n    public int sum(int a, int b) {\n        return a + b;\n    }\n}	ACCEPTED	2025-08-10 18:14:40.879652	6	\N	50	1
318		2025-06-21 05:59:59.468396	\N	python	5120	5	7c87c7e8-639c-42f8-97b7-6e1ec08d1cda	315	5	def fib(a: int):\n    if a == 0:\n        return 0\n    if a == 1:\n        return 1\n    \n    prev2, prev1 = 0, 1\n    for i in range(2, a + 1):\n        curr = prev1 + prev2\n        prev2 = prev1\n        prev1 = curr\n    return curr	ACCEPTED	2025-06-21 05:59:52.106366	5	\N	86	1
258		2025-06-20 07:48:48.675955	\N	java	6144	6	9eae84ee-3fac-4b0a-91c6-a810bddcab2a	2844	12	public class Solution {\n    public int sum(int a, int b) {\n        return a + b;\n    }\n}	ACCEPTED	2025-06-20 07:48:12.286398	6	\N	50	1
302		2025-06-20 21:17:50.147968	\N	python	4096	4	5bcdfc77-b372-4e05-88ac-550ab67ecca1	407	75	def maxSubArray(a: List[int]):\n    max_sum = a[0]  # Khởi tạo tổng lớn nhất là phần tử đầu tiên\n    current_sum = a[0]  # Khởi tạo tổng hiện tại là phần tử đầu tiên\n    \n    for num in a[1:]:  # Duyệt từ phần tử thứ hai\n        current_sum = max(num, current_sum + num)  # Chọn giữa bắt đầu mới từ num hoặc cộng num vào tổng hiện tại\n        max_sum = max(max_sum, current_sum)  # Cập nhật tổng lớn nhất nếu cần\n    \n    return max_sum	ACCEPTED	2025-06-20 21:17:42.739979	4	\N	43	1
259		2025-06-20 07:51:39.978006	\N	java	6144	6	f0d13263-21ce-4336-8a9f-524d88aa46b8	950	12	public class Solution {\n    public int sum(int a, int b) {\n        return a + b;\n    }\n}	ACCEPTED	2025-06-20 07:51:28.137417	6	\N	50	1
307		2025-06-20 21:28:37.972354	\N	python	4096	4	af9dcbee-cebe-4081-837d-a7383784938a	1273	70	def reverse(a: int):\n    # Xử lý dấu: lưu dấu và làm việc với giá trị tuyệt đối\n    sign = 1 if a >= 0 else -1\n    a = abs(a)\n    \n    # Đảo ngược chữ số bằng cách chuyển thành chuỗi\n    reversed_num = 0\n    while a > 0:\n        digit = a % 10  # Lấy chữ số cuối\n        reversed_num = reversed_num * 10 + digit  # Thêm chữ số vào kết quả\n        a //= 10  # Bỏ chữ số cuối\n        \n    # Áp dụng dấu\n    reversed_num *= sign\n    \n    # Kiểm tra giới hạn 32 bit\n    if reversed_num < -2**31 or reversed_num > 2**31 - 1:\n        return 0\n        \n    return reversed_num	ACCEPTED	2025-06-20 21:27:53.150662	4	19	45	1
296		2025-06-20 21:07:44.490916	\N	java	6144	4	ec231b03-7db1-4f86-aa07-1b8397d0f886	3306	4	public class Solution {\n    public int sumEvenInRange(int a, int b) {\n        int sum = 0;\n        for (int i = a; i <= b; i++)\n            if (i % 2 == 0) sum += i;\n        return sum;\n    }\n}	WRONG_ANSWER	2025-06-20 21:07:17.923081	6	\N	92	1
303		2025-06-20 21:21:14.815876	\N	python	3072	3	003b384c-97b5-48b8-a68d-0f7c6850226f	513	31	def twoSum(a: List[int], b: int):\n    seen = {}  # Hash map lưu giá trị và chỉ số\n    for i, num in enumerate(a):\n        complement = b - num\n        if complement in seen:\n            return [seen[complement], i]\n        seen[num] = i\n    return []  # Không tìm thấy giải pháp (dù đề đảm bảo có giải pháp)	ACCEPTED	2025-06-20 21:21:07.529401	3	19	40	1
297		2025-06-20 21:09:27.150793	\N	java	6144	4	80e344ad-7ee8-466f-a979-6079e7f05a1c	1830	4	public class Solution {\n    public int sumEvenInRange(int a, int b) {\n        int sum = 0;\n        for (int i = a; i <= b; i++)\n            if (i % 2 == 0) sum += i;\n        return sum;\n    }\n}	WRONG_ANSWER	2025-06-20 21:09:09.55556	6	\N	92	1
393		2025-08-10 18:16:34.666041	\N	java	6144	6	45118bde-01ad-4fd6-8a4c-de36d238fed0	1299	12	public class Solution {\n    public int sum(int a, int b) {\n        return a + b;\n    }\n}	ACCEPTED	2025-08-10 18:13:44.642256	6	\N	50	1
298		2025-06-20 21:10:54.147269	\N	java	6144	4	828e4df7-cf84-4b4a-85b5-66008f3f7044	996	4	public class Solution {\n    public int sumEvenInRange(int a, int b) {\n       int sum = 0;\n        for (int i = a; i <= b; i++)\n            if (i % 2 == 0) sum += i;\n        return sum;\n    }\n}	WRONG_ANSWER	2025-06-20 21:10:42.212186	6	\N	92	1
349		2025-07-17 09:11:05.240201	\N	python	4096	4	c03de1d5-2b9c-40b7-a245-0a3cf143b2b2	662	75	def maxSubArray(a: List[int]) :\n    max_sum = a[0]  # Khởi tạo tổng lớn nhất là phần tử đầu tiên\n    current_sum = a[0]  # Khởi tạo tổng hiện tại là phần tử đầu tiên\n    \n    for num in a[1:]:  # Duyệt từ phần tử thứ hai\n        current_sum = max(num, current_sum + num)  # Chọn giữa bắt đầu mới từ num hoặc cộng num vào tổng hiện tại\n        max_sum = max(max_sum, current_sum)  # Cập nhật tổng lớn nhất nếu cần\n    \n    return max_sum	ACCEPTED	2025-07-17 09:10:56.752583	4	\N	43	15
299		2025-06-20 21:13:52.793726	\N	java	6144	4	ea36cceb-ff37-4ea1-97da-545d4ca36ae0	959	4	public class Solution {\n    public int sumEvenInRange(int a, int b) {\n       int sum = 0;\n        for (int i = a; i <= b; i++)\n            if (i % 2 == 0) sum += i;\n        return sum;\n    }\n}	WRONG_ANSWER	2025-06-20 21:13:41.243586	6	\N	92	1
367		2025-08-10 18:13:42.643348	\N	java	6144	6	9e7e3402-5341-46d5-8502-d5f8500e1812	914	12	public class Solution {\n    public int sum(int a, int b) {\n        return a + b;\n    }\n}	ACCEPTED	2025-08-10 18:12:01.620672	6	\N	50	1
359		2025-08-10 18:12:28.257407	\N	java	6144	6	41bfa866-eb75-45d0-a34c-312a5b5d8c61	1043	12	public class Solution {\n    public int sum(int a, int b) {\n        return a + b;\n    }\n}	ACCEPTED	2025-08-10 18:12:00.909216	6	\N	50	1
396		\N	\N	java	\N	0	ebbe7cce-2548-4a5c-8d13-0f3db1f04d8b	\N	\N	public class Solution {\n    public int sum(int a, int b) {\n        return a + b;\n    }\n}	PENDING	2025-08-10 18:14:40.654339	6	\N	50	1
372		2025-08-10 18:13:17.179035	\N	java	6144	6	87948610-3dbb-48c9-bdc8-d8f88dbe2b27	1004	12	public class Solution {\n    public int sum(int a, int b) {\n        return a + b;\n    }\n}	ACCEPTED	2025-08-10 18:12:01.836794	6	\N	50	1
387		2025-08-10 18:17:25.099198	\N	java	6144	6	240b519d-6a98-4270-a804-022baa8f8c16	1463	12	public class Solution {\n    public int sum(int a, int b) {\n        return a + b;\n    }\n}	ACCEPTED	2025-08-10 18:13:44.404097	6	\N	50	1
379		2025-08-10 18:14:31.449393	\N	java	6144	6	bb44638b-1fac-4be5-8c68-829901c594c9	855	12	public class Solution {\n    public int sum(int a, int b) {\n        return a + b;\n    }\n}	ACCEPTED	2025-08-10 18:13:43.622678	6	\N	50	1
397		2025-08-10 18:17:35.075776	\N	java	6144	6	4761d8dd-1061-4a61-acad-6cd0b23b90eb	1499	12	public class Solution {\n    public int sum(int a, int b) {\n        return a + b;\n    }\n}	ACCEPTED	2025-08-10 18:14:40.879652	6	\N	50	1
400		\N	\N	java	\N	0	0cabb25c-a572-489b-bf9e-7bd2c8463f5b	\N	\N	public class Solution {\n    public int sum(int a, int b) {\n        return a + b;\n    }\n}	PENDING	2025-08-10 18:14:40.879794	6	\N	50	1
403		\N	\N	java	\N	0	6ed5a087-e328-4601-9d95-c2488e66fbcd	\N	\N	public class Solution {\n    public int sum(int a, int b) {\n        return a + b;\n    }\n}	PENDING	2025-08-10 18:14:41.102707	6	\N	50	1
351		2025-07-17 09:14:12.637836	\N	python	3072	3	ed83132a-dd70-4b6f-81e1-d4c7f096b417	368	31	def twoSum(a: List[int], b: int):\n    seen = {}  # Hash map lưu giá trị và chỉ số\n    for i, num in enumerate(a):\n        complement = b - num\n        if complement in seen:\n            return [seen[complement], i]\n        seen[num] = i\n    return []  # Không tìm thấy giải pháp (dù đề đảm bảo có giải pháp)\n	ACCEPTED	2025-07-17 09:14:05.88892	3	19	40	15
260		2025-06-20 11:40:17.430827	\N	java	4096	3	f81b65de-8e34-4c1e-afd8-806f61e4d09a	1088	3	public class Solution {\n    public int product(int a, int b) {\n       return a *b;\n    }\n}	WRONG_ANSWER	2025-06-20 11:40:07.121632	4	\N	52	1
410		\N	\N	java	\N	0	6826f01a-3f23-478c-84b5-3805f573a3bc	\N	\N	public class Solution {\n    public int sum(int a, int b) {\n        return a + b;\n    }\n}	PENDING	2025-08-10 18:14:41.393854	6	\N	50	1
300		2025-06-20 21:14:20.655003	\N	java	6144	5	003a13b3-ca53-4956-95dd-2a8f46704106	870	5	public class Solution {\n    public int sumEvenInRange(int a, int b) {\n        int sum = 0;\n        for (int i = a; i <= b; i++)\n            if (i % 2 == 0) sum += i;\n        return sum;\n    }\n}	WRONG_ANSWER	2025-06-20 21:14:09.931375	6	\N	92	1
301		2025-06-20 21:16:04.027605	\N	java	4096	3	7d09526b-2724-4f4e-8322-f65532f8778a	994	3	public class Solution {\n    public int product(int a, int b) {\n        return a * b;\n    }\n}	WRONG_ANSWER	2025-06-20 21:15:54.194111	4	\N	52	1
383		2025-08-10 18:14:18.933529	\N	java	6144	6	5ffd0482-5424-4b08-a1a4-686dfd4144ac	867	12	public class Solution {\n    public int sum(int a, int b) {\n        return a + b;\n    }\n}	ACCEPTED	2025-08-10 18:13:44.071584	6	\N	50	1
350		2025-07-17 09:11:43.631185	\N	python	4096	2	32b0a821-e6f4-4c73-bff9-9c17fe77bf92	345	35	def maxSubArray(a: List[int]) :\n    max_sum = a[1]  # Khởi tạo tổng lớn nhất là phần tử đầu tiên\n    current_sum = a[0]  # Khởi tạo tổng hiện tại là phần tử đầu tiên\n    \n    for num in a[1:]:  # Duyệt từ phần tử thứ hai\n        current_sum = max(num, current_sum + num)  # Chọn giữa bắt đầu mới từ num hoặc cộng num vào tổng hiện tại\n        max_sum = max(max_sum, current_sum)  # Cập nhật tổng lớn nhất nếu cần\n    \n    return max_sum	WRONG_ANSWER	2025-07-17 09:11:36.870233	4	\N	43	15
412		\N	\N	java	\N	0	58c7e5b6-a821-4ce0-bfa3-2a918b2fa265	\N	\N	public class Solution {\n    public int sum(int a, int b) {\n        return a + b;\n    }\n}	PENDING	2025-08-10 18:14:41.52961	6	\N	50	1
370		2025-08-10 18:14:37.171254	\N	java	6144	6	957d0650-b506-4211-ac28-32c8a0aa0d79	844	12	public class Solution {\n    public int sum(int a, int b) {\n        return a + b;\n    }\n}	ACCEPTED	2025-08-10 18:12:01.828964	6	\N	50	1
360		2025-08-10 18:12:21.104281	\N	java	6144	6	1259dadf-dad1-47eb-97c9-ee0851f66693	1149	12	public class Solution {\n    public int sum(int a, int b) {\n        return a + b;\n    }\n}	ACCEPTED	2025-08-10 18:12:00.909314	6	\N	50	1
366		2025-08-10 18:12:50.136826	\N	java	6144	6	56563a8f-2906-43f4-9388-c79207016641	1022	12	public class Solution {\n    public int sum(int a, int b) {\n        return a + b;\n    }\n}	ACCEPTED	2025-08-10 18:12:01.614678	6	\N	50	1
377		2025-08-10 18:15:01.60794	\N	java	6144	6	32679302-da03-4f4e-a274-eb6f5586c027	913	12	public class Solution {\n    public int sum(int a, int b) {\n        return a + b;\n    }\n}	ACCEPTED	2025-08-10 18:13:43.621357	6	\N	50	1
382		2025-08-10 18:15:35.121056	\N	java	6144	6	68acab3a-16f2-453c-9187-6d1070c1bfa5	914	12	public class Solution {\n    public int sum(int a, int b) {\n        return a + b;\n    }\n}	ACCEPTED	2025-08-10 18:13:43.8514	6	\N	50	1
415		\N	\N	java	\N	0	d09a947d-19eb-4211-8258-5772ef3036ce	\N	\N	public class Solution {\n    public int sum(int a, int b) {\n        return a + b;\n    }\n}	PENDING	2025-08-10 18:14:41.601967	6	\N	50	1
384		2025-08-10 18:15:56.121441	\N	java	6144	6	5a8a36b6-b084-499d-81e6-b4d50532fc65	1008	12	public class Solution {\n    public int sum(int a, int b) {\n        return a + b;\n    }\n}	ACCEPTED	2025-08-10 18:13:44.319839	6	\N	50	1
389		2025-08-10 18:17:06.672168	\N	java	6144	6	a1b7f18c-3055-4de7-a836-656a94f007d5	1370	12	public class Solution {\n    public int sum(int a, int b) {\n        return a + b;\n    }\n}	ACCEPTED	2025-08-10 18:13:44.617616	6	\N	50	1
399		2025-08-10 18:16:41.550042	\N	java	6144	6	03beba9a-7dc2-460c-8ffe-a66d2ae2dbfb	1024	12	public class Solution {\n    public int sum(int a, int b) {\n        return a + b;\n    }\n}	ACCEPTED	2025-08-10 18:14:40.879684	6	\N	50	1
402		\N	\N	java	\N	0	5c9920a6-01c4-451a-ac59-870467d6a91a	\N	\N	public class Solution {\n    public int sum(int a, int b) {\n        return a + b;\n    }\n}	PENDING	2025-08-10 18:14:41.094818	6	\N	50	1
405		\N	\N	java	\N	0	3155a220-d73a-4c50-92be-e9916024a2ba	\N	\N	public class Solution {\n    public int sum(int a, int b) {\n        return a + b;\n    }\n}	PENDING	2025-08-10 18:14:41.161003	6	\N	50	1
408		\N	\N	java	\N	0	912e0a99-9421-4c27-848c-754ab2a68985	\N	\N	public class Solution {\n    public int sum(int a, int b) {\n        return a + b;\n    }\n}	PENDING	2025-08-10 18:14:41.30563	6	\N	50	1
419		\N	\N	java	\N	0	2d2189e1-aced-4ad6-864c-ea9e519d2fef	\N	\N	public class Solution {\n    public int sum(int a, int b) {\n        return a + b;\n    }\n}	PENDING	2025-08-10 18:14:41.739145	6	\N	50	1
420		\N	\N	java	\N	0	4a11913b-89cc-4021-8c29-cba9cc5465f0	\N	\N	public class Solution {\n    public int sum(int a, int b) {\n        return a + b;\n    }\n}	PENDING	2025-08-10 18:14:41.79408	6	\N	50	1
424		\N	\N	java	\N	0	d25bcdf4-c563-4034-ade6-cd224b4883eb	\N	\N	public class Solution {\n    public int sum(int a, int b) {\n        return a + b;\n    }\n}	PENDING	2025-08-10 18:14:41.926485	6	\N	50	1
425		\N	\N	java	\N	0	bbda527e-1946-4053-be3c-81b07c6a15b9	\N	\N	public class Solution {\n    public int sum(int a, int b) {\n        return a + b;\n    }\n}	PENDING	2025-08-10 18:14:42.0072	6	\N	50	1
428		\N	\N	java	\N	0	a166b7b6-424a-4efb-9e5b-a82dea871618	\N	\N	public class Solution {\n    public int sum(int a, int b) {\n        return a + b;\n    }\n}	PENDING	2025-08-10 18:14:42.128168	6	\N	50	1
429		\N	\N	java	\N	0	94315f99-39a7-4ebd-ac76-ea20068f3105	\N	\N	public class Solution {\n    public int sum(int a, int b) {\n        return a + b;\n    }\n}	PENDING	2025-08-10 18:14:42.128179	6	\N	50	1
432		\N	\N	java	\N	0	cef2bf15-77de-4dda-b244-a1c3bf7bee94	\N	\N	public class Solution {\n    public int sum(int a, int b) {\n        return a + b;\n    }\n}	PENDING	2025-08-10 18:14:42.327644	6	\N	50	1
376		2025-08-10 18:14:43.548111	\N	java	6144	6	82619a3c-7f8e-4e9f-ab46-382169286dc3	948	12	public class Solution {\n    public int sum(int a, int b) {\n        return a + b;\n    }\n}	ACCEPTED	2025-08-10 18:13:43.40428	6	\N	50	1
430		\N	\N	java	\N	0	2f76dd65-75ed-4178-8470-b4d639b0da5f	\N	\N	public class Solution {\n    public int sum(int a, int b) {\n        return a + b;\n    }\n}	PENDING	2025-08-10 18:14:42.208328	6	\N	50	1
435		\N	\N	java	\N	0	5050fe19-4596-4c1b-a405-c81c06846c6e	\N	\N	public class Solution {\n    public int sum(int a, int b) {\n        return a + b;\n    }\n}	PENDING	2025-08-10 18:14:42.39963	6	\N	50	1
440		\N	\N	java	\N	0	b989392d-e16c-4489-baee-abd115d341d5	\N	\N	public class Solution {\n    public int sum(int a, int b) {\n        return a + b;\n    }\n}	PENDING	2025-08-10 18:14:42.605042	6	\N	50	1
445		\N	\N	java	\N	0	91bd0735-7bcd-4464-a6e5-fe4db78e0a9b	\N	\N	public class Solution {\n    public int sum(int a, int b) {\n        return a + b;\n    }\n}	PENDING	2025-08-10 18:14:42.866518	6	\N	50	1
450		\N	\N	java	\N	0	fcb0e60b-6165-4e30-a3e5-ee4c97f07a08	\N	\N	public class Solution {\n    public int sum(int a, int b) {\n        return a + b;\n    }\n}	PENDING	2025-08-10 18:14:43.063749	6	\N	50	1
455		\N	\N	java	\N	0	e80270b2-695d-4630-a736-dba044790b30	\N	\N	public class Solution {\n    public int sum(int a, int b) {\n        return a + b;\n    }\n}	PENDING	2025-08-10 18:14:43.261548	6	\N	50	1
461		\N	\N	java	\N	0	a4d8f3b3-d54e-4a3e-96da-a0770e7387ed	\N	\N	public class Solution {\n    public int sum(int a, int b) {\n        return a + b;\n    }\n}	PENDING	2025-08-10 18:14:43.480485	6	\N	50	1
466		\N	\N	java	\N	0	874a784b-4b46-467f-8d3c-6eb71cb82b26	\N	\N	public class Solution {\n    public int sum(int a, int b) {\n        return a + b;\n    }\n}	PENDING	2025-08-10 18:14:43.657419	6	\N	50	1
468		\N	\N	java	\N	0	31ab89fd-5817-4182-bd69-9a109955609b	\N	\N	public class Solution {\n    public int sum(int a, int b) {\n        return a + b;\n    }\n}	PENDING	2025-08-10 18:14:43.846096	6	\N	50	1
473		\N	\N	java	\N	0	1b305440-577f-4cdf-b7fb-59d328fa0916	\N	\N	public class Solution {\n    public int sum(int a, int b) {\n        return a + b;\n    }\n}	PENDING	2025-08-10 18:14:44.220531	6	\N	50	1
475		\N	\N	java	\N	0	cbab390f-a0de-4109-b080-a3c6cce4678d	\N	\N	public class Solution {\n    public int sum(int a, int b) {\n        return a + b;\n    }\n}	PENDING	2025-08-10 18:14:44.450987	6	\N	50	1
481		\N	\N	java	\N	0	96b10561-223b-4c36-935f-53566bbc9ced	\N	\N	public class Solution {\n    public int sum(int a, int b) {\n        return a + b;\n    }\n}	PENDING	2025-08-10 18:14:44.689825	6	\N	50	1
487		\N	\N	java	\N	0	31910fdc-a796-4cb8-9f52-3951551abb58	\N	\N	public class Solution {\n    public int sum(int a, int b) {\n        return a + b;\n    }\n}	PENDING	2025-08-10 18:14:44.895954	6	\N	50	1
492		\N	\N	java	\N	0	fd8cd45c-6046-42f9-9ee9-7290fc67b15a	\N	\N	public class Solution {\n    public int sum(int a, int b) {\n        return a + b;\n    }\n}	PENDING	2025-08-10 18:14:45.135123	6	\N	50	1
496		\N	\N	java	\N	0	00424189-5c73-4f23-8011-fd10cab5165e	\N	\N	public class Solution {\n    public int sum(int a, int b) {\n        return a + b;\n    }\n}	PENDING	2025-08-10 18:14:45.339617	6	\N	50	1
501		\N	\N	java	\N	0	26b3118f-d940-48be-ad0f-897d4b672072	\N	\N	public class Solution {\n    public int sum(int a, int b) {\n        return a + b;\n    }\n}	PENDING	2025-08-10 18:14:45.53316	6	\N	50	1
506		\N	\N	java	\N	0	8bf0967e-13aa-48ac-b8cb-60f88a371b2f	\N	\N	public class Solution {\n    public int sum(int a, int b) {\n        return a + b;\n    }\n}	PENDING	2025-08-10 18:14:45.820957	6	\N	50	1
511		\N	\N	java	\N	0	3319a508-7ff5-4077-8a59-61bec65e3b4c	\N	\N	public class Solution {\n    public int sum(int a, int b) {\n        return a + b;\n    }\n}	PENDING	2025-08-10 18:14:46.229524	6	\N	50	1
516		\N	\N	java	\N	0	11868414-783c-4ae4-94fb-32b6cbe40e68	\N	\N	public class Solution {\n    public int sum(int a, int b) {\n        return a + b;\n    }\n}	PENDING	2025-08-10 18:14:46.457284	6	\N	50	1
522		\N	\N	java	\N	0	fe972b98-73f2-47fc-ab9c-9826e9e5e5d5	\N	\N	public class Solution {\n    public int sum(int a, int b) {\n        return a + b;\n    }\n}	PENDING	2025-08-10 18:14:46.700624	6	\N	50	1
527		\N	\N	java	\N	0	9187841b-4939-4c87-a7ee-2c4051887436	\N	\N	public class Solution {\n    public int sum(int a, int b) {\n        return a + b;\n    }\n}	PENDING	2025-08-10 18:14:46.935733	6	\N	50	1
533		\N	\N	java	\N	0	99b9df85-b556-45ad-9fd8-91b20a9025a2	\N	\N	public class Solution {\n    public int sum(int a, int b) {\n        return a + b;\n    }\n}	PENDING	2025-08-10 18:14:47.533152	6	\N	50	1
539		\N	\N	java	\N	0	109702b1-9cfc-4cfe-a832-b1698463f454	\N	\N	public class Solution {\n    public int sum(int a, int b) {\n        return a + b;\n    }\n}	PENDING	2025-08-10 18:14:47.833841	6	\N	50	1
540		\N	\N	java	\N	0	56a9a7bd-eb13-47eb-98ad-01cd12358411	\N	\N	public class Solution {\n    public int sum(int a, int b) {\n        return a + b;\n    }\n}	PENDING	2025-08-10 18:14:48.07288	6	\N	50	1
545		\N	\N	java	\N	0	5a0aacae-b4bc-42e0-aedf-7723341613be	\N	\N	public class Solution {\n    public int sum(int a, int b) {\n        return a + b;\n    }\n}	PENDING	2025-08-10 18:14:48.283981	6	\N	50	1
550		\N	\N	java	\N	0	e2ea1770-854e-4ebf-9894-2599b77a838b	\N	\N	public class Solution {\n    public int sum(int a, int b) {\n        return a + b;\n    }\n}	PENDING	2025-08-10 18:14:48.530002	6	\N	50	1
555		\N	\N	java	\N	0	41ff1b39-39f5-476e-a35f-792cc7e50769	\N	\N	public class Solution {\n    public int sum(int a, int b) {\n        return a + b;\n    }\n}	PENDING	2025-08-10 18:14:48.767488	6	\N	50	1
560		\N	\N	java	\N	0	2572bd78-da1d-4f5f-b50e-4801f903b1d0	\N	\N	public class Solution {\n    public int sum(int a, int b) {\n        return a + b;\n    }\n}	PENDING	2025-08-10 18:14:49.00662	6	\N	50	1
566		\N	\N	java	\N	0	9b26f828-88e5-4645-bc77-e9fd184d5c61	\N	\N	public class Solution {\n    public int sum(int a, int b) {\n        return a + b;\n    }\n}	PENDING	2025-08-10 18:14:49.211014	6	\N	50	1
572		\N	\N	java	\N	0	d7642e8b-c52a-4e87-b65a-c2f01d62f3a8	\N	\N	public class Solution {\n    public int sum(int a, int b) {\n        return a + b;\n    }\n}	PENDING	2025-08-10 18:14:49.414744	6	\N	50	1
577		\N	\N	java	\N	0	548933d7-4f6b-457a-9b3b-7190d1ba61a4	\N	\N	public class Solution {\n    public int sum(int a, int b) {\n        return a + b;\n    }\n}	PENDING	2025-08-10 18:14:49.623595	6	\N	50	1
581		\N	\N	java	\N	0	6b6077e1-7107-4461-878a-562b7215205c	\N	\N	public class Solution {\n    public int sum(int a, int b) {\n        return a + b;\n    }\n}	PENDING	2025-08-10 18:14:49.825933	6	\N	50	1
589		\N	\N	java	\N	0	3fd8c94b-0969-4705-9ba9-614cd89b2ac4	\N	\N	public class Solution {\n    public int sum(int a, int b) {\n        return a + b;\n    }\n}	PENDING	2025-08-10 18:14:50.071187	6	\N	50	1
594		\N	\N	java	\N	0	2b95d899-a3fa-4ac4-b61a-1634d0be0fd4	\N	\N	public class Solution {\n    public int sum(int a, int b) {\n        return a + b;\n    }\n}	PENDING	2025-08-10 18:14:50.379869	6	\N	50	1
436		\N	\N	java	\N	0	a7c439cf-dec7-4292-a9b3-721345772a4f	\N	\N	public class Solution {\n    public int sum(int a, int b) {\n        return a + b;\n    }\n}	PENDING	2025-08-10 18:14:42.469111	6	\N	50	1
441		\N	\N	java	\N	0	bb7ee0e5-55a1-414a-8020-a3aba40990a0	\N	\N	public class Solution {\n    public int sum(int a, int b) {\n        return a + b;\n    }\n}	PENDING	2025-08-10 18:14:42.668325	6	\N	50	1
446		\N	\N	java	\N	0	6519719e-a79e-4eb8-8e0f-089ae675b55e	\N	\N	public class Solution {\n    public int sum(int a, int b) {\n        return a + b;\n    }\n}	PENDING	2025-08-10 18:14:42.889856	6	\N	50	1
451		\N	\N	java	\N	0	f9f2470b-017b-4323-952e-133881cd7cc2	\N	\N	public class Solution {\n    public int sum(int a, int b) {\n        return a + b;\n    }\n}	PENDING	2025-08-10 18:14:43.09451	6	\N	50	1
456		\N	\N	java	\N	0	55fc475a-5330-482f-aa74-7edde78d52c9	\N	\N	public class Solution {\n    public int sum(int a, int b) {\n        return a + b;\n    }\n}	PENDING	2025-08-10 18:14:43.280523	6	\N	50	1
460		\N	\N	java	\N	0	9554e1e2-e035-4fe5-a4c9-4befb98b271e	\N	\N	public class Solution {\n    public int sum(int a, int b) {\n        return a + b;\n    }\n}	PENDING	2025-08-10 18:14:43.476272	6	\N	50	1
465		\N	\N	java	\N	0	4f808e2e-938d-4fce-9577-31bdf4af32c7	\N	\N	public class Solution {\n    public int sum(int a, int b) {\n        return a + b;\n    }\n}	PENDING	2025-08-10 18:14:43.656153	6	\N	50	1
469		\N	\N	java	\N	0	57a0683e-ac3d-4e44-b4ff-ad08697e4e44	\N	\N	public class Solution {\n    public int sum(int a, int b) {\n        return a + b;\n    }\n}	PENDING	2025-08-10 18:14:43.846096	6	\N	50	1
471		\N	\N	java	\N	0	ed65c1d4-6de2-42e5-8a0d-f827d8108d9f	\N	\N	public class Solution {\n    public int sum(int a, int b) {\n        return a + b;\n    }\n}	PENDING	2025-08-10 18:14:44.216336	6	\N	50	1
476		\N	\N	java	\N	0	05862f0d-f06e-42c5-84fe-59e4f44626c6	\N	\N	public class Solution {\n    public int sum(int a, int b) {\n        return a + b;\n    }\n}	PENDING	2025-08-10 18:14:44.452955	6	\N	50	1
482		\N	\N	java	\N	0	7b86d19d-6679-404c-90b0-3059fc03a600	\N	\N	public class Solution {\n    public int sum(int a, int b) {\n        return a + b;\n    }\n}	PENDING	2025-08-10 18:14:44.692878	6	\N	50	1
485		\N	\N	java	\N	0	2c55577b-f71e-4980-8ea5-11ae459868ef	\N	\N	public class Solution {\n    public int sum(int a, int b) {\n        return a + b;\n    }\n}	PENDING	2025-08-10 18:14:44.895879	6	\N	50	1
491		\N	\N	java	\N	0	af7f93bc-625f-46c1-836e-9d94853961f1	\N	\N	public class Solution {\n    public int sum(int a, int b) {\n        return a + b;\n    }\n}	PENDING	2025-08-10 18:14:45.135151	6	\N	50	1
497		\N	\N	java	\N	0	1175f8b4-931b-45e2-968e-20b370b0e5d2	\N	\N	public class Solution {\n    public int sum(int a, int b) {\n        return a + b;\n    }\n}	PENDING	2025-08-10 18:14:45.339457	6	\N	50	1
502		\N	\N	java	\N	0	2da4ba7e-0a1e-49c2-89dc-e5de21235813	\N	\N	public class Solution {\n    public int sum(int a, int b) {\n        return a + b;\n    }\n}	PENDING	2025-08-10 18:14:45.532835	6	\N	50	1
507		\N	\N	java	\N	0	06ec6e2b-29bb-4e3a-b5f1-44db1cb8abc4	\N	\N	public class Solution {\n    public int sum(int a, int b) {\n        return a + b;\n    }\n}	PENDING	2025-08-10 18:14:45.822039	6	\N	50	1
513		\N	\N	java	\N	0	c5115055-6ff7-4ca4-a6d6-0f2b48828788	\N	\N	public class Solution {\n    public int sum(int a, int b) {\n        return a + b;\n    }\n}	PENDING	2025-08-10 18:14:46.229546	6	\N	50	1
517		\N	\N	java	\N	0	3a1c5081-8487-4ed2-ad6a-3ed6802b7c76	\N	\N	public class Solution {\n    public int sum(int a, int b) {\n        return a + b;\n    }\n}	PENDING	2025-08-10 18:14:46.459111	6	\N	50	1
523		\N	\N	java	\N	0	4e539013-836b-46f8-9573-95d0c1bd6ced	\N	\N	public class Solution {\n    public int sum(int a, int b) {\n        return a + b;\n    }\n}	PENDING	2025-08-10 18:14:46.704666	6	\N	50	1
528		\N	\N	java	\N	0	076fd10a-c0dc-4175-a545-465ac3a35deb	\N	\N	public class Solution {\n    public int sum(int a, int b) {\n        return a + b;\n    }\n}	PENDING	2025-08-10 18:14:46.938661	6	\N	50	1
531		\N	\N	java	\N	0	82444f51-5420-4640-838d-e2696e4cf84a	\N	\N	public class Solution {\n    public int sum(int a, int b) {\n        return a + b;\n    }\n}	PENDING	2025-08-10 18:14:47.533736	6	\N	50	1
538		\N	\N	java	\N	0	265622cf-1390-4940-9cc8-b62cfda22769	\N	\N	public class Solution {\n    public int sum(int a, int b) {\n        return a + b;\n    }\n}	PENDING	2025-08-10 18:14:47.833258	6	\N	50	1
544		\N	\N	java	\N	0	37695fc8-0544-4c8e-a2cf-0dac3b33f653	\N	\N	public class Solution {\n    public int sum(int a, int b) {\n        return a + b;\n    }\n}	PENDING	2025-08-10 18:14:48.169068	6	\N	50	1
549		\N	\N	java	\N	0	d9117df0-dc0d-4175-86c8-e3cd2de38bc0	\N	\N	public class Solution {\n    public int sum(int a, int b) {\n        return a + b;\n    }\n}	PENDING	2025-08-10 18:14:48.393953	6	\N	50	1
554		\N	\N	java	\N	0	06fbf418-f39f-46b4-9825-413e9e3ddd18	\N	\N	public class Solution {\n    public int sum(int a, int b) {\n        return a + b;\n    }\n}	PENDING	2025-08-10 18:14:48.605382	6	\N	50	1
559		\N	\N	java	\N	0	bc8c6bd3-25d2-4f77-9319-5e7814a6cf62	\N	\N	public class Solution {\n    public int sum(int a, int b) {\n        return a + b;\n    }\n}	PENDING	2025-08-10 18:14:48.793847	6	\N	50	1
564		\N	\N	java	\N	0	ce380a2f-17af-4286-8fb2-bafe0a338e62	\N	\N	public class Solution {\n    public int sum(int a, int b) {\n        return a + b;\n    }\n}	PENDING	2025-08-10 18:14:49.007972	6	\N	50	1
567		\N	\N	java	\N	0	2e55f890-24ac-4072-9a82-1c37a30118d9	\N	\N	public class Solution {\n    public int sum(int a, int b) {\n        return a + b;\n    }\n}	PENDING	2025-08-10 18:14:49.209514	6	\N	50	1
571		\N	\N	java	\N	0	ea06891b-dc92-46a3-8732-ab23ceb9b4f4	\N	\N	public class Solution {\n    public int sum(int a, int b) {\n        return a + b;\n    }\n}	PENDING	2025-08-10 18:14:49.414499	6	\N	50	1
578		\N	\N	java	\N	0	4d9d65e2-a310-4081-ac82-bdb310fc118c	\N	\N	public class Solution {\n    public int sum(int a, int b) {\n        return a + b;\n    }\n}	PENDING	2025-08-10 18:14:49.623591	6	\N	50	1
580		\N	\N	java	\N	0	5675d2d0-2516-4772-b57b-a7f50a00c62e	\N	\N	public class Solution {\n    public int sum(int a, int b) {\n        return a + b;\n    }\n}	PENDING	2025-08-10 18:14:49.825892	6	\N	50	1
586		\N	\N	java	\N	0	47e06410-342c-4a2e-a59b-ad5a55fc2943	\N	\N	public class Solution {\n    public int sum(int a, int b) {\n        return a + b;\n    }\n}	PENDING	2025-08-10 18:14:50.02632	6	\N	50	1
591		\N	\N	java	\N	0	e1ab7670-7f67-4f77-9b08-9eccd947460f	\N	\N	public class Solution {\n    public int sum(int a, int b) {\n        return a + b;\n    }\n}	PENDING	2025-08-10 18:14:50.226646	6	\N	50	1
599		\N	\N	java	\N	0	e7e8d55e-201c-4c7b-be40-998eb8cc9f10	\N	\N	public class Solution {\n    public int sum(int a, int b) {\n        return a + b;\n    }\n}	PENDING	2025-08-10 18:14:50.693403	6	\N	50	1
434		\N	\N	java	\N	0	3ffddcea-eb6b-46f9-95e7-9945192b1955	\N	\N	public class Solution {\n    public int sum(int a, int b) {\n        return a + b;\n    }\n}	PENDING	2025-08-10 18:14:42.327799	6	\N	50	1
438		\N	\N	java	\N	0	446060a2-a518-46b2-8ef7-388f28e2f502	\N	\N	public class Solution {\n    public int sum(int a, int b) {\n        return a + b;\n    }\n}	PENDING	2025-08-10 18:14:42.523066	6	\N	50	1
443		\N	\N	java	\N	0	948de7b8-c668-4534-ae50-c889d49d7adc	\N	\N	public class Solution {\n    public int sum(int a, int b) {\n        return a + b;\n    }\n}	PENDING	2025-08-10 18:14:42.770678	6	\N	50	1
448		\N	\N	java	\N	0	07ce6a61-e4b6-4206-9f80-72e96273974f	\N	\N	public class Solution {\n    public int sum(int a, int b) {\n        return a + b;\n    }\n}	PENDING	2025-08-10 18:14:42.99553	6	\N	50	1
453		\N	\N	java	\N	0	7fa3b265-e8a0-426f-a455-379de3d3549d	\N	\N	public class Solution {\n    public int sum(int a, int b) {\n        return a + b;\n    }\n}	PENDING	2025-08-10 18:14:43.209161	6	\N	50	1
457		2025-08-10 18:17:15.098115	\N	java	6144	6	c6230c8e-20d8-423c-9635-cafad4ea938c	1261	12	public class Solution {\n    public int sum(int a, int b) {\n        return a + b;\n    }\n}	ACCEPTED	2025-08-10 18:14:43.400584	6	\N	50	1
462		\N	\N	java	\N	0	9c6de0fa-515f-410d-9edb-f6bdb0fb1253	\N	\N	public class Solution {\n    public int sum(int a, int b) {\n        return a + b;\n    }\n}	PENDING	2025-08-10 18:14:43.588269	6	\N	50	1
467		\N	\N	java	\N	0	9acb19ba-6b45-4dbb-b9d8-a3e5f2c5f358	\N	\N	public class Solution {\n    public int sum(int a, int b) {\n        return a + b;\n    }\n}	PENDING	2025-08-10 18:14:43.813427	6	\N	50	1
472		\N	\N	java	\N	0	0618b2aa-2c08-4018-822b-0023141cbe4d	\N	\N	public class Solution {\n    public int sum(int a, int b) {\n        return a + b;\n    }\n}	PENDING	2025-08-10 18:14:44.20346	6	\N	50	1
478		\N	\N	java	\N	0	1c348b94-90a0-4364-9dc2-6464841da30c	\N	\N	public class Solution {\n    public int sum(int a, int b) {\n        return a + b;\n    }\n}	PENDING	2025-08-10 18:14:44.493152	6	\N	50	1
484		\N	\N	java	\N	0	4aabc82e-ac46-4fff-93f2-1f27cf9d279d	\N	\N	public class Solution {\n    public int sum(int a, int b) {\n        return a + b;\n    }\n}	PENDING	2025-08-10 18:14:44.713929	6	\N	50	1
488		\N	\N	java	\N	0	96b83e2a-ba8f-4cbe-a23a-6f27eb305505	\N	\N	public class Solution {\n    public int sum(int a, int b) {\n        return a + b;\n    }\n}	PENDING	2025-08-10 18:14:45.057676	6	\N	50	1
493		\N	\N	java	\N	0	2e9c4022-8ab2-41ae-a7d9-18c55d85ea8f	\N	\N	public class Solution {\n    public int sum(int a, int b) {\n        return a + b;\n    }\n}	PENDING	2025-08-10 18:14:45.257754	6	\N	50	1
498		\N	\N	java	\N	0	592b32c4-3e0a-4145-a5cb-6f99908db6d0	\N	\N	public class Solution {\n    public int sum(int a, int b) {\n        return a + b;\n    }\n}	PENDING	2025-08-10 18:14:45.445116	6	\N	50	1
503		\N	\N	java	\N	0	17688062-dfa4-4e97-ad05-d5a204463a19	\N	\N	public class Solution {\n    public int sum(int a, int b) {\n        return a + b;\n    }\n}	PENDING	2025-08-10 18:14:45.641999	6	\N	50	1
508		\N	\N	java	\N	0	33bb2686-1a37-43ff-b463-1a7b6456579c	\N	\N	public class Solution {\n    public int sum(int a, int b) {\n        return a + b;\n    }\n}	PENDING	2025-08-10 18:14:45.871418	6	\N	50	1
512		\N	\N	java	\N	0	d5499aa0-2bee-48f3-be9c-e6cfd47a3674	\N	\N	public class Solution {\n    public int sum(int a, int b) {\n        return a + b;\n    }\n}	PENDING	2025-08-10 18:14:46.224659	6	\N	50	1
515		\N	\N	java	\N	0	2d6ed1f7-9206-40cd-8304-88aa9986b5b4	\N	\N	public class Solution {\n    public int sum(int a, int b) {\n        return a + b;\n    }\n}	PENDING	2025-08-10 18:14:46.457284	6	\N	50	1
520		\N	\N	java	\N	0	61196bd0-c4f2-4d90-933f-2497a5b8c8f7	\N	\N	public class Solution {\n    public int sum(int a, int b) {\n        return a + b;\n    }\n}	PENDING	2025-08-10 18:14:46.699722	6	\N	50	1
526		\N	\N	java	\N	0	3f083778-ca52-4af8-bc24-8b6d6bcde434	\N	\N	public class Solution {\n    public int sum(int a, int b) {\n        return a + b;\n    }\n}	PENDING	2025-08-10 18:14:46.936138	6	\N	50	1
530		\N	\N	java	\N	0	6d15284e-eac1-4636-bffc-6afb5dc2aec4	\N	\N	public class Solution {\n    public int sum(int a, int b) {\n        return a + b;\n    }\n}	PENDING	2025-08-10 18:14:47.533158	6	\N	50	1
536		\N	\N	java	\N	0	fc155534-c0de-4762-96bb-055456963f6c	\N	\N	public class Solution {\n    public int sum(int a, int b) {\n        return a + b;\n    }\n}	PENDING	2025-08-10 18:14:47.82929	6	\N	50	1
541		\N	\N	java	\N	0	7136724e-58d1-4393-b122-00bed064c513	\N	\N	public class Solution {\n    public int sum(int a, int b) {\n        return a + b;\n    }\n}	PENDING	2025-08-10 18:14:48.072718	6	\N	50	1
546		\N	\N	java	\N	0	b4634b2f-b52c-4a5a-a231-c25eabf84a7b	\N	\N	public class Solution {\n    public int sum(int a, int b) {\n        return a + b;\n    }\n}	PENDING	2025-08-10 18:14:48.283981	6	\N	50	1
552		\N	\N	java	\N	0	8bfe043e-6180-4814-9d58-394a67946b15	\N	\N	public class Solution {\n    public int sum(int a, int b) {\n        return a + b;\n    }\n}	PENDING	2025-08-10 18:14:48.592189	6	\N	50	1
557		\N	\N	java	\N	0	8535b3d1-55a2-475a-8418-8e70e8c0b1a3	\N	\N	public class Solution {\n    public int sum(int a, int b) {\n        return a + b;\n    }\n}	PENDING	2025-08-10 18:14:48.786175	6	\N	50	1
562		\N	\N	java	\N	0	97a868b0-13cc-4080-82f4-a52979005fa1	\N	\N	public class Solution {\n    public int sum(int a, int b) {\n        return a + b;\n    }\n}	PENDING	2025-08-10 18:14:49.007972	6	\N	50	1
568		\N	\N	java	\N	0	b6f7e5ec-d093-47bf-ae05-47346eec4594	\N	\N	public class Solution {\n    public int sum(int a, int b) {\n        return a + b;\n    }\n}	PENDING	2025-08-10 18:14:49.211009	6	\N	50	1
573		\N	\N	java	\N	0	db4d5c1e-9bdc-440c-b8a8-f41dd10edeca	\N	\N	public class Solution {\n    public int sum(int a, int b) {\n        return a + b;\n    }\n}	PENDING	2025-08-10 18:14:49.417745	6	\N	50	1
575		\N	\N	java	\N	0	6e7ef303-ba7e-4a77-b12c-f15298b2689a	\N	\N	public class Solution {\n    public int sum(int a, int b) {\n        return a + b;\n    }\n}	PENDING	2025-08-10 18:14:49.623592	6	\N	50	1
583		\N	\N	java	\N	0	ae1520b8-2833-47b7-ba77-4241d38b104e	\N	\N	public class Solution {\n    public int sum(int a, int b) {\n        return a + b;\n    }\n}	PENDING	2025-08-10 18:14:49.825892	6	\N	50	1
587		\N	\N	java	\N	0	f1f9f55a-680c-404e-a514-c18087c394cb	\N	\N	public class Solution {\n    public int sum(int a, int b) {\n        return a + b;\n    }\n}	PENDING	2025-08-10 18:14:50.02632	6	\N	50	1
590		\N	\N	java	\N	0	7901c37d-4b04-45ee-bdf6-0b00eb7c81b2	\N	\N	public class Solution {\n    public int sum(int a, int b) {\n        return a + b;\n    }\n}	PENDING	2025-08-10 18:14:50.227103	6	\N	50	1
597		\N	\N	java	\N	0	bfae3d31-4dbf-4095-82dc-03d804537d25	\N	\N	public class Solution {\n    public int sum(int a, int b) {\n        return a + b;\n    }\n}	PENDING	2025-08-10 18:14:50.693407	6	\N	50	1
437		\N	\N	java	\N	0	3f1ddbe1-6fc8-4f57-a5ef-2e9bfae450aa	\N	\N	public class Solution {\n    public int sum(int a, int b) {\n        return a + b;\n    }\n}	PENDING	2025-08-10 18:14:42.523066	6	\N	50	1
442		\N	\N	java	\N	0	dbc2e236-f550-4853-a0a7-204d3a957bab	\N	\N	public class Solution {\n    public int sum(int a, int b) {\n        return a + b;\n    }\n}	PENDING	2025-08-10 18:14:42.770678	6	\N	50	1
447		\N	\N	java	\N	0	d98c38f8-ed1c-4fe8-8961-79ea35e6b27a	\N	\N	public class Solution {\n    public int sum(int a, int b) {\n        return a + b;\n    }\n}	PENDING	2025-08-10 18:14:42.995522	6	\N	50	1
452		\N	\N	java	\N	0	7cbc411b-4bfe-422e-8d58-368ded6118d7	\N	\N	public class Solution {\n    public int sum(int a, int b) {\n        return a + b;\n    }\n}	PENDING	2025-08-10 18:14:43.209161	6	\N	50	1
459		\N	\N	java	\N	0	a567969f-2217-40cb-b868-0bd3341286e2	\N	\N	public class Solution {\n    public int sum(int a, int b) {\n        return a + b;\n    }\n}	PENDING	2025-08-10 18:14:43.445799	6	\N	50	1
464		\N	\N	java	\N	0	10008767-6ff0-45d0-8710-8c01bcf3569e	\N	\N	public class Solution {\n    public int sum(int a, int b) {\n        return a + b;\n    }\n}	PENDING	2025-08-10 18:14:43.647364	6	\N	50	1
470		\N	\N	java	\N	0	5dd6f8de-7ef1-4d2f-8806-2a649c85ac54	\N	\N	public class Solution {\n    public int sum(int a, int b) {\n        return a + b;\n    }\n}	PENDING	2025-08-10 18:14:43.847985	6	\N	50	1
474		\N	\N	java	\N	0	37dba509-4239-4d98-8f53-b1a89a817d8f	\N	\N	public class Solution {\n    public int sum(int a, int b) {\n        return a + b;\n    }\n}	PENDING	2025-08-10 18:14:44.21953	6	\N	50	1
477		\N	\N	java	\N	0	a6208482-fa02-43eb-b44a-9a112efbe375	\N	\N	public class Solution {\n    public int sum(int a, int b) {\n        return a + b;\n    }\n}	PENDING	2025-08-10 18:14:44.455589	6	\N	50	1
480		\N	\N	java	\N	0	58888e41-97e8-4345-ae8b-8b33a3c2595f	\N	\N	public class Solution {\n    public int sum(int a, int b) {\n        return a + b;\n    }\n}	PENDING	2025-08-10 18:14:44.689479	6	\N	50	1
486		\N	\N	java	\N	0	a5a0eac5-d533-4e33-abfb-b3ea80d48c7c	\N	\N	public class Solution {\n    public int sum(int a, int b) {\n        return a + b;\n    }\n}	PENDING	2025-08-10 18:14:44.8957	6	\N	50	1
490		\N	\N	java	\N	0	b70a6d67-f4cb-4fc9-be03-2efb287a5059	\N	\N	public class Solution {\n    public int sum(int a, int b) {\n        return a + b;\n    }\n}	PENDING	2025-08-10 18:14:45.109386	6	\N	50	1
495		\N	\N	java	\N	0	7983f237-44a9-49f5-acd8-f469232e9f01	\N	\N	public class Solution {\n    public int sum(int a, int b) {\n        return a + b;\n    }\n}	PENDING	2025-08-10 18:14:45.29226	6	\N	50	1
500		\N	\N	java	\N	0	4437c46f-6bb9-4bcc-b23a-fbd2c4aaf7ef	\N	\N	public class Solution {\n    public int sum(int a, int b) {\n        return a + b;\n    }\n}	PENDING	2025-08-10 18:14:45.475274	6	\N	50	1
505		\N	\N	java	\N	0	36bbdaa7-ec86-4704-a4d4-753bc5a0d000	\N	\N	public class Solution {\n    public int sum(int a, int b) {\n        return a + b;\n    }\n}	PENDING	2025-08-10 18:14:45.820274	6	\N	50	1
510		\N	\N	java	\N	0	975d2f76-e7af-47b4-9180-775b4dff5381	\N	\N	public class Solution {\n    public int sum(int a, int b) {\n        return a + b;\n    }\n}	PENDING	2025-08-10 18:14:46.225808	6	\N	50	1
518		\N	\N	java	\N	0	53d4dee2-e25a-4f07-9bad-b89ad8c8e83a	\N	\N	public class Solution {\n    public int sum(int a, int b) {\n        return a + b;\n    }\n}	PENDING	2025-08-10 18:14:46.457292	6	\N	50	1
524		\N	\N	java	\N	0	90ede77a-08dc-4016-ac06-8f5046b1f805	\N	\N	public class Solution {\n    public int sum(int a, int b) {\n        return a + b;\n    }\n}	PENDING	2025-08-10 18:14:46.706707	6	\N	50	1
529		\N	\N	java	\N	0	692b9f24-abd9-4ed5-98c4-313de96eeb1c	\N	\N	public class Solution {\n    public int sum(int a, int b) {\n        return a + b;\n    }\n}	PENDING	2025-08-10 18:14:46.962401	6	\N	50	1
532		\N	\N	java	\N	0	44669c67-3142-471f-a069-cd415c9e2c36	\N	\N	public class Solution {\n    public int sum(int a, int b) {\n        return a + b;\n    }\n}	PENDING	2025-08-10 18:14:47.539186	6	\N	50	1
537		\N	\N	java	\N	0	d7b45f7a-c081-48b9-9762-32d34cd2d530	\N	\N	public class Solution {\n    public int sum(int a, int b) {\n        return a + b;\n    }\n}	PENDING	2025-08-10 18:14:47.829784	6	\N	50	1
542		\N	\N	java	\N	0	02343db6-95bc-4c42-a21f-0776a9de013d	\N	\N	public class Solution {\n    public int sum(int a, int b) {\n        return a + b;\n    }\n}	PENDING	2025-08-10 18:14:48.073403	6	\N	50	1
547		\N	\N	java	\N	0	f2c70c5f-8c27-4c83-bd46-93c41af0c00d	\N	\N	public class Solution {\n    public int sum(int a, int b) {\n        return a + b;\n    }\n}	PENDING	2025-08-10 18:14:48.283981	6	\N	50	1
551		\N	\N	java	\N	0	0ea67ac1-7877-4caf-9416-1b9ec5d527ed	\N	\N	public class Solution {\n    public int sum(int a, int b) {\n        return a + b;\n    }\n}	PENDING	2025-08-10 18:14:48.530175	6	\N	50	1
556		\N	\N	java	\N	0	ebb17f78-70f8-4a5e-8077-f257bba2a674	\N	\N	public class Solution {\n    public int sum(int a, int b) {\n        return a + b;\n    }\n}	PENDING	2025-08-10 18:14:48.7675	6	\N	50	1
563		\N	\N	java	\N	0	1932ce6f-5c45-44e7-9a7d-c8c22cd934b7	\N	\N	public class Solution {\n    public int sum(int a, int b) {\n        return a + b;\n    }\n}	PENDING	2025-08-10 18:14:49.008574	6	\N	50	1
565		\N	\N	java	\N	0	7d4dcfbe-ca41-434d-b7d0-50e7683977e5	\N	\N	public class Solution {\n    public int sum(int a, int b) {\n        return a + b;\n    }\n}	PENDING	2025-08-10 18:14:49.211104	6	\N	50	1
570		\N	\N	java	\N	0	467b4e4b-cf19-4beb-bcc8-23cc1641ee6f	\N	\N	public class Solution {\n    public int sum(int a, int b) {\n        return a + b;\n    }\n}	PENDING	2025-08-10 18:14:49.414499	6	\N	50	1
576		\N	\N	java	\N	0	e0cc3a0b-b2b6-4f05-8226-dbe13e6f011b	\N	\N	public class Solution {\n    public int sum(int a, int b) {\n        return a + b;\n    }\n}	PENDING	2025-08-10 18:14:49.623591	6	\N	50	1
582		\N	\N	java	\N	0	4c06cd78-3ceb-4378-aef5-b4215c51797a	\N	\N	public class Solution {\n    public int sum(int a, int b) {\n        return a + b;\n    }\n}	PENDING	2025-08-10 18:14:49.825892	6	\N	50	1
585		\N	\N	java	\N	0	976f403b-68a1-4bf8-ae04-026ba4fe8ddd	\N	\N	public class Solution {\n    public int sum(int a, int b) {\n        return a + b;\n    }\n}	PENDING	2025-08-10 18:14:50.02632	6	\N	50	1
592		\N	\N	java	\N	0	4e088697-41d5-468e-9c76-494a06a31df5	\N	\N	public class Solution {\n    public int sum(int a, int b) {\n        return a + b;\n    }\n}	PENDING	2025-08-10 18:14:50.226646	6	\N	50	1
596		\N	\N	java	\N	0	a86130c1-db08-4b28-bcff-afa3660681d0	\N	\N	public class Solution {\n    public int sum(int a, int b) {\n        return a + b;\n    }\n}	PENDING	2025-08-10 18:14:50.693425	6	\N	50	1
604		\N	\N	java	\N	0	437d9d29-9c51-4d3a-8630-3afa951ae580	\N	\N	public class Solution {\n    public int sum(int a, int b) {\n        return a + b;\n    }\n}	PENDING	2025-08-10 18:14:51.170238	6	\N	50	1
433		\N	\N	java	\N	0	516f6b29-b8db-4d9f-b103-d9b6c7fcf2c8	\N	\N	public class Solution {\n    public int sum(int a, int b) {\n        return a + b;\n    }\n}	PENDING	2025-08-10 18:14:42.327644	6	\N	50	1
439		\N	\N	java	\N	0	12db1653-8a0b-44bd-af9f-ecececa35475	\N	\N	public class Solution {\n    public int sum(int a, int b) {\n        return a + b;\n    }\n}	PENDING	2025-08-10 18:14:42.572987	6	\N	50	1
444		\N	\N	java	\N	0	a6e5d173-e5a0-4df0-b24c-49b700e3b3a5	\N	\N	public class Solution {\n    public int sum(int a, int b) {\n        return a + b;\n    }\n}	PENDING	2025-08-10 18:14:42.786139	6	\N	50	1
449		\N	\N	java	\N	0	0d00a122-a345-45db-8046-6282c25fdfe9	\N	\N	public class Solution {\n    public int sum(int a, int b) {\n        return a + b;\n    }\n}	PENDING	2025-08-10 18:14:43.031612	6	\N	50	1
454		2025-08-10 18:16:57.522593	\N	java	6144	6	46f8aed0-d5a9-4681-b7a2-87e767d6ebf4	1346	12	public class Solution {\n    public int sum(int a, int b) {\n        return a + b;\n    }\n}	ACCEPTED	2025-08-10 18:14:43.216852	6	\N	50	1
458		\N	\N	java	\N	0	91b526a0-c8d3-45ff-afa3-f36864762346	\N	\N	public class Solution {\n    public int sum(int a, int b) {\n        return a + b;\n    }\n}	PENDING	2025-08-10 18:14:43.409865	6	\N	50	1
463		\N	\N	java	\N	0	71718936-e172-4dee-9317-37f48853df55	\N	\N	public class Solution {\n    public int sum(int a, int b) {\n        return a + b;\n    }\n}	PENDING	2025-08-10 18:14:43.599784	6	\N	50	1
479		\N	\N	java	\N	0	3504ecb8-a5b0-4dcb-93ff-2d462a4a0317	\N	\N	public class Solution {\n    public int sum(int a, int b) {\n        return a + b;\n    }\n}	PENDING	2025-08-10 18:14:44.507754	6	\N	50	1
483		\N	\N	java	\N	0	d317e791-a2c4-4e3a-b9f7-9260c82b52a3	\N	\N	public class Solution {\n    public int sum(int a, int b) {\n        return a + b;\n    }\n}	PENDING	2025-08-10 18:14:44.711139	6	\N	50	1
489		\N	\N	java	\N	0	61512027-6514-4f10-ba25-ef74b3cf295a	\N	\N	public class Solution {\n    public int sum(int a, int b) {\n        return a + b;\n    }\n}	PENDING	2025-08-10 18:14:45.063844	6	\N	50	1
494		\N	\N	java	\N	0	d6512c03-cb66-41f3-8c79-e173e32ae0df	\N	\N	public class Solution {\n    public int sum(int a, int b) {\n        return a + b;\n    }\n}	PENDING	2025-08-10 18:14:45.272506	6	\N	50	1
499		\N	\N	java	\N	0	a07b3aee-f173-40c5-a8e2-9ceca2f7e7b6	\N	\N	public class Solution {\n    public int sum(int a, int b) {\n        return a + b;\n    }\n}	PENDING	2025-08-10 18:14:45.458978	6	\N	50	1
504		\N	\N	java	\N	0	16169bf2-613c-42b1-8202-29da49247d9b	\N	\N	public class Solution {\n    public int sum(int a, int b) {\n        return a + b;\n    }\n}	PENDING	2025-08-10 18:14:45.698691	6	\N	50	1
509		\N	\N	java	\N	0	148bff80-962b-435e-9628-890c80290808	\N	\N	public class Solution {\n    public int sum(int a, int b) {\n        return a + b;\n    }\n}	PENDING	2025-08-10 18:14:45.962811	6	\N	50	1
514		\N	\N	java	\N	0	56ec8be8-b77d-468c-9309-4741b41f14a5	\N	\N	public class Solution {\n    public int sum(int a, int b) {\n        return a + b;\n    }\n}	PENDING	2025-08-10 18:14:46.243556	6	\N	50	1
519		\N	\N	java	\N	0	942fe1f5-ac81-47ac-916e-e6c8ffb00165	\N	\N	public class Solution {\n    public int sum(int a, int b) {\n        return a + b;\n    }\n}	PENDING	2025-08-10 18:14:46.459111	6	\N	50	1
521		\N	\N	java	\N	0	8e3a56b4-8d59-4d74-90d9-d754abbae529	\N	\N	public class Solution {\n    public int sum(int a, int b) {\n        return a + b;\n    }\n}	PENDING	2025-08-10 18:14:46.701098	6	\N	50	1
525		\N	\N	java	\N	0	af6fcfa7-1339-4a52-946b-2b5e980861f2	\N	\N	public class Solution {\n    public int sum(int a, int b) {\n        return a + b;\n    }\n}	PENDING	2025-08-10 18:14:46.927182	6	\N	50	1
534		\N	\N	java	\N	0	ec7a873e-b0e8-4581-b6e4-42a1c3d80f70	\N	\N	public class Solution {\n    public int sum(int a, int b) {\n        return a + b;\n    }\n}	PENDING	2025-08-10 18:14:47.533183	6	\N	50	1
535		\N	\N	java	\N	0	e038a37f-4b9e-4a7d-8fa0-a8e9de33dba5	\N	\N	public class Solution {\n    public int sum(int a, int b) {\n        return a + b;\n    }\n}	PENDING	2025-08-10 18:14:47.829286	6	\N	50	1
543		\N	\N	java	\N	0	e7735ee3-f6d8-4a91-916f-4ffc10f129e2	\N	\N	public class Solution {\n    public int sum(int a, int b) {\n        return a + b;\n    }\n}	PENDING	2025-08-10 18:14:48.072706	6	\N	50	1
548		\N	\N	java	\N	0	a97ebd16-32ce-4ae8-81cc-600177689177	\N	\N	public class Solution {\n    public int sum(int a, int b) {\n        return a + b;\n    }\n}	PENDING	2025-08-10 18:14:48.284101	6	\N	50	1
553		\N	\N	java	\N	0	4f072418-21c7-41b3-b0eb-34113140ecef	\N	\N	public class Solution {\n    public int sum(int a, int b) {\n        return a + b;\n    }\n}	PENDING	2025-08-10 18:14:48.601811	6	\N	50	1
558		\N	\N	java	\N	0	a9451e0d-d896-406b-9e8c-bbe6719e1c8c	\N	\N	public class Solution {\n    public int sum(int a, int b) {\n        return a + b;\n    }\n}	PENDING	2025-08-10 18:14:48.789953	6	\N	50	1
561		\N	\N	java	\N	0	a093ec78-b809-40d5-9413-25cf616f08b9	\N	\N	public class Solution {\n    public int sum(int a, int b) {\n        return a + b;\n    }\n}	PENDING	2025-08-10 18:14:49.007348	6	\N	50	1
569		\N	\N	java	\N	0	4b9fe7d6-3aeb-4f1f-8cc3-8cc2ad97605b	\N	\N	public class Solution {\n    public int sum(int a, int b) {\n        return a + b;\n    }\n}	PENDING	2025-08-10 18:14:49.21454	6	\N	50	1
574		\N	\N	java	\N	0	6a79c568-750a-46a7-a4dc-ad6846a3ae46	\N	\N	public class Solution {\n    public int sum(int a, int b) {\n        return a + b;\n    }\n}	PENDING	2025-08-10 18:14:49.462907	6	\N	50	1
579		\N	\N	java	\N	0	f85f32ba-3ca8-4241-b6cb-2754677a3110	\N	\N	public class Solution {\n    public int sum(int a, int b) {\n        return a + b;\n    }\n}	PENDING	2025-08-10 18:14:49.653823	6	\N	50	1
584		\N	\N	java	\N	0	07d509dd-47c0-4c46-9c8e-a76769b6950e	\N	\N	public class Solution {\n    public int sum(int a, int b) {\n        return a + b;\n    }\n}	PENDING	2025-08-10 18:14:49.861216	6	\N	50	1
588		\N	\N	java	\N	0	e2a0892a-3c1e-47f1-99fb-209947226d90	\N	\N	public class Solution {\n    public int sum(int a, int b) {\n        return a + b;\n    }\n}	PENDING	2025-08-10 18:14:50.05702	6	\N	50	1
593		\N	\N	java	\N	0	7aa920a3-da0d-4e43-82ae-44728e4d2200	\N	\N	public class Solution {\n    public int sum(int a, int b) {\n        return a + b;\n    }\n}	PENDING	2025-08-10 18:14:50.379869	6	\N	50	1
595		\N	\N	java	\N	0	d68a4c32-02d7-4022-8a4d-26a592636663	\N	\N	public class Solution {\n    public int sum(int a, int b) {\n        return a + b;\n    }\n}	PENDING	2025-08-10 18:14:50.693402	6	\N	50	1
600		\N	\N	java	\N	0	44a7f7ae-9f03-4688-9c5a-44e28ce7bc25	\N	\N	public class Solution {\n    public int sum(int a, int b) {\n        return a + b;\n    }\n}	PENDING	2025-08-10 18:14:51.164351	6	\N	50	1
607		\N	\N	java	\N	0	5b716029-2a90-4d33-81e9-c721f890f50e	\N	\N	public class Solution {\n    public int sum(int a, int b) {\n        return a + b;\n    }\n}	PENDING	2025-08-10 18:14:51.389728	6	\N	50	1
598		\N	\N	java	\N	0	9f630840-444b-41d2-b4de-cb0727fc1e7d	\N	\N	public class Solution {\n    public int sum(int a, int b) {\n        return a + b;\n    }\n}	PENDING	2025-08-10 18:14:50.693402	6	\N	50	1
601		\N	\N	java	\N	0	35a254f2-8321-470f-9e55-288a3936b2e5	\N	\N	public class Solution {\n    public int sum(int a, int b) {\n        return a + b;\n    }\n}	PENDING	2025-08-10 18:14:51.164585	6	\N	50	1
606		\N	\N	java	\N	0	9ba43cff-11de-4a04-a11b-648c766701a1	\N	\N	public class Solution {\n    public int sum(int a, int b) {\n        return a + b;\n    }\n}	PENDING	2025-08-10 18:14:51.389017	6	\N	50	1
611		\N	\N	java	\N	0	10b6b8c3-01ad-4bd0-8420-ec834cf06585	\N	\N	public class Solution {\n    public int sum(int a, int b) {\n        return a + b;\n    }\n}	PENDING	2025-08-10 18:14:51.604746	6	\N	50	1
616		\N	\N	java	\N	0	f32f9ead-907d-4cfa-90b1-ae75330a6126	\N	\N	public class Solution {\n    public int sum(int a, int b) {\n        return a + b;\n    }\n}	PENDING	2025-08-10 18:14:52.312813	6	\N	50	1
620		\N	\N	java	\N	0	cc158c71-2d77-49be-ace4-b1be038e2b0f	\N	\N	public class Solution {\n    public int sum(int a, int b) {\n        return a + b;\n    }\n}	PENDING	2025-08-10 18:14:52.51658	6	\N	50	1
627		\N	\N	java	\N	0	557427ae-2780-4ad0-9acd-397b9d27626e	\N	\N	public class Solution {\n    public int sum(int a, int b) {\n        return a + b;\n    }\n}	PENDING	2025-08-10 18:14:52.727477	6	\N	50	1
633		\N	\N	java	\N	0	2ce723a4-0382-4f1d-be78-d98d800e4aaa	\N	\N	public class Solution {\n    public int sum(int a, int b) {\n        return a + b;\n    }\n}	PENDING	2025-08-10 18:14:52.97769	6	\N	50	1
638		\N	\N	java	\N	0	a80768c5-058f-44c5-8296-8269869ada83	\N	\N	public class Solution {\n    public int sum(int a, int b) {\n        return a + b;\n    }\n}	PENDING	2025-08-10 18:14:53.244047	6	\N	50	1
642		\N	\N	java	\N	0	377624fa-59fb-4e7c-9686-54802cbcead5	\N	\N	public class Solution {\n    public int sum(int a, int b) {\n        return a + b;\n    }\n}	PENDING	2025-08-10 18:14:53.435899	6	\N	50	1
603		\N	\N	java	\N	0	922f3c61-e87a-48fe-a59c-ad7408781bee	\N	\N	public class Solution {\n    public int sum(int a, int b) {\n        return a + b;\n    }\n}	PENDING	2025-08-10 18:14:51.164472	6	\N	50	1
609		\N	\N	java	\N	0	a5c3db11-6fb0-47eb-8f1b-454e9d68f4ee	\N	\N	public class Solution {\n    public int sum(int a, int b) {\n        return a + b;\n    }\n}	PENDING	2025-08-10 18:14:51.390539	6	\N	50	1
610		\N	\N	java	\N	0	485d240b-f9b5-4248-b823-1119af09e5ce	\N	\N	public class Solution {\n    public int sum(int a, int b) {\n        return a + b;\n    }\n}	PENDING	2025-08-10 18:14:51.600579	6	\N	50	1
618		\N	\N	java	\N	0	d7d109eb-6a28-4818-ba15-328503f5f61f	\N	\N	public class Solution {\n    public int sum(int a, int b) {\n        return a + b;\n    }\n}	PENDING	2025-08-10 18:14:52.31564	6	\N	50	1
621		\N	\N	java	\N	0	a22c24ba-bf20-46bb-adf7-fe7396986ba7	\N	\N	public class Solution {\n    public int sum(int a, int b) {\n        return a + b;\n    }\n}	PENDING	2025-08-10 18:14:52.525143	6	\N	50	1
626		\N	\N	java	\N	0	d027cd5c-57c3-42a6-bb5f-44317b55a799	\N	\N	public class Solution {\n    public int sum(int a, int b) {\n        return a + b;\n    }\n}	PENDING	2025-08-10 18:14:52.728034	6	\N	50	1
631		\N	\N	java	\N	0	7f05ea26-1337-42ee-a7f6-7c72a7496339	\N	\N	public class Solution {\n    public int sum(int a, int b) {\n        return a + b;\n    }\n}	PENDING	2025-08-10 18:14:52.97769	6	\N	50	1
635		\N	\N	java	\N	0	ba7d16f0-84ad-4fe7-b8c0-1eec0d11d728	\N	\N	public class Solution {\n    public int sum(int a, int b) {\n        return a + b;\n    }\n}	PENDING	2025-08-10 18:14:53.184713	6	\N	50	1
640		\N	\N	java	\N	0	6fa506ce-1e0f-4b8b-b13f-9e644333cac6	\N	\N	public class Solution {\n    public int sum(int a, int b) {\n        return a + b;\n    }\n}	PENDING	2025-08-10 18:14:53.396148	6	\N	50	1
602		\N	\N	java	\N	0	0b5df192-1d57-4b45-a0f1-756ac3066161	\N	\N	public class Solution {\n    public int sum(int a, int b) {\n        return a + b;\n    }\n}	PENDING	2025-08-10 18:14:51.164453	6	\N	50	1
608		\N	\N	java	\N	0	d7009bb1-3e27-4cb5-a09f-f487d0427b27	\N	\N	public class Solution {\n    public int sum(int a, int b) {\n        return a + b;\n    }\n}	PENDING	2025-08-10 18:14:51.390182	6	\N	50	1
613		\N	\N	java	\N	0	fffc261a-1e68-4bb9-b292-1735ce80edf0	\N	\N	public class Solution {\n    public int sum(int a, int b) {\n        return a + b;\n    }\n}	PENDING	2025-08-10 18:14:51.606243	6	\N	50	1
617		\N	\N	java	\N	0	0ec51ff5-5c12-4dc3-8512-fbb976bf8dbb	\N	\N	public class Solution {\n    public int sum(int a, int b) {\n        return a + b;\n    }\n}	PENDING	2025-08-10 18:14:52.311157	6	\N	50	1
624		\N	\N	java	\N	0	f063a934-286e-4dc6-9d07-eb874a0a7ee0	\N	\N	public class Solution {\n    public int sum(int a, int b) {\n        return a + b;\n    }\n}	PENDING	2025-08-10 18:14:52.551067	6	\N	50	1
628		\N	\N	java	\N	0	c6487f0d-3857-4b62-a2d8-5470b218e98d	\N	\N	public class Solution {\n    public int sum(int a, int b) {\n        return a + b;\n    }\n}	PENDING	2025-08-10 18:14:52.773858	6	\N	50	1
632		\N	\N	java	\N	0	d502df73-e0fa-4596-8d20-ce3c7c932a7b	\N	\N	public class Solution {\n    public int sum(int a, int b) {\n        return a + b;\n    }\n}	PENDING	2025-08-10 18:14:52.97783	6	\N	50	1
636		\N	\N	java	\N	0	d5e884c4-da4e-47d3-8ec9-530288e49c0f	\N	\N	public class Solution {\n    public int sum(int a, int b) {\n        return a + b;\n    }\n}	PENDING	2025-08-10 18:14:53.223642	6	\N	50	1
641		\N	\N	java	\N	0	53aa6d2e-331f-40c9-a705-442ef02bf785	\N	\N	public class Solution {\n    public int sum(int a, int b) {\n        return a + b;\n    }\n}	PENDING	2025-08-10 18:14:53.42326	6	\N	50	1
645		\N	\N	java	\N	0	3fb9826b-cfdd-44fd-a354-4255e6b4547a	\N	\N	public class Solution {\n    public int sum(int a, int b) {\n        return a + b;\n    }\n}	PENDING	2025-08-10 18:14:53.614822	6	\N	50	1
605		\N	\N	java	\N	0	38f2775a-e1e4-459d-9bca-db3f44507375	\N	\N	public class Solution {\n    public int sum(int a, int b) {\n        return a + b;\n    }\n}	PENDING	2025-08-10 18:14:51.389017	6	\N	50	1
612		\N	\N	java	\N	0	2a19f6b7-27ca-40ee-a083-86d547978e2c	\N	\N	public class Solution {\n    public int sum(int a, int b) {\n        return a + b;\n    }\n}	PENDING	2025-08-10 18:14:51.600579	6	\N	50	1
615		\N	\N	java	\N	0	0a25e016-aa8f-4a23-b498-42bfcb4a813a	\N	\N	public class Solution {\n    public int sum(int a, int b) {\n        return a + b;\n    }\n}	PENDING	2025-08-10 18:14:52.312813	6	\N	50	1
622		\N	\N	java	\N	0	2add536d-6c38-4ebd-bf15-fe2c791e2f85	\N	\N	public class Solution {\n    public int sum(int a, int b) {\n        return a + b;\n    }\n}	PENDING	2025-08-10 18:14:52.523529	6	\N	50	1
629		\N	\N	java	\N	0	2e23c2f4-ec6b-4b91-bb5d-372180008877	\N	\N	public class Solution {\n    public int sum(int a, int b) {\n        return a + b;\n    }\n}	PENDING	2025-08-10 18:14:52.801253	6	\N	50	1
634		\N	\N	java	\N	0	0d53bd4b-25ec-420a-ba29-94aa7994af1f	\N	\N	public class Solution {\n    public int sum(int a, int b) {\n        return a + b;\n    }\n}	PENDING	2025-08-10 18:14:52.993867	6	\N	50	1
639		\N	\N	java	\N	0	73ec2c61-03ef-4a8c-bfaa-f0078d72b6a2	\N	\N	public class Solution {\n    public int sum(int a, int b) {\n        return a + b;\n    }\n}	PENDING	2025-08-10 18:14:53.256	6	\N	50	1
643		\N	\N	java	\N	0	b6169e67-7586-423f-9fc2-71b67e6f59a4	\N	\N	public class Solution {\n    public int sum(int a, int b) {\n        return a + b;\n    }\n}	PENDING	2025-08-10 18:14:53.439505	6	\N	50	1
614		\N	\N	java	\N	0	028df58e-ea39-4979-a30e-c37e2bb3d81c	\N	\N	public class Solution {\n    public int sum(int a, int b) {\n        return a + b;\n    }\n}	PENDING	2025-08-10 18:14:51.651206	6	\N	50	1
619		\N	\N	java	\N	0	20756cd0-6f97-49be-9f09-3c0aee704238	\N	\N	public class Solution {\n    public int sum(int a, int b) {\n        return a + b;\n    }\n}	PENDING	2025-08-10 18:14:52.326086	6	\N	50	1
623		\N	\N	java	\N	0	69dccda4-f6fa-4245-9a19-0474e00e99c8	\N	\N	public class Solution {\n    public int sum(int a, int b) {\n        return a + b;\n    }\n}	PENDING	2025-08-10 18:14:52.525143	6	\N	50	1
625		\N	\N	java	\N	0	9195a34d-b7dc-4e5e-802f-5edda53a5a55	\N	\N	public class Solution {\n    public int sum(int a, int b) {\n        return a + b;\n    }\n}	PENDING	2025-08-10 18:14:52.727807	6	\N	50	1
630		\N	\N	java	\N	0	fb201cc9-a97f-4987-9b94-147e55cfbbf4	\N	\N	public class Solution {\n    public int sum(int a, int b) {\n        return a + b;\n    }\n}	PENDING	2025-08-10 18:14:52.977841	6	\N	50	1
637		\N	\N	java	\N	0	a71121c5-b795-49f2-aeb1-0ecb8d3c539c	\N	\N	public class Solution {\n    public int sum(int a, int b) {\n        return a + b;\n    }\n}	PENDING	2025-08-10 18:14:53.234702	6	\N	50	1
644		\N	\N	java	\N	0	09bb5c28-0e1b-41e5-9027-0b9be86d8840	\N	\N	public class Solution {\n    public int sum(int a, int b) {\n        return a + b;\n    }\n}	PENDING	2025-08-10 18:14:53.439639	6	\N	50	1
373		2025-08-10 18:15:08.535457	\N	java	6144	6	e06edfa1-7c0a-4471-af4f-b5905ae0edce	1042	12	public class Solution {\n    public int sum(int a, int b) {\n        return a + b;\n    }\n}	ACCEPTED	2025-08-10 18:12:01.83659	6	\N	50	1
646		2025-08-21 16:39:53.466197	\N	java	6144	0	39cda44d-4705-4c9d-a631-e5810310aaa6	1	0	public class Solution {\n    public int sum(int a, int b) {\n        return a + b;\n    }\n}	WRONG_ANSWER	2025-08-21 16:39:43.288197	6	\N	50	1
647		2025-08-21 16:47:55.232176	\N	java	6144	0	21be8a98-c486-4a1d-a2f8-4d99a3d32271	1	0	public class Solution {\n    public int sum(int a, int b) {\n        return a + b;\n    }\n}	WRONG_ANSWER	2025-08-21 16:47:41.611951	6	\N	50	1
648		2025-08-21 16:49:25.633288	\N	java	6144	0	42d7ce3e-3eeb-471f-bcfd-1ea438596e39	1	0	public class Solution {\n    public int sum(int a, int b) {\n        return a + b;\n    }\n}	WRONG_ANSWER	2025-08-21 16:49:12.307475	6	\N	50	1
\.


--
-- Data for Name: test_case_results; Type: TABLE DATA; Schema: public; Owner: postgres
--

COPY public.test_case_results (id, error_message, is_hidden, memory_used_kb, runtime_ms, score, status, user_output, submission_id, test_case_id) FROM stdin;
1	failed to lazily initialize a collection of role: oj.onlineCodingCompetition.entity.Problem.functionSignatures: could not initialize proxy - no Session	f	\N	\N	0	SYSTEM_ERROR	\N	14	21
2	failed to lazily initialize a collection of role: oj.onlineCodingCompetition.entity.Problem.functionSignatures: could not initialize proxy - no Session	f	\N	\N	0	SYSTEM_ERROR	\N	14	22
3	failed to lazily initialize a collection of role: oj.onlineCodingCompetition.entity.Problem.functionSignatures: could not initialize proxy - no Session	f	\N	\N	0	SYSTEM_ERROR	\N	14	23
4	failed to lazily initialize a collection of role: oj.onlineCodingCompetition.entity.Problem.functionSignatures: could not initialize proxy - no Session	t	\N	\N	0	SYSTEM_ERROR	\N	14	24
5	failed to lazily initialize a collection of role: oj.onlineCodingCompetition.entity.Problem.functionSignatures: could not initialize proxy - no Session	t	\N	\N	0	SYSTEM_ERROR	\N	14	25
6	failed to lazily initialize a collection of role: oj.onlineCodingCompetition.entity.Problem.functionSignatures: could not initialize proxy - no Session	t	\N	\N	0	SYSTEM_ERROR	\N	14	26
7	failed to lazily initialize a collection of role: oj.onlineCodingCompetition.entity.Problem.functionSignatures: could not initialize proxy - no Session	f	\N	\N	0	SYSTEM_ERROR	\N	13	21
8	failed to lazily initialize a collection of role: oj.onlineCodingCompetition.entity.Problem.functionSignatures: could not initialize proxy - no Session	f	\N	\N	0	SYSTEM_ERROR	\N	13	22
9	failed to lazily initialize a collection of role: oj.onlineCodingCompetition.entity.Problem.functionSignatures: could not initialize proxy - no Session	f	\N	\N	0	SYSTEM_ERROR	\N	13	23
10	failed to lazily initialize a collection of role: oj.onlineCodingCompetition.entity.Problem.functionSignatures: could not initialize proxy - no Session	t	\N	\N	0	SYSTEM_ERROR	\N	13	24
11	failed to lazily initialize a collection of role: oj.onlineCodingCompetition.entity.Problem.functionSignatures: could not initialize proxy - no Session	t	\N	\N	0	SYSTEM_ERROR	\N	13	25
12	failed to lazily initialize a collection of role: oj.onlineCodingCompetition.entity.Problem.functionSignatures: could not initialize proxy - no Session	t	\N	\N	0	SYSTEM_ERROR	\N	13	26
13	failed to lazily initialize a collection of role: oj.onlineCodingCompetition.entity.Problem.functionSignatures: could not initialize proxy - no Session	f	\N	\N	0	SYSTEM_ERROR	\N	3	1
14	failed to lazily initialize a collection of role: oj.onlineCodingCompetition.entity.Problem.functionSignatures: could not initialize proxy - no Session	f	\N	\N	0	SYSTEM_ERROR	\N	3	2
15	failed to lazily initialize a collection of role: oj.onlineCodingCompetition.entity.Problem.functionSignatures: could not initialize proxy - no Session	t	\N	\N	0	SYSTEM_ERROR	\N	3	3
16	failed to lazily initialize a collection of role: oj.onlineCodingCompetition.entity.Problem.functionSignatures: could not initialize proxy - no Session	t	\N	\N	0	SYSTEM_ERROR	\N	3	4
17	failed to lazily initialize a collection of role: oj.onlineCodingCompetition.entity.Problem.functionSignatures: could not initialize proxy - no Session	f	\N	\N	0	SYSTEM_ERROR	\N	12	21
18	failed to lazily initialize a collection of role: oj.onlineCodingCompetition.entity.Problem.functionSignatures: could not initialize proxy - no Session	f	\N	\N	0	SYSTEM_ERROR	\N	12	22
19	failed to lazily initialize a collection of role: oj.onlineCodingCompetition.entity.Problem.functionSignatures: could not initialize proxy - no Session	f	\N	\N	0	SYSTEM_ERROR	\N	12	23
20	failed to lazily initialize a collection of role: oj.onlineCodingCompetition.entity.Problem.functionSignatures: could not initialize proxy - no Session	t	\N	\N	0	SYSTEM_ERROR	\N	12	24
21	failed to lazily initialize a collection of role: oj.onlineCodingCompetition.entity.Problem.functionSignatures: could not initialize proxy - no Session	t	\N	\N	0	SYSTEM_ERROR	\N	12	25
22	failed to lazily initialize a collection of role: oj.onlineCodingCompetition.entity.Problem.functionSignatures: could not initialize proxy - no Session	t	\N	\N	0	SYSTEM_ERROR	\N	12	26
23	failed to lazily initialize a collection of role: oj.onlineCodingCompetition.entity.Problem.functionSignatures: could not initialize proxy - no Session	f	\N	\N	0	SYSTEM_ERROR	\N	15	21
24	failed to lazily initialize a collection of role: oj.onlineCodingCompetition.entity.Problem.functionSignatures: could not initialize proxy - no Session	f	\N	\N	0	SYSTEM_ERROR	\N	15	22
25	failed to lazily initialize a collection of role: oj.onlineCodingCompetition.entity.Problem.functionSignatures: could not initialize proxy - no Session	f	\N	\N	0	SYSTEM_ERROR	\N	15	23
26	failed to lazily initialize a collection of role: oj.onlineCodingCompetition.entity.Problem.functionSignatures: could not initialize proxy - no Session	t	\N	\N	0	SYSTEM_ERROR	\N	15	24
27	failed to lazily initialize a collection of role: oj.onlineCodingCompetition.entity.Problem.functionSignatures: could not initialize proxy - no Session	t	\N	\N	0	SYSTEM_ERROR	\N	15	25
28	failed to lazily initialize a collection of role: oj.onlineCodingCompetition.entity.Problem.functionSignatures: could not initialize proxy - no Session	t	\N	\N	0	SYSTEM_ERROR	\N	15	26
29	failed to lazily initialize a collection of role: oj.onlineCodingCompetition.entity.Problem.functionSignatures: could not initialize proxy - no Session	f	\N	\N	0	SYSTEM_ERROR	\N	16	21
30	failed to lazily initialize a collection of role: oj.onlineCodingCompetition.entity.Problem.functionSignatures: could not initialize proxy - no Session	f	\N	\N	0	SYSTEM_ERROR	\N	16	22
31	failed to lazily initialize a collection of role: oj.onlineCodingCompetition.entity.Problem.functionSignatures: could not initialize proxy - no Session	f	\N	\N	0	SYSTEM_ERROR	\N	16	23
32	failed to lazily initialize a collection of role: oj.onlineCodingCompetition.entity.Problem.functionSignatures: could not initialize proxy - no Session	t	\N	\N	0	SYSTEM_ERROR	\N	16	24
33	failed to lazily initialize a collection of role: oj.onlineCodingCompetition.entity.Problem.functionSignatures: could not initialize proxy - no Session	t	\N	\N	0	SYSTEM_ERROR	\N	16	25
505	\N	f	1024	1416	1	PASSED	4	107	17
34	failed to lazily initialize a collection of role: oj.onlineCodingCompetition.entity.Problem.functionSignatures: could not initialize proxy - no Session	t	\N	\N	0	SYSTEM_ERROR	\N	16	26
35	\N	f	0	2472	\N	TIME_LIMIT_EXCEEDED	\N	17	21
36	\N	f	0	994	1	PASSED	5	17	22
37	\N	f	0	875	1	PASSED	-15	17	23
38	\N	t	0	898	1	PASSED	0	17	24
39	\N	t	0	882	1	PASSED	2000000000	17	25
40	\N	t	0	1292	\N	TIME_LIMIT_EXCEEDED	\N	17	26
41	\N	f	0	1159	\N	TIME_LIMIT_EXCEEDED	\N	18	21
42	\N	f	0	749	1	PASSED	5	18	22
43	\N	f	0	797	1	PASSED	-15	18	23
44	\N	t	0	820	1	PASSED	0	18	24
45	\N	t	0	889	1	PASSED	2000000000	18	25
46	\N	t	0	802	1	PASSED	-2000000000	18	26
47	\N	f	0	1052	\N	TIME_LIMIT_EXCEEDED	\N	19	21
48	\N	f	0	1077	\N	TIME_LIMIT_EXCEEDED	\N	19	22
49	\N	f	0	1154	\N	TIME_LIMIT_EXCEEDED	\N	19	23
50	\N	t	0	859	1	PASSED	0	19	24
51	\N	t	0	1133	\N	TIME_LIMIT_EXCEEDED	\N	19	25
52	\N	t	0	1398	\N	TIME_LIMIT_EXCEEDED	\N	19	26
53	\N	f	1024	1370	\N	TIME_LIMIT_EXCEEDED	\N	20	21
54	\N	f	1024	868	1	PASSED	5	20	22
55	\N	f	1024	865	1	PASSED	-15	20	23
56	\N	t	1024	856	1	PASSED	0	20	24
57	\N	t	1024	896	1	PASSED	2000000000	20	25
58	\N	t	1024	782	1	PASSED	-2000000000	20	26
59	\N	f	1024	1452	\N	TIME_LIMIT_EXCEEDED	\N	21	21
60	\N	f	1024	925	1	PASSED	5	21	22
61	\N	f	1024	1622	\N	TIME_LIMIT_EXCEEDED	\N	21	23
62	\N	t	1024	917	1	PASSED	0	21	24
63	\N	t	1024	1007	\N	TIME_LIMIT_EXCEEDED	\N	21	25
64	\N	t	1024	1037	\N	TIME_LIMIT_EXCEEDED	\N	21	26
65	/usr/bin/ld: /tmp/ccXfoCMH.o: in function `main':\n/app/code/Main.cpp:12: undefined reference to `sum(int, int)'\ncollect2: error: ld returned 1 exit status\n	f	1024	816	\N	RUNTIME_ERROR	\N	22	21
66	/usr/bin/ld: /tmp/ccX7PvkI.o: in function `main':\n/app/code/Main.cpp:12: undefined reference to `sum(int, int)'\ncollect2: error: ld returned 1 exit status\n	f	1024	446	\N	RUNTIME_ERROR	\N	22	22
67	/usr/bin/ld: /tmp/cco8rRAC.o: in function `main':\n/app/code/Main.cpp:12: undefined reference to `sum(int, int)'\ncollect2: error: ld returned 1 exit status\n	f	1024	484	\N	RUNTIME_ERROR	\N	22	23
68	/usr/bin/ld: /tmp/ccdWGF7H.o: in function `main':\n/app/code/Main.cpp:12: undefined reference to `sum(int, int)'\ncollect2: error: ld returned 1 exit status\n	t	1024	432	\N	RUNTIME_ERROR	\N	22	24
69	/usr/bin/ld: /tmp/ccoH3kHK.o: in function `main':\n/app/code/Main.cpp:12: undefined reference to `sum(int, int)'\ncollect2: error: ld returned 1 exit status\n	t	1024	557	\N	RUNTIME_ERROR	\N	22	25
70	/usr/bin/ld: /tmp/cc2dyJ8P.o: in function `main':\n/app/code/Main.cpp:12: undefined reference to `sum(int, int)'\ncollect2: error: ld returned 1 exit status\n	t	1024	434	\N	RUNTIME_ERROR	\N	22	26
71	\N	f	1024	1179	\N	TIME_LIMIT_EXCEEDED	\N	23	21
72	\N	f	1024	909	1	PASSED	5	23	22
73	\N	f	1024	895	1	PASSED	-15	23	23
74	\N	t	1024	902	1	PASSED	0	23	24
75	\N	t	1024	861	1	PASSED	2000000000	23	25
76	\N	t	1024	922	1	PASSED	-2000000000	23	26
77	/usr/bin/ld: /tmp/ccioilsK.o: in function `main':\n/app/code/Main.cpp:12: undefined reference to `sum(int, int)'\ncollect2: error: ld returned 1 exit status\n	f	1024	821	\N	RUNTIME_ERROR	\N	24	21
78	/usr/bin/ld: /tmp/ccXWXFVI.o: in function `main':\n/app/code/Main.cpp:12: undefined reference to `sum(int, int)'\ncollect2: error: ld returned 1 exit status\n	f	1024	448	\N	RUNTIME_ERROR	\N	24	22
79	/usr/bin/ld: /tmp/ccl0TQsH.o: in function `main':\n/app/code/Main.cpp:12: undefined reference to `sum(int, int)'\ncollect2: error: ld returned 1 exit status\n	f	1024	427	\N	RUNTIME_ERROR	\N	24	23
80	/usr/bin/ld: /tmp/ccxEK2JF.o: in function `main':\n/app/code/Main.cpp:12: undefined reference to `sum(int, int)'\ncollect2: error: ld returned 1 exit status\n	t	1024	395	\N	RUNTIME_ERROR	\N	24	24
81	/usr/bin/ld: /tmp/ccYtRCzI.o: in function `main':\n/app/code/Main.cpp:12: undefined reference to `sum(int, int)'\ncollect2: error: ld returned 1 exit status\n	t	1024	452	\N	RUNTIME_ERROR	\N	24	25
82	/usr/bin/ld: /tmp/cc0jYEYK.o: in function `main':\n/app/code/Main.cpp:12: undefined reference to `sum(int, int)'\ncollect2: error: ld returned 1 exit status\n	t	1024	428	\N	RUNTIME_ERROR	\N	24	26
83	\N	f	1024	1554	\N	TIME_LIMIT_EXCEEDED	\N	25	21
84	\N	f	1024	1002	\N	TIME_LIMIT_EXCEEDED	\N	25	22
85	\N	f	1024	1465	\N	TIME_LIMIT_EXCEEDED	\N	25	23
86	\N	t	1024	1015	\N	TIME_LIMIT_EXCEEDED	\N	25	24
87	\N	t	1024	835	1	PASSED	2000000000	25	25
88	\N	t	1024	946	1	PASSED	-2000000000	25	26
89	/usr/bin/ld: /tmp/ccLEdItL.o: in function `main':\n/app/code/Main.cpp:12: undefined reference to `sum(int, int)'\ncollect2: error: ld returned 1 exit status\n	f	1024	1216	\N	RUNTIME_ERROR	\N	26	21
90	/usr/bin/ld: /tmp/ccfdtG4J.o: in function `main':\n/app/code/Main.cpp:12: undefined reference to `sum(int, int)'\ncollect2: error: ld returned 1 exit status\n	f	1024	531	\N	RUNTIME_ERROR	\N	26	22
91	/usr/bin/ld: /tmp/cclbBiUC.o: in function `main':\n/app/code/Main.cpp:12: undefined reference to `sum(int, int)'\ncollect2: error: ld returned 1 exit status\n	f	1024	474	\N	RUNTIME_ERROR	\N	26	23
419	\N	t	1024	238	1	PASSED	#@!321cba	89	47
92	/usr/bin/ld: /tmp/cc0Bn3AL.o: in function `main':\n/app/code/Main.cpp:12: undefined reference to `sum(int, int)'\ncollect2: error: ld returned 1 exit status\n	t	1024	495	\N	RUNTIME_ERROR	\N	26	24
93	/usr/bin/ld: /tmp/ccssb0dJ.o: in function `main':\n/app/code/Main.cpp:12: undefined reference to `sum(int, int)'\ncollect2: error: ld returned 1 exit status\n	t	1024	828	\N	RUNTIME_ERROR	\N	26	25
94	/usr/bin/ld: /tmp/ccwnLA3I.o: in function `main':\n/app/code/Main.cpp:12: undefined reference to `sum(int, int)'\ncollect2: error: ld returned 1 exit status\n	t	1024	941	\N	RUNTIME_ERROR	\N	26	26
95	\N	f	1024	1584	\N	TIME_LIMIT_EXCEEDED	\N	27	21
96	\N	f	1024	980	1	PASSED	5	27	22
97	\N	f	1024	1192	\N	TIME_LIMIT_EXCEEDED	\N	27	23
98	\N	t	1024	804	1	PASSED	0	27	24
99	\N	t	1024	1329	\N	TIME_LIMIT_EXCEEDED	\N	27	25
100	\N	t	1024	915	1	PASSED	-2000000000	27	26
101	\N	f	1024	1491	\N	TIME_LIMIT_EXCEEDED	\N	28	21
102	\N	f	1024	973	1	PASSED	5	28	22
103	\N	f	1024	901	1	PASSED	-15	28	23
104	\N	t	1024	823	1	PASSED	0	28	24
105	\N	t	1024	895	1	PASSED	2000000000	28	25
106	\N	t	1024	1225	\N	TIME_LIMIT_EXCEEDED	\N	28	26
107	\N	f	1024	2250	1	PASSED	12	29	21
108	\N	f	1024	887	1	PASSED	5	29	22
109	\N	f	1024	884	1	PASSED	-15	29	23
110	\N	t	1024	968	1	PASSED	0	29	24
111	\N	t	1024	846	1	PASSED	2000000000	29	25
112	\N	t	1024	848	1	PASSED	-2000000000	29	26
113	/usr/bin/ld: /tmp/ccIbDZ2H.o: in function `main':\n/app/code/Main.cpp:12: undefined reference to `sum(int, int)'\ncollect2: error: ld returned 1 exit status\n	f	1024	1356	\N	RUNTIME_ERROR	\N	30	21
114	/usr/bin/ld: /tmp/cc66W6JC.o: in function `main':\n/app/code/Main.cpp:12: undefined reference to `sum(int, int)'\ncollect2: error: ld returned 1 exit status\n	f	1024	523	\N	RUNTIME_ERROR	\N	30	22
115	/usr/bin/ld: /tmp/ccL3bCeH.o: in function `main':\n/app/code/Main.cpp:12: undefined reference to `sum(int, int)'\ncollect2: error: ld returned 1 exit status\n	f	1024	464	\N	RUNTIME_ERROR	\N	30	23
116	/usr/bin/ld: /tmp/ccxE2lNK.o: in function `main':\n/app/code/Main.cpp:12: undefined reference to `sum(int, int)'\ncollect2: error: ld returned 1 exit status\n	t	1024	485	\N	RUNTIME_ERROR	\N	30	24
117	/usr/bin/ld: /tmp/ccTvNzGK.o: in function `main':\n/app/code/Main.cpp:12: undefined reference to `sum(int, int)'\ncollect2: error: ld returned 1 exit status\n	t	1024	446	\N	RUNTIME_ERROR	\N	30	25
118	/usr/bin/ld: /tmp/cckUKwKK.o: in function `main':\n/app/code/Main.cpp:12: undefined reference to `sum(int, int)'\ncollect2: error: ld returned 1 exit status\n	t	1024	419	\N	RUNTIME_ERROR	\N	30	26
119	\N	f	1024	1652	1	PASSED	12	31	21
120	\N	f	1024	1035	1	PASSED	5	31	22
121	\N	f	1024	1099	1	PASSED	-15	31	23
122	\N	t	1024	1079	1	PASSED	0	31	24
123	\N	t	1024	968	1	PASSED	2000000000	31	25
124	\N	t	1024	994	1	PASSED	-2000000000	31	26
125	\N	f	1024	1974	1	PASSED	12	32	21
126	\N	f	1024	1074	1	PASSED	5	32	22
127	\N	f	1024	1221	1	PASSED	-15	32	23
128	\N	t	1024	803	1	PASSED	0	32	24
129	\N	t	1024	827	1	PASSED	2000000000	32	25
130	\N	t	1024	855	1	PASSED	-2000000000	32	26
131	\N	f	1024	1424	1	PASSED	12	33	21
132	\N	f	1024	807	1	PASSED	5	33	22
133	\N	f	1024	788	1	PASSED	-15	33	23
134	\N	t	1024	936	1	PASSED	0	33	24
135	\N	t	1024	910	1	PASSED	2000000000	33	25
136	\N	t	1024	838	1	PASSED	-2000000000	33	26
137	\N	f	1024	1306	1	PASSED	12	34	21
138	\N	f	1024	766	1	PASSED	5	34	22
139	\N	f	1024	823	1	PASSED	-15	34	23
140	\N	t	1024	792	1	PASSED	0	34	24
141	\N	t	1024	936	1	PASSED	2000000000	34	25
142	\N	t	1024	861	1	PASSED	-2000000000	34	26
143	\N	f	1024	1603	\N	TIME_LIMIT_EXCEEDED	\N	35	17
144	\N	f	1024	906	1	PASSED	5	35	18
145	\N	t	1024	919	1	PASSED	1	35	19
146	\N	t	1024	1041	\N	TIME_LIMIT_EXCEEDED	\N	35	20
147	Unable to find image 'docker:latest' locally\nlatest: Pulling from library/docker\n6e771e15690e: Pulling fs layer\n8b618038d943: Pulling fs layer\n4f4fb700ef54: Pulling fs layer\nd0b60745a14f: Pulling fs layer\n53910568e671: Pulling fs layer\n22795717cba3: Pulling fs layer\n607a19766262: Pulling fs layer\ne91bfc1c59af: Pulling fs layer\na0801e5e0bb5: Pulling fs layer\nb87e5611bbb6: Pulling fs layer\n2863b4a6033c: Pulling fs layer\n92bd11592ade: Pulling fs layer\n530820c63afd: Pulling fs layer\nff042676a039: Pulling fs layer\nff681757442a: Pulling fs layer\n68d4746a2233: Pulling fs layer\nd0b60745a14f: Waiting\n53910568e671: Waiting\n22795717cba3: Waiting\n607a19766262: Waiting\ne91bfc1c59af: Waiting\na0801e5e0bb5: Waiting\nb87e5611bbb6: Waiting\n2863b4a6033c: Waiting\n92bd11592ade: Waiting\nff042676a039: Waiting\n530820c63afd: Waiting\nff681757442a: Waiting\n68d4746a2233: Waiting\n4f4fb700ef54: Verifying Checksum\n4f4fb700ef54: Download complete\n6e771e15690e: Download complete\n6e771e15690e: Pull complete\nd0b60745a14f: Verifying Checksum\nd0b60745a14f: Download complete\n8b618038d943: Verifying Checksum\n8b618038d943: Download complete\n8b618038d943: Pull complete\n4f4fb700ef54: Pull complete\nd0b60745a14f: Pull complete\n53910568e671: Verifying Checksum\n53910568e671: Download complete\n53910568e671: Pull complete\ne91bfc1c59af: Verifying Checksum\ne91bfc1c59af: Download complete\na0801e5e0bb5: Verifying Checksum\na0801e5e0bb5: Download complete\n22795717cba3: Verifying Checksum\n22795717cba3: Download complete\n22795717cba3: Pull complete\nb87e5611bbb6: Verifying Checksum\nb87e5611bbb6: Download complete\n92bd11592ade: Verifying Checksum\n92bd11592ade: Download complete\n2863b4a6033c: Verifying Checksum\n2863b4a6033c: Download complete\n530820c63afd: Download complete\nff681757442a: Verifying Checksum\nff681757442a: Download complete\n607a19766262: Download complete\n68d4746a2233: Verifying Checksum\n68d4746a2233: Download complete\n607a19766262: Pull complete\ne91bfc1c59af: Pull complete\na0801e5e0bb5: Pull complete\nb87e5611bbb6: Pull complete\n2863b4a6033c: Pull complete\n92bd11592ade: Pull complete\n530820c63afd: Pull complete\nff042676a039: Verifying Checksum\nff042676a039: Download complete\nff042676a039: Pull complete\nff681757442a: Pull complete\n68d4746a2233: Pull complete\nDigest: sha256:e293493ad0083add2d14827c8b452b1da625745edd3cba27f154d0b11d0ec2d2\nStatus: Downloaded newer image for docker:latest\nERROR: docker: 'docker buildx build' requires 1 argument\n\nUsage:  docker buildx build [OPTIONS] PATH | URL | -\n\nRun 'docker buildx build --help' for more information\n	f	1024	41170	\N	RUNTIME_ERROR	\N	36	21
148	ERROR: docker: 'docker buildx build' requires 1 argument\n\nUsage:  docker buildx build [OPTIONS] PATH | URL | -\n\nRun 'docker buildx build --help' for more information\n	f	1024	582	\N	RUNTIME_ERROR	\N	36	22
149	ERROR: docker: 'docker buildx build' requires 1 argument\n\nUsage:  docker buildx build [OPTIONS] PATH | URL | -\n\nRun 'docker buildx build --help' for more information\n	f	1024	520	\N	RUNTIME_ERROR	\N	36	23
150	ERROR: docker: 'docker buildx build' requires 1 argument\n\nUsage:  docker buildx build [OPTIONS] PATH | URL | -\n\nRun 'docker buildx build --help' for more information\n	t	1024	274	\N	RUNTIME_ERROR	\N	36	24
151	ERROR: docker: 'docker buildx build' requires 1 argument\n\nUsage:  docker buildx build [OPTIONS] PATH | URL | -\n\nRun 'docker buildx build --help' for more information\n	t	1024	271	\N	RUNTIME_ERROR	\N	36	25
152	ERROR: docker: 'docker buildx build' requires 1 argument\n\nUsage:  docker buildx build [OPTIONS] PATH | URL | -\n\nRun 'docker buildx build --help' for more information\n	t	1024	278	\N	RUNTIME_ERROR	\N	36	26
153	\N	f	1024	1153	1	PASSED	12	37	21
154	\N	f	1024	842	1	PASSED	5	37	22
155	\N	f	1024	823	1	PASSED	-15	37	23
156	\N	t	1024	853	1	PASSED	0	37	24
157	\N	t	1024	1048	1	PASSED	2000000000	37	25
158	\N	t	1024	919	1	PASSED	-2000000000	37	26
159	\N	f	1024	1610	1	PASSED	12	38	21
160	\N	f	1024	959	1	PASSED	5	38	22
161	\N	f	1024	876	1	PASSED	-15	38	23
162	\N	t	1024	865	1	PASSED	0	38	24
163	\N	t	1024	979	1	PASSED	2000000000	38	25
164	\N	t	1024	883	1	PASSED	-2000000000	38	26
165	\N	f	1024	2547	1	PASSED	12	39	21
166	\N	f	1024	1465	1	PASSED	5	39	22
167	\N	f	1024	984	1	PASSED	-15	39	23
168	\N	t	1024	1223	1	PASSED	0	39	24
169	\N	t	1024	1151	1	PASSED	2000000000	39	25
170	\N	t	1024	1122	1	PASSED	-2000000000	39	26
171	\N	f	1024	1820	1	PASSED	12	40	21
172	\N	f	1024	843	1	PASSED	5	40	22
173	\N	f	1024	1392	1	PASSED	-15	40	23
174	\N	t	1024	1017	1	PASSED	0	40	24
175	\N	t	1024	1019	1	PASSED	2000000000	40	25
176	\N	t	1024	855	1	PASSED	-2000000000	40	26
177	\N	f	1024	1788	1	PASSED	12	41	21
178	\N	f	1024	876	1	PASSED	5	41	22
179	\N	f	1024	1929	1	PASSED	-15	41	23
180	\N	t	1024	1325	1	PASSED	0	41	24
181	\N	t	1024	1039	1	PASSED	2000000000	41	25
182	\N	t	1024	1006	1	PASSED	-2000000000	41	26
183	\N	f	1024	1841	1	PASSED	12	42	21
184	\N	f	1024	834	1	PASSED	5	42	22
185	\N	f	1024	1043	1	PASSED	-15	42	23
186	\N	t	1024	956	1	PASSED	0	42	24
187	\N	t	1024	821	1	PASSED	2000000000	42	25
188	\N	t	1024	797	1	PASSED	-2000000000	42	26
189	\N	f	1024	2137	1	PASSED	12	43	21
190	\N	f	1024	1001	1	PASSED	5	43	22
191	\N	f	1024	1065	1	PASSED	-15	43	23
192	\N	t	1024	1207	1	PASSED	0	43	24
193	\N	t	1024	1601	1	PASSED	2000000000	43	25
194	\N	t	1024	2505	1	PASSED	-2000000000	43	26
195	\N	f	1024	1311	1	PASSED	12	44	21
196	\N	f	1024	883	1	PASSED	5	44	22
197	\N	f	1024	907	1	PASSED	-15	44	23
198	\N	t	1024	799	1	PASSED	0	44	24
199	\N	t	1024	898	1	PASSED	2000000000	44	25
200	\N	t	1024	1217	1	PASSED	-2000000000	44	26
201	Traceback (most recent call last):\n  File "/app/code/Main.py", line 1, in <module>\n    from solution import sum\nModuleNotFoundError: No module named 'solution'\n	f	1024	1065	\N	RUNTIME_ERROR	\N	45	21
202	Traceback (most recent call last):\n  File "/app/code/Main.py", line 1, in <module>\n    from solution import sum\nModuleNotFoundError: No module named 'solution'\n	f	1024	310	\N	RUNTIME_ERROR	\N	45	22
203	Traceback (most recent call last):\n  File "/app/code/Main.py", line 1, in <module>\n    from solution import sum\nModuleNotFoundError: No module named 'solution'\n	f	1024	291	\N	RUNTIME_ERROR	\N	45	23
204	Traceback (most recent call last):\n  File "/app/code/Main.py", line 1, in <module>\n    from solution import sum\nModuleNotFoundError: No module named 'solution'\n	t	1024	219	\N	RUNTIME_ERROR	\N	45	24
205	Traceback (most recent call last):\n  File "/app/code/Main.py", line 1, in <module>\n    from solution import sum\nModuleNotFoundError: No module named 'solution'\n	t	1024	271	\N	RUNTIME_ERROR	\N	45	25
206	Traceback (most recent call last):\n  File "/app/code/Main.py", line 1, in <module>\n    from solution import sum\nModuleNotFoundError: No module named 'solution'\n	t	1024	303	\N	RUNTIME_ERROR	\N	45	26
207	Traceback (most recent call last):\n  File "/app/code/Main.py", line 1, in <module>\n    from solution import sum\nModuleNotFoundError: No module named 'solution'\n	f	1024	346	\N	RUNTIME_ERROR	\N	46	21
208	Traceback (most recent call last):\n  File "/app/code/Main.py", line 1, in <module>\n    from solution import sum\nModuleNotFoundError: No module named 'solution'\n	f	1024	275	\N	RUNTIME_ERROR	\N	46	22
420	\N	t	1024	373	1	PASSED	aaaaaa	89	48
209	Traceback (most recent call last):\n  File "/app/code/Main.py", line 1, in <module>\n    from solution import sum\nModuleNotFoundError: No module named 'solution'\n	f	1024	349	\N	RUNTIME_ERROR	\N	46	23
210	Traceback (most recent call last):\n  File "/app/code/Main.py", line 1, in <module>\n    from solution import sum\nModuleNotFoundError: No module named 'solution'\n	t	1024	201	\N	RUNTIME_ERROR	\N	46	24
211	Traceback (most recent call last):\n  File "/app/code/Main.py", line 1, in <module>\n    from solution import sum\nModuleNotFoundError: No module named 'solution'\n	t	1024	443	\N	RUNTIME_ERROR	\N	46	25
212	Traceback (most recent call last):\n  File "/app/code/Main.py", line 1, in <module>\n    from solution import sum\nModuleNotFoundError: No module named 'solution'\n	t	1024	706	\N	RUNTIME_ERROR	\N	46	26
213	\n#\n# Fatal process OOM in Failed to reserve virtual memory for CodeRange\n#\n\n/app/entrypoint.sh: line 41:     7 Trace/breakpoint trap   node $NODE_OPTS $CODE_FILE < $INPUT_FILE\n	f	1024	527	\N	RUNTIME_ERROR	\N	47	21
214	\n#\n# Fatal process OOM in Failed to reserve virtual memory for CodeRange\n#\n\n/app/entrypoint.sh: line 41:     7 Trace/breakpoint trap   node $NODE_OPTS $CODE_FILE < $INPUT_FILE\n	f	1024	223	\N	RUNTIME_ERROR	\N	47	22
215	\n#\n# Fatal process OOM in Failed to reserve virtual memory for CodeRange\n#\n\n/app/entrypoint.sh: line 41:     7 Trace/breakpoint trap   node $NODE_OPTS $CODE_FILE < $INPUT_FILE\n	f	1024	138	\N	RUNTIME_ERROR	\N	47	23
216	\n#\n# Fatal process OOM in Failed to reserve virtual memory for CodeRange\n#\n\n/app/entrypoint.sh: line 41:     7 Trace/breakpoint trap   node $NODE_OPTS $CODE_FILE < $INPUT_FILE\n	t	1024	150	\N	RUNTIME_ERROR	\N	47	24
217	\n#\n# Fatal process OOM in Failed to reserve virtual memory for CodeRange\n#\n\n/app/entrypoint.sh: line 41:     7 Trace/breakpoint trap   node $NODE_OPTS $CODE_FILE < $INPUT_FILE\n	t	1024	205	\N	RUNTIME_ERROR	\N	47	25
218	\n#\n# Fatal process OOM in Failed to reserve virtual memory for CodeRange\n#\n\n/app/entrypoint.sh: line 41:     7 Trace/breakpoint trap   node $NODE_OPTS $CODE_FILE < $INPUT_FILE\n	t	1024	258	\N	RUNTIME_ERROR	\N	47	26
219	ERROR: docker: 'docker buildx build' requires 1 argument\n\nUsage:  docker buildx build [OPTIONS] PATH | URL | -\n\nRun 'docker buildx build --help' for more information\n	f	1024	858	\N	RUNTIME_ERROR	\N	48	21
220	ERROR: docker: 'docker buildx build' requires 1 argument\n\nUsage:  docker buildx build [OPTIONS] PATH | URL | -\n\nRun 'docker buildx build --help' for more information\n	f	1024	286	\N	RUNTIME_ERROR	\N	48	22
221	ERROR: docker: 'docker buildx build' requires 1 argument\n\nUsage:  docker buildx build [OPTIONS] PATH | URL | -\n\nRun 'docker buildx build --help' for more information\n	f	1024	272	\N	RUNTIME_ERROR	\N	48	23
222	ERROR: docker: 'docker buildx build' requires 1 argument\n\nUsage:  docker buildx build [OPTIONS] PATH | URL | -\n\nRun 'docker buildx build --help' for more information\n	t	1024	421	\N	RUNTIME_ERROR	\N	48	24
223	ERROR: docker: 'docker buildx build' requires 1 argument\n\nUsage:  docker buildx build [OPTIONS] PATH | URL | -\n\nRun 'docker buildx build --help' for more information\n	t	1024	329	\N	RUNTIME_ERROR	\N	48	25
224	ERROR: docker: 'docker buildx build' requires 1 argument\n\nUsage:  docker buildx build [OPTIONS] PATH | URL | -\n\nRun 'docker buildx build --help' for more information\n	t	1024	249	\N	RUNTIME_ERROR	\N	48	26
225	Traceback (most recent call last):\n  File "/app/code/Main.py", line 1, in <module>\n    from solution import sum\nModuleNotFoundError: No module named 'solution'\n	f	1024	371	\N	RUNTIME_ERROR	\N	49	21
226	Traceback (most recent call last):\n  File "/app/code/Main.py", line 1, in <module>\n    from solution import sum\nModuleNotFoundError: No module named 'solution'\n	f	1024	234	\N	RUNTIME_ERROR	\N	49	22
227	Traceback (most recent call last):\n  File "/app/code/Main.py", line 1, in <module>\n    from solution import sum\nModuleNotFoundError: No module named 'solution'\n	f	1024	254	\N	RUNTIME_ERROR	\N	49	23
228	Traceback (most recent call last):\n  File "/app/code/Main.py", line 1, in <module>\n    from solution import sum\nModuleNotFoundError: No module named 'solution'\n	t	1024	236	\N	RUNTIME_ERROR	\N	49	24
229	Traceback (most recent call last):\n  File "/app/code/Main.py", line 1, in <module>\n    from solution import sum\nModuleNotFoundError: No module named 'solution'\n	t	1024	256	\N	RUNTIME_ERROR	\N	49	25
230	Traceback (most recent call last):\n  File "/app/code/Main.py", line 1, in <module>\n    from solution import sum\nModuleNotFoundError: No module named 'solution'\n	t	1024	168	\N	RUNTIME_ERROR	\N	49	26
231	ERROR: docker: 'docker buildx build' requires 1 argument\n\nUsage:  docker buildx build [OPTIONS] PATH | URL | -\n\nRun 'docker buildx build --help' for more information\n	f	1024	564	\N	RUNTIME_ERROR	\N	50	21
232	ERROR: docker: 'docker buildx build' requires 1 argument\n\nUsage:  docker buildx build [OPTIONS] PATH | URL | -\n\nRun 'docker buildx build --help' for more information\n	f	1024	243	\N	RUNTIME_ERROR	\N	50	22
233	ERROR: docker: 'docker buildx build' requires 1 argument\n\nUsage:  docker buildx build [OPTIONS] PATH | URL | -\n\nRun 'docker buildx build --help' for more information\n	f	1024	301	\N	RUNTIME_ERROR	\N	50	23
234	ERROR: docker: 'docker buildx build' requires 1 argument\n\nUsage:  docker buildx build [OPTIONS] PATH | URL | -\n\nRun 'docker buildx build --help' for more information\n	t	1024	290	\N	RUNTIME_ERROR	\N	50	24
235	ERROR: docker: 'docker buildx build' requires 1 argument\n\nUsage:  docker buildx build [OPTIONS] PATH | URL | -\n\nRun 'docker buildx build --help' for more information\n	t	1024	405	\N	RUNTIME_ERROR	\N	50	25
236	ERROR: docker: 'docker buildx build' requires 1 argument\n\nUsage:  docker buildx build [OPTIONS] PATH | URL | -\n\nRun 'docker buildx build --help' for more information\n	t	1024	319	\N	RUNTIME_ERROR	\N	50	26
237	/usr/bin/ld: /tmp/ccCtypjJ.o: in function `main':\n/app/code/Main.cpp:12: undefined reference to `sum(int, int)'\ncollect2: error: ld returned 1 exit status\n	f	1024	1762	\N	RUNTIME_ERROR	\N	51	21
238	/usr/bin/ld: /tmp/ccqigK9G.o: in function `main':\n/app/code/Main.cpp:12: undefined reference to `sum(int, int)'\ncollect2: error: ld returned 1 exit status\n	f	1024	678	\N	RUNTIME_ERROR	\N	51	22
239	/usr/bin/ld: /tmp/ccywoeMI.o: in function `main':\n/app/code/Main.cpp:12: undefined reference to `sum(int, int)'\ncollect2: error: ld returned 1 exit status\n	f	1024	600	\N	RUNTIME_ERROR	\N	51	23
421	\N	f	1024	937	1	PASSED	olleh	90	43
240	/usr/bin/ld: /tmp/ccipna2H.o: in function `main':\n/app/code/Main.cpp:12: undefined reference to `sum(int, int)'\ncollect2: error: ld returned 1 exit status\n	t	1024	531	\N	RUNTIME_ERROR	\N	51	24
241	/usr/bin/ld: /tmp/ccRsNjSG.o: in function `main':\n/app/code/Main.cpp:12: undefined reference to `sum(int, int)'\ncollect2: error: ld returned 1 exit status\n	t	1024	485	\N	RUNTIME_ERROR	\N	51	25
242	/usr/bin/ld: /tmp/ccTZKMGK.o: in function `main':\n/app/code/Main.cpp:12: undefined reference to `sum(int, int)'\ncollect2: error: ld returned 1 exit status\n	t	1024	540	\N	RUNTIME_ERROR	\N	51	26
243	\N	f	1024	925	1	PASSED	12	52	21
244	\N	f	1024	845	1	PASSED	5	52	22
245	\N	f	1024	1236	1	PASSED	-15	52	23
246	\N	t	1024	326	1	PASSED	0	52	24
247	\N	t	1024	221	1	PASSED	2000000000	52	25
248	\N	t	1024	303	1	PASSED	-2000000000	52	26
249	Traceback (most recent call last):\n  File "/app/code/Main.py", line 4, in <module>\n    param0 = int(param0)\nValueError: invalid literal for int() with base 10: '[1,2,3,4,5]'\n	f	1024	987	\N	RUNTIME_ERROR	\N	53	27
250	\N	f	1024	1365	0	FAILED	-2	54	21
251	\N	f	1024	959	1	PASSED	12	55	21
252	\N	f	1024	791	1	PASSED	5	55	22
253	\N	f	1024	757	1	PASSED	-15	55	23
254	\N	t	1024	826	1	PASSED	0	55	24
255	\N	t	1024	892	1	PASSED	2000000000	55	25
256	\N	t	1024	765	1	PASSED	-2000000000	55	26
257	\N	f	1024	996	0	FAILED	5	56	22
258	\N	f	1024	796	1	PASSED	12	56	21
259	\N	f	1024	769	1	PASSED	-15	56	23
260	\N	t	1024	737	1	PASSED	0	56	24
261	\N	t	1024	787	1	PASSED	2000000000	56	25
262	\N	t	1024	801	1	PASSED	-2000000000	56	26
263	\N	f	1024	1020	\N	TIME_LIMIT_EXCEEDED	\N	57	22
264	\N	f	1024	759	1	PASSED	12	57	21
265	\N	f	1024	739	1	PASSED	-15	57	23
266	\N	t	1024	792	1	PASSED	0	57	24
267	\N	t	1024	774	1	PASSED	2000000000	57	25
268	\N	t	1024	775	1	PASSED	-2000000000	57	26
269	\N	f	1024	950	0	FAILED	5	58	22
270	\N	f	1024	1085	1	PASSED	12	58	21
271	\N	f	1024	1246	1	PASSED	-15	58	23
272	\N	t	1024	988	1	PASSED	0	58	24
273	\N	t	1024	800	1	PASSED	2000000000	58	25
274	\N	t	1024	783	1	PASSED	-2000000000	58	26
275	\N	f	1024	1290	\N	TIME_LIMIT_EXCEEDED	\N	59	22
276	\N	f	1024	907	1	PASSED	12	59	21
277	\N	f	1024	840	1	PASSED	-15	59	23
278	\N	t	1024	891	1	PASSED	0	59	24
279	\N	t	1024	822	1	PASSED	2000000000	59	25
280	\N	t	1024	839	1	PASSED	-2000000000	59	26
281	\N	f	1024	915	1	PASSED	5	60	22
282	\N	f	1024	860	1	PASSED	12	60	21
283	\N	f	1024	1236	1	PASSED	-15	60	23
284	\N	t	1024	935	1	PASSED	0	60	24
285	\N	t	1024	808	1	PASSED	2000000000	60	25
286	\N	t	1024	838	1	PASSED	-2000000000	60	26
287	\N	f	1024	1743	\N	TIME_LIMIT_EXCEEDED	\N	61	22
288	\N	f	1024	813	1	PASSED	12	61	21
289	\N	f	1024	813	1	PASSED	-15	61	23
290	\N	t	1024	835	1	PASSED	0	61	24
291	\N	t	1024	840	1	PASSED	2000000000	61	25
292	\N	t	1024	830	1	PASSED	-2000000000	61	26
293	\N	f	1024	1031	\N	TIME_LIMIT_EXCEEDED	\N	62	22
294	\N	f	1024	819	1	PASSED	12	62	21
295	\N	f	1024	794	1	PASSED	-15	62	23
296	\N	t	1024	866	1	PASSED	0	62	24
297	\N	t	1024	923	1	PASSED	2000000000	62	25
298	\N	t	1024	855	1	PASSED	-2000000000	62	26
299	\N	f	1024	990	1	PASSED	5	63	22
300	\N	f	1024	726	1	PASSED	12	63	21
301	\N	f	1024	835	1	PASSED	-15	63	23
302	\N	t	1024	757	1	PASSED	0	63	24
303	\N	t	1024	750	1	PASSED	2000000000	63	25
304	\N	t	1024	842	1	PASSED	-2000000000	63	26
305	./Solution.java:3: error: incompatible types: int cannot be converted to boolean\n        return a -b;\n                 ^\n1 error\n	f	1024	1572	\N	RUNTIME_ERROR	\N	64	27
306	./Solution.java:3: error: incompatible types: int cannot be converted to boolean\n        return a -b;\n                 ^\n1 error\n	f	1024	982	\N	RUNTIME_ERROR	\N	64	28
307	./Solution.java:3: error: incompatible types: int cannot be converted to boolean\n      return a -b ;\n               ^\n1 error\n	f	1024	3055	\N	RUNTIME_ERROR	\N	65	27
308	./Solution.java:3: error: incompatible types: int cannot be converted to boolean\n      return a -b ;\n               ^\n1 error\n	f	1024	2691	\N	RUNTIME_ERROR	\N	65	28
309	/usr/bin/ld: /tmp/cc5bJQDK.o: in function `main':\n/app/code/Main.cpp:12: undefined reference to `sum(int, int)'\ncollect2: error: ld returned 1 exit status\n	f	1024	1163	\N	RUNTIME_ERROR	\N	66	22
310	/usr/bin/ld: /tmp/ccxUTjFL.o: in function `main':\n/app/code/Main.cpp:12: undefined reference to `sum(int, int)'\ncollect2: error: ld returned 1 exit status\n	f	1024	417	\N	RUNTIME_ERROR	\N	66	21
311	/usr/bin/ld: /tmp/ccg6IwXH.o: in function `main':\n/app/code/Main.cpp:12: undefined reference to `sum(int, int)'\ncollect2: error: ld returned 1 exit status\n	f	1024	356	\N	RUNTIME_ERROR	\N	66	23
312	/usr/bin/ld: /tmp/ccVudYsI.o: in function `main':\n/app/code/Main.cpp:12: undefined reference to `sum(int, int)'\ncollect2: error: ld returned 1 exit status\n	t	1024	396	\N	RUNTIME_ERROR	\N	66	24
313	/usr/bin/ld: /tmp/ccFWb8ZJ.o: in function `main':\n/app/code/Main.cpp:12: undefined reference to `sum(int, int)'\ncollect2: error: ld returned 1 exit status\n	t	1024	394	\N	RUNTIME_ERROR	\N	66	25
314	/usr/bin/ld: /tmp/ccvBq6NJ.o: in function `main':\n/app/code/Main.cpp:12: undefined reference to `sum(int, int)'\ncollect2: error: ld returned 1 exit status\n	t	1024	388	\N	RUNTIME_ERROR	\N	66	26
315	/usr/bin/ld: /tmp/cczE6UaK.o: in function `main':\n/app/code/Main.cpp:12: undefined reference to `sum(int, int)'\ncollect2: error: ld returned 1 exit status\n	f	1024	890	\N	RUNTIME_ERROR	\N	67	22
316	/usr/bin/ld: /tmp/ccNlAUfK.o: in function `main':\n/app/code/Main.cpp:12: undefined reference to `sum(int, int)'\ncollect2: error: ld returned 1 exit status\n	f	1024	452	\N	RUNTIME_ERROR	\N	67	21
317	/usr/bin/ld: /tmp/ccEPrxgJ.o: in function `main':\n/app/code/Main.cpp:12: undefined reference to `sum(int, int)'\ncollect2: error: ld returned 1 exit status\n	f	1024	375	\N	RUNTIME_ERROR	\N	67	23
318	/usr/bin/ld: /tmp/ccUb5ODH.o: in function `main':\n/app/code/Main.cpp:12: undefined reference to `sum(int, int)'\ncollect2: error: ld returned 1 exit status\n	t	1024	463	\N	RUNTIME_ERROR	\N	67	24
319	/usr/bin/ld: /tmp/ccMQslAC.o: in function `main':\n/app/code/Main.cpp:12: undefined reference to `sum(int, int)'\ncollect2: error: ld returned 1 exit status\n	t	1024	393	\N	RUNTIME_ERROR	\N	67	25
320	/usr/bin/ld: /tmp/ccTWKxYH.o: in function `main':\n/app/code/Main.cpp:12: undefined reference to `sum(int, int)'\ncollect2: error: ld returned 1 exit status\n	t	1024	446	\N	RUNTIME_ERROR	\N	67	26
321	\N	f	1024	990	1	PASSED	5	68	22
322	\N	f	1024	767	1	PASSED	12	68	21
323	\N	f	1024	850	1	PASSED	-15	68	23
324	\N	t	1024	827	1	PASSED	0	68	24
325	\N	t	1024	787	1	PASSED	2000000000	68	25
326	\N	t	1024	890	1	PASSED	-2000000000	68	26
327	\N	f	1024	872	0	FAILED	-3	69	22
328	\N	f	1024	718	0	FAILED	5	69	21
329	\N	f	1024	1775	\N	TIME_LIMIT_EXCEEDED	\N	70	22
330	\N	f	1024	891	1	PASSED	12	70	21
331	\N	f	1024	786	1	PASSED	-15	70	23
332	\N	t	1024	763	1	PASSED	0	70	24
333	\N	t	1024	742	1	PASSED	2000000000	70	25
334	\N	t	1024	750	1	PASSED	-2000000000	70	26
335	\N	f	1024	901	1	PASSED	5	71	22
336	\N	f	1024	681	1	PASSED	12	71	21
337	\N	f	1024	725	1	PASSED	-15	71	23
338	\N	t	1024	807	1	PASSED	0	71	24
339	\N	t	1024	769	1	PASSED	2000000000	71	25
340	\N	t	1024	748	1	PASSED	-2000000000	71	26
341	\N	f	1024	923	0	FAILED	-3	72	22
342	\N	f	1024	707	0	FAILED	5	72	21
343	\N	f	1024	659	0	FAILED	-3	73	22
344	\N	f	1024	200	0	FAILED	5	73	21
345	\N	f	1024	286	0	FAILED	-3	74	22
346	\N	f	1024	182	0	FAILED	5	74	21
347	\N	f	1024	477	1	PASSED	5	75	22
348	\N	f	1024	182	1	PASSED	12	75	21
349	\N	f	1024	217	1	PASSED	-15	75	23
350	\N	t	1024	183	1	PASSED	0	75	24
351	\N	t	1024	220	1	PASSED	2000000000	75	25
352	\N	t	1024	196	1	PASSED	-2000000000	75	26
353	\N	f	1024	291	1	PASSED	5	76	22
354	\N	f	1024	174	1	PASSED	12	76	21
355	\N	f	1024	185	1	PASSED	-15	76	23
356	\N	t	1024	168	1	PASSED	0	76	24
357	\N	t	1024	211	1	PASSED	2000000000	76	25
358	\N	t	1024	180	1	PASSED	-2000000000	76	26
359	\N	f	1024	930	1	PASSED	olleh	77	5
360	\N	f	1024	243	1	PASSED		77	6
361	\N	t	1024	295	1	PASSED	a	77	7
362	\N	t	1024	225	1	PASSED	!dlroW olleH	77	8
363	./Solution.java:2: error: cannot find symbol\n    public string reverseString(string a) {\n                                ^\n  symbol:   class string\n  location: class Solution\n./Solution.java:2: error: cannot find symbol\n    public string reverseString(string a) {\n           ^\n  symbol:   class string\n  location: class Solution\n/app/code/Main.java:9: error: cannot find symbol\n        string result = solution.reverseString(param0);\n        ^\n  symbol:   class string\n  location: class Main\n3 errors\n	f	1024	1022	\N	RUNTIME_ERROR	\N	78	5
422	\N	f	1024	341	1	PASSED		90	44
423	\N	f	1024	642	1	PASSED	a	90	45
424	\N	t	1024	358	1	PASSED	54321	90	46
364	./Solution.java:2: error: cannot find symbol\n    public string reverseString(string a) {\n                                ^\n  symbol:   class string\n  location: class Solution\n./Solution.java:2: error: cannot find symbol\n    public string reverseString(string a) {\n           ^\n  symbol:   class string\n  location: class Solution\n/app/code/Main.java:9: error: cannot find symbol\n        string result = solution.reverseString(param0);\n        ^\n  symbol:   class string\n  location: class Main\n3 errors\n	f	1024	727	\N	RUNTIME_ERROR	\N	78	6
365	./Solution.java:2: error: cannot find symbol\n    public string reverseString(string a) {\n                                ^\n  symbol:   class string\n  location: class Solution\n./Solution.java:2: error: cannot find symbol\n    public string reverseString(string a) {\n           ^\n  symbol:   class string\n  location: class Solution\n/app/code/Main.java:9: error: cannot find symbol\n        string result = solution.reverseString(param0);\n        ^\n  symbol:   class string\n  location: class Main\n3 errors\n	t	1024	703	\N	RUNTIME_ERROR	\N	78	7
366	./Solution.java:2: error: cannot find symbol\n    public string reverseString(string a) {\n                                ^\n  symbol:   class string\n  location: class Solution\n./Solution.java:2: error: cannot find symbol\n    public string reverseString(string a) {\n           ^\n  symbol:   class string\n  location: class Solution\n/app/code/Main.java:9: error: cannot find symbol\n        string result = solution.reverseString(param0);\n        ^\n  symbol:   class string\n  location: class Main\n3 errors\n	t	1024	824	\N	RUNTIME_ERROR	\N	78	8
367	/app/code/Main.java:9: error: cannot find symbol\n        string result = solution.reverseString(param0);\n        ^\n  symbol:   class string\n  location: class Main\n1 error\n	f	1024	949	\N	RUNTIME_ERROR	\N	79	5
368	/app/code/Main.java:9: error: cannot find symbol\n        string result = solution.reverseString(param0);\n        ^\n  symbol:   class string\n  location: class Main\n1 error\n	f	1024	750	\N	RUNTIME_ERROR	\N	79	6
369	/app/code/Main.java:9: error: cannot find symbol\n        string result = solution.reverseString(param0);\n        ^\n  symbol:   class string\n  location: class Main\n1 error\n	t	1024	763	\N	RUNTIME_ERROR	\N	79	7
370	/app/code/Main.java:9: error: cannot find symbol\n        string result = solution.reverseString(param0);\n        ^\n  symbol:   class string\n  location: class Main\n1 error\n	t	1024	678	\N	RUNTIME_ERROR	\N	79	8
371	\N	f	1024	1391	\N	TIME_LIMIT_EXCEEDED	\N	80	5
372	\N	f	1024	905	1	PASSED	ih	80	6
373	\N	t	1024	907	0	FAILED	a	80	7
374	\N	t	1024	927	1	PASSED	!dlroW olleH	80	8
375	\N	f	1024	1701	\N	TIME_LIMIT_EXCEEDED	\N	81	43
376	\N	f	1024	1067	\N	TIME_LIMIT_EXCEEDED	\N	81	44
377	\N	f	1024	935	1	PASSED	a	81	45
378	\N	t	1024	939	1	PASSED	54321	81	46
379	\N	t	1024	988	1	PASSED	#@!321cba	81	47
380	\N	t	1024	1322	\N	TIME_LIMIT_EXCEEDED	\N	81	48
381	\N	f	1024	1518	\N	TIME_LIMIT_EXCEEDED	\N	82	43
382	\N	f	1024	906	1	PASSED		82	44
383	\N	f	1024	998	1	PASSED	a	82	45
384	\N	t	1024	953	1	PASSED	54321	82	46
385	\N	t	1024	1136	\N	TIME_LIMIT_EXCEEDED	\N	82	47
386	\N	t	1024	1283	\N	TIME_LIMIT_EXCEEDED	\N	82	48
387	\N	f	1024	438	1	PASSED	olleh	83	43
388	\N	f	1024	218	1	PASSED		83	44
389	\N	f	1024	218	1	PASSED	a	83	45
390	\N	t	1024	228	1	PASSED	54321	83	46
391	\N	t	1024	464	1	PASSED	#@!321cba	83	47
392	\N	t	1024	353	1	PASSED	aaaaaa	83	48
393	./Solution.java:3: error: incompatible types: int cannot be converted to boolean\n        return a - b; \n                 ^\n1 error\n	f	1024	2346	\N	RUNTIME_ERROR	\N	84	27
394	./Solution.java:3: error: incompatible types: int cannot be converted to boolean\n        return a - b; \n                 ^\n1 error\n	f	1024	1011	\N	RUNTIME_ERROR	\N	84	28
395	./Solution.java:3: error: incompatible types: int cannot be converted to boolean\n        return a -b;\n                 ^\n1 error\n	f	1024	1093	\N	RUNTIME_ERROR	\N	85	27
396	./Solution.java:3: error: incompatible types: int cannot be converted to boolean\n        return a -b;\n                 ^\n1 error\n	f	1024	1057	\N	RUNTIME_ERROR	\N	85	28
397	\N	f	1024	1431	\N	TIME_LIMIT_EXCEEDED	\N	86	22
398	\N	f	1024	950	1	PASSED	12	86	21
399	\N	f	1024	975	1	PASSED	-15	86	23
400	\N	t	1024	1065	1	PASSED	0	86	24
401	\N	t	1024	840	1	PASSED	2000000000	86	25
402	\N	t	1024	1429	1	PASSED	-2000000000	86	26
403	\N	f	1024	958	1	PASSED	5	87	22
404	\N	f	1024	810	1	PASSED	12	87	21
405	\N	f	1024	769	1	PASSED	-15	87	23
406	\N	t	1024	890	1	PASSED	0	87	24
407	\N	t	1024	806	1	PASSED	2000000000	87	25
408	\N	t	1024	1005	1	PASSED	-2000000000	87	26
409	\N	f	1024	329	1	PASSED	5	88	22
410	\N	f	1024	169	1	PASSED	12	88	21
411	\N	f	1024	193	1	PASSED	-15	88	23
412	\N	t	1024	166	1	PASSED	0	88	24
413	\N	t	1024	211	1	PASSED	2000000000	88	25
414	\N	t	1024	158	1	PASSED	-2000000000	88	26
415	\N	f	1024	471	1	PASSED	olleh	89	43
416	\N	f	1024	207	1	PASSED		89	44
417	\N	f	1024	250	1	PASSED	a	89	45
418	\N	t	1024	660	1	PASSED	54321	89	46
425	\N	t	1024	283	1	PASSED	#@!321cba	90	47
426	\N	t	1024	317	1	PASSED	aaaaaa	90	48
427	\N	f	1024	287	1	PASSED	5	93	22
428	\N	f	1024	194	1	PASSED	12	93	21
429	\N	f	1024	217	1	PASSED	-15	93	23
430	\N	t	1024	225	1	PASSED	0	93	24
431	\N	t	1024	205	1	PASSED	2000000000	93	25
432	\N	t	1024	177	1	PASSED	-2000000000	93	26
433	\N	f	1024	2650	\N	TIME_LIMIT_EXCEEDED	\N	96	22
434	\N	f	1024	916	1	PASSED	12	96	21
435	\N	f	1024	798	1	PASSED	-15	96	23
436	\N	t	1024	1003	1	PASSED	0	96	24
437	\N	t	1024	824	1	PASSED	2000000000	96	25
438	\N	t	1024	901	1	PASSED	-2000000000	96	26
439	\N	f	1024	1050	\N	TIME_LIMIT_EXCEEDED	\N	94	22
440	\N	f	1024	602	1	PASSED	12	94	21
441	\N	f	1024	384	1	PASSED	-15	94	23
442	\N	t	1024	347	1	PASSED	0	94	24
443	\N	t	1024	354	1	PASSED	2000000000	94	25
444	\N	t	1024	304	1	PASSED	-2000000000	94	26
445	\N	f	1024	353	1	PASSED	5	95	22
446	\N	f	1024	359	1	PASSED	12	95	21
447	\N	f	1024	508	1	PASSED	-15	95	23
448	\N	t	1024	388	1	PASSED	0	95	24
449	\N	t	1024	537	1	PASSED	2000000000	95	25
450	\N	t	1024	469	1	PASSED	-2000000000	95	26
451	\N	f	1024	1520	\N	TIME_LIMIT_EXCEEDED	\N	92	22
452	\N	f	1024	935	1	PASSED	12	92	21
453	\N	f	1024	1360	1	PASSED	-15	92	23
454	\N	t	1024	1840	1	PASSED	0	92	24
455	\N	t	1024	1004	1	PASSED	2000000000	92	25
456	\N	t	1024	813	1	PASSED	-2000000000	92	26
457	\N	f	1024	322	1	PASSED	5	91	22
458	\N	f	1024	229	1	PASSED	12	91	21
459	\N	f	1024	368	1	PASSED	-15	91	23
460	\N	t	1024	374	1	PASSED	0	91	24
461	\N	t	1024	390	1	PASSED	2000000000	91	25
462	\N	t	1024	353	1	PASSED	-2000000000	91	26
463	\N	f	1024	874	1	PASSED	5	97	22
464	\N	f	1024	356	1	PASSED	12	97	21
465	\N	f	1024	340	1	PASSED	-15	97	23
466	\N	t	1024	413	1	PASSED	0	97	24
467	\N	t	1024	293	1	PASSED	2000000000	97	25
468	\N	t	1024	375	1	PASSED	-2000000000	97	26
469	Traceback (most recent call last):\n  File "/app/code/Main.py", line 1, in <module>\n    import solution\n  File "/app/code/solution.py", line 1, in <module>\n    def find_pair(a: List[int], b: int):\nNameError: name 'List' is not defined\n	f	1024	923	\N	RUNTIME_ERROR	\N	98	9
470	Traceback (most recent call last):\n  File "/app/code/Main.py", line 1, in <module>\n    import solution\n  File "/app/code/solution.py", line 1, in <module>\n    def find_pair(a: List[int], b: int):\nNameError: name 'List' is not defined\n	f	1024	422	\N	RUNTIME_ERROR	\N	98	10
471	Traceback (most recent call last):\n  File "/app/code/Main.py", line 1, in <module>\n    import solution\n  File "/app/code/solution.py", line 1, in <module>\n    def find_pair(a: List[int], b: int):\nNameError: name 'List' is not defined\n	t	1024	354	\N	RUNTIME_ERROR	\N	98	11
472	Traceback (most recent call last):\n  File "/app/code/Main.py", line 1, in <module>\n    import solution\n  File "/app/code/solution.py", line 1, in <module>\n    def find_pair(a: List[int], b: int):\nNameError: name 'List' is not defined\n	t	1024	343	\N	RUNTIME_ERROR	\N	98	12
473	Traceback (most recent call last):\n  File "/app/code/Main.py", line 6, in <module>\n    result = solution.find_pair(param0, param1)\n  File "/app/code/solution.py", line 4, in find_pair\n    diff = b - num\nTypeError: unsupported operand type(s) for -: 'int' and 'str'\n	f	1024	510	\N	RUNTIME_ERROR	\N	99	9
474	Traceback (most recent call last):\n  File "/app/code/Main.py", line 6, in <module>\n    result = solution.find_pair(param0, param1)\n  File "/app/code/solution.py", line 4, in find_pair\n    diff = b - num\nTypeError: unsupported operand type(s) for -: 'int' and 'str'\n	f	1024	345	\N	RUNTIME_ERROR	\N	99	10
475	Traceback (most recent call last):\n  File "/app/code/Main.py", line 6, in <module>\n    result = solution.find_pair(param0, param1)\n  File "/app/code/solution.py", line 4, in find_pair\n    diff = b - num\nTypeError: unsupported operand type(s) for -: 'int' and 'str'\n	t	1024	321	\N	RUNTIME_ERROR	\N	99	11
476	Traceback (most recent call last):\n  File "/app/code/Main.py", line 6, in <module>\n    result = solution.find_pair(param0, param1)\n  File "/app/code/solution.py", line 4, in find_pair\n    diff = b - num\nTypeError: unsupported operand type(s) for -: 'int' and 'str'\n	t	1024	263	\N	RUNTIME_ERROR	\N	99	12
477	Traceback (most recent call last):\n  File "/app/code/Main.py", line 1, in <module>\n    import solution\n  File "/app/code/solution.py", line 1, in <module>\n    def find_pair(a: List[int], b: int):\nNameError: name 'List' is not defined\n	f	1024	512	\N	RUNTIME_ERROR	\N	100	9
478	Traceback (most recent call last):\n  File "/app/code/Main.py", line 1, in <module>\n    import solution\n  File "/app/code/solution.py", line 1, in <module>\n    def find_pair(a: List[int], b: int):\nNameError: name 'List' is not defined\n	f	1024	278	\N	RUNTIME_ERROR	\N	100	10
502	\N	f	1024	942	1	PASSED	5	106	18
503	\N	t	1024	951	1	PASSED	1	106	19
504	\N	t	1024	957	1	PASSED	0	106	20
479	Traceback (most recent call last):\n  File "/app/code/Main.py", line 1, in <module>\n    import solution\n  File "/app/code/solution.py", line 1, in <module>\n    def find_pair(a: List[int], b: int):\nNameError: name 'List' is not defined\n	t	1024	326	\N	RUNTIME_ERROR	\N	100	11
480	Traceback (most recent call last):\n  File "/app/code/Main.py", line 1, in <module>\n    import solution\n  File "/app/code/solution.py", line 1, in <module>\n    def find_pair(a: List[int], b: int):\nNameError: name 'List' is not defined\n	t	1024	241	\N	RUNTIME_ERROR	\N	100	12
481	Traceback (most recent call last):\n  File "/app/code/Main.py", line 6, in <module>\n    result = solution.find_pair(param0, param1)\n  File "/app/code/solution.py", line 4, in find_pair\n    num = int(num)  # Chuyển chuỗi thành số nguyên\nValueError: invalid literal for int() with base 10: '['\n	f	1024	420	\N	RUNTIME_ERROR	\N	101	9
482	Traceback (most recent call last):\n  File "/app/code/Main.py", line 6, in <module>\n    result = solution.find_pair(param0, param1)\n  File "/app/code/solution.py", line 4, in find_pair\n    num = int(num)  # Chuyển chuỗi thành số nguyên\nValueError: invalid literal for int() with base 10: '['\n	f	1024	269	\N	RUNTIME_ERROR	\N	101	10
483	Traceback (most recent call last):\n  File "/app/code/Main.py", line 6, in <module>\n    result = solution.find_pair(param0, param1)\n  File "/app/code/solution.py", line 4, in find_pair\n    num = int(num)  # Chuyển chuỗi thành số nguyên\nValueError: invalid literal for int() with base 10: '['\n	t	1024	272	\N	RUNTIME_ERROR	\N	101	11
484	Traceback (most recent call last):\n  File "/app/code/Main.py", line 6, in <module>\n    result = solution.find_pair(param0, param1)\n  File "/app/code/solution.py", line 4, in find_pair\n    num = int(num)  # Chuyển chuỗi thành số nguyên\nValueError: invalid literal for int() with base 10: '['\n	t	1024	254	\N	RUNTIME_ERROR	\N	101	12
485	Traceback (most recent call last):\n  File "/app/code/Main.py", line 6, in <module>\n    result = solution.find_pair(param0, param1)\n  File "/app/code/solution.py", line 4, in find_pair\n    num = int(num)  # Chuyển chuỗi thành số nguyên\nValueError: invalid literal for int() with base 10: '['\n	f	1024	387	\N	RUNTIME_ERROR	\N	102	9
486	Traceback (most recent call last):\n  File "/app/code/Main.py", line 6, in <module>\n    result = solution.find_pair(param0, param1)\n  File "/app/code/solution.py", line 4, in find_pair\n    num = int(num)  # Chuyển chuỗi thành số nguyên\nValueError: invalid literal for int() with base 10: '['\n	f	1024	321	\N	RUNTIME_ERROR	\N	102	10
487	Traceback (most recent call last):\n  File "/app/code/Main.py", line 6, in <module>\n    result = solution.find_pair(param0, param1)\n  File "/app/code/solution.py", line 4, in find_pair\n    num = int(num)  # Chuyển chuỗi thành số nguyên\nValueError: invalid literal for int() with base 10: '['\n	t	1024	262	\N	RUNTIME_ERROR	\N	102	11
488	Traceback (most recent call last):\n  File "/app/code/Main.py", line 6, in <module>\n    result = solution.find_pair(param0, param1)\n  File "/app/code/solution.py", line 4, in find_pair\n    num = int(num)  # Chuyển chuỗi thành số nguyên\nValueError: invalid literal for int() with base 10: '['\n	t	1024	225	\N	RUNTIME_ERROR	\N	102	12
489	./Solution.java:3: error: cannot find symbol\n        HashMap<Integer, Integer> numMap = new HashMap<>();\n        ^\n  symbol:   class HashMap\n  location: class Solution\n./Solution.java:3: error: cannot find symbol\n        HashMap<Integer, Integer> numMap = new HashMap<>();\n                                               ^\n  symbol:   class HashMap\n  location: class Solution\n2 errors\n	f	1024	1946	\N	RUNTIME_ERROR	\N	103	9
490	./Solution.java:3: error: cannot find symbol\n        HashMap<Integer, Integer> numMap = new HashMap<>();\n        ^\n  symbol:   class HashMap\n  location: class Solution\n./Solution.java:3: error: cannot find symbol\n        HashMap<Integer, Integer> numMap = new HashMap<>();\n                                               ^\n  symbol:   class HashMap\n  location: class Solution\n2 errors\n	f	1024	1193	\N	RUNTIME_ERROR	\N	103	10
491	./Solution.java:3: error: cannot find symbol\n        HashMap<Integer, Integer> numMap = new HashMap<>();\n        ^\n  symbol:   class HashMap\n  location: class Solution\n./Solution.java:3: error: cannot find symbol\n        HashMap<Integer, Integer> numMap = new HashMap<>();\n                                               ^\n  symbol:   class HashMap\n  location: class Solution\n2 errors\n	t	1024	913	\N	RUNTIME_ERROR	\N	103	11
492	./Solution.java:3: error: cannot find symbol\n        HashMap<Integer, Integer> numMap = new HashMap<>();\n        ^\n  symbol:   class HashMap\n  location: class Solution\n./Solution.java:3: error: cannot find symbol\n        HashMap<Integer, Integer> numMap = new HashMap<>();\n                                               ^\n  symbol:   class HashMap\n  location: class Solution\n2 errors\n	t	1024	971	\N	RUNTIME_ERROR	\N	103	12
493	\N	f	1024	1409	1	PASSED	[0,1]	104	9
494	\N	f	1024	1028	1	PASSED	[1,2]	104	10
495	\N	t	1024	1150	0	FAILED	[0,3]	104	11
496	\N	t	1024	1031	1	PASSED	[0,1]	104	12
497	./Solution.java:3: error: ';' expected\n       f (nums.length < 1) return 0; // Đề đảm bảo length ≥ 1, nhưng thêm kiểm tra cho an toàn\n                          ^\n./Solution.java:3: error: cannot find symbol\n       f (nums.length < 1) return 0; // Đề đảm bảo length ≥ 1, nhưng thêm kiểm tra cho an toàn\n       ^\n  symbol:   method f(boolean)\n  location: class Solution\n2 errors\n	f	1024	1791	\N	RUNTIME_ERROR	\N	105	17
498	./Solution.java:3: error: ';' expected\n       f (nums.length < 1) return 0; // Đề đảm bảo length ≥ 1, nhưng thêm kiểm tra cho an toàn\n                          ^\n./Solution.java:3: error: cannot find symbol\n       f (nums.length < 1) return 0; // Đề đảm bảo length ≥ 1, nhưng thêm kiểm tra cho an toàn\n       ^\n  symbol:   method f(boolean)\n  location: class Solution\n2 errors\n	f	1024	1126	\N	RUNTIME_ERROR	\N	105	18
499	./Solution.java:3: error: ';' expected\n       f (nums.length < 1) return 0; // Đề đảm bảo length ≥ 1, nhưng thêm kiểm tra cho an toàn\n                          ^\n./Solution.java:3: error: cannot find symbol\n       f (nums.length < 1) return 0; // Đề đảm bảo length ≥ 1, nhưng thêm kiểm tra cho an toàn\n       ^\n  symbol:   method f(boolean)\n  location: class Solution\n2 errors\n	t	1024	1011	\N	RUNTIME_ERROR	\N	105	19
500	./Solution.java:3: error: ';' expected\n       f (nums.length < 1) return 0; // Đề đảm bảo length ≥ 1, nhưng thêm kiểm tra cho an toàn\n                          ^\n./Solution.java:3: error: cannot find symbol\n       f (nums.length < 1) return 0; // Đề đảm bảo length ≥ 1, nhưng thêm kiểm tra cho an toàn\n       ^\n  symbol:   method f(boolean)\n  location: class Solution\n2 errors\n	t	1024	962	\N	RUNTIME_ERROR	\N	105	20
501	\N	f	1024	1005	\N	TIME_LIMIT_EXCEEDED	\N	106	17
506	\N	f	1024	1112	1	PASSED	5	107	18
507	\N	t	1024	1194	1	PASSED	1	107	19
508	\N	t	1024	1128	1	PASSED	0	107	20
509	\N	f	1024	714	1	PASSED	5	108	22
510	\N	f	1024	326	1	PASSED	12	108	21
511	\N	f	1024	258	1	PASSED	-15	108	23
512	\N	t	1024	219	1	PASSED	0	108	24
513	\N	t	1024	331	1	PASSED	2000000000	108	25
514	\N	t	1024	269	1	PASSED	-2000000000	108	26
515	\N	f	1024	1188	\N	TIME_LIMIT_EXCEEDED	\N	109	22
516	\N	f	1024	443	1	PASSED	12	109	21
517	\N	f	1024	359	1	PASSED	-15	109	23
518	\N	t	1024	600	1	PASSED	0	109	24
519	\N	t	1024	439	1	PASSED	2000000000	109	25
520	\N	t	1024	400	1	PASSED	-2000000000	109	26
521	\N	f	1024	975	1	PASSED	5	110	22
522	\N	f	1024	226	1	PASSED	12	110	21
523	\N	f	1024	220	1	PASSED	-15	110	23
524	\N	t	1024	217	1	PASSED	0	110	24
525	\N	t	1024	241	1	PASSED	2000000000	110	25
526	\N	t	1024	231	1	PASSED	-2000000000	110	26
527	\N	f	1024	716	1	PASSED	5	111	22
528	\N	f	1024	309	1	PASSED	12	111	21
529	\N	f	1024	283	1	PASSED	-15	111	23
530	\N	t	1024	364	1	PASSED	0	111	24
531	\N	t	1024	286	1	PASSED	2000000000	111	25
532	\N	t	1024	303	1	PASSED	-2000000000	111	26
533	/app/code/Main.java:10: error: cannot find symbol\n        int result = solution.sum(param0, param1);\n                             ^\n  symbol:   method sum(int,int)\n  location: variable solution of type Solution\n1 error\n	f	1024	2257	\N	RUNTIME_ERROR	\N	112	22
534	/app/code/Main.java:10: error: cannot find symbol\n        int result = solution.sum(param0, param1);\n                             ^\n  symbol:   method sum(int,int)\n  location: variable solution of type Solution\n1 error\n	f	1024	1753	\N	RUNTIME_ERROR	\N	112	21
535	/app/code/Main.java:10: error: cannot find symbol\n        int result = solution.sum(param0, param1);\n                             ^\n  symbol:   method sum(int,int)\n  location: variable solution of type Solution\n1 error\n	f	1024	843	\N	RUNTIME_ERROR	\N	112	23
536	/app/code/Main.java:10: error: cannot find symbol\n        int result = solution.sum(param0, param1);\n                             ^\n  symbol:   method sum(int,int)\n  location: variable solution of type Solution\n1 error\n	t	1024	801	\N	RUNTIME_ERROR	\N	112	24
537	/app/code/Main.java:10: error: cannot find symbol\n        int result = solution.sum(param0, param1);\n                             ^\n  symbol:   method sum(int,int)\n  location: variable solution of type Solution\n1 error\n	t	1024	1058	\N	RUNTIME_ERROR	\N	112	25
538	/app/code/Main.java:10: error: cannot find symbol\n        int result = solution.sum(param0, param1);\n                             ^\n  symbol:   method sum(int,int)\n  location: variable solution of type Solution\n1 error\n	t	1024	1732	\N	RUNTIME_ERROR	\N	112	26
539	Traceback (most recent call last):\n  File "/app/code/Main.py", line 1, in <module>\n    import solution\n  File "/app/code/solution.py", line 2\n    return a + b\n    ^\nIndentationError: expected an indented block\n	f	1024	441	\N	RUNTIME_ERROR	\N	113	22
540	Traceback (most recent call last):\n  File "/app/code/Main.py", line 1, in <module>\n    import solution\n  File "/app/code/solution.py", line 2\n    return a + b\n    ^\nIndentationError: expected an indented block\n	f	1024	253	\N	RUNTIME_ERROR	\N	113	21
541	Traceback (most recent call last):\n  File "/app/code/Main.py", line 1, in <module>\n    import solution\n  File "/app/code/solution.py", line 2\n    return a + b\n    ^\nIndentationError: expected an indented block\n	f	1024	283	\N	RUNTIME_ERROR	\N	113	23
542	Traceback (most recent call last):\n  File "/app/code/Main.py", line 1, in <module>\n    import solution\n  File "/app/code/solution.py", line 2\n    return a + b\n    ^\nIndentationError: expected an indented block\n	t	1024	410	\N	RUNTIME_ERROR	\N	113	24
543	Traceback (most recent call last):\n  File "/app/code/Main.py", line 1, in <module>\n    import solution\n  File "/app/code/solution.py", line 2\n    return a + b\n    ^\nIndentationError: expected an indented block\n	t	1024	246	\N	RUNTIME_ERROR	\N	113	25
544	Traceback (most recent call last):\n  File "/app/code/Main.py", line 1, in <module>\n    import solution\n  File "/app/code/solution.py", line 2\n    return a + b\n    ^\nIndentationError: expected an indented block\n	t	1024	345	\N	RUNTIME_ERROR	\N	113	26
545	\N	f	1024	302	1	PASSED	5	114	22
546	\N	f	1024	198	1	PASSED	12	114	21
547	\N	f	1024	214	1	PASSED	-15	114	23
548	\N	t	1024	410	1	PASSED	0	114	24
549	\N	t	1024	249	1	PASSED	2000000000	114	25
550	\N	t	1024	260	1	PASSED	-2000000000	114	26
551	\N	f	1024	782	1	PASSED	5	115	22
552	\N	f	1024	269	1	PASSED	12	115	21
553	\N	f	1024	263	1	PASSED	-15	115	23
554	\N	t	1024	322	1	PASSED	0	115	24
555	\N	t	1024	302	1	PASSED	2000000000	115	25
556	\N	t	1024	302	1	PASSED	-2000000000	115	26
557	\N	f	1024	1120	\N	TIME_LIMIT_EXCEEDED	\N	116	22
558	\N	f	1024	493	1	PASSED	12	116	21
559	\N	f	1024	453	1	PASSED	-15	116	23
560	\N	t	1024	431	1	PASSED	0	116	24
561	\N	t	1024	480	1	PASSED	2000000000	116	25
562	\N	t	1024	478	1	PASSED	-2000000000	116	26
563	\N	f	1024	509	1	PASSED	5	117	22
564	\N	f	1024	257	1	PASSED	12	117	21
565	\N	f	1024	401	1	PASSED	-15	117	23
566	\N	t	1024	281	1	PASSED	0	117	24
567	\N	t	1024	344	1	PASSED	2000000000	117	25
568	\N	t	1024	272	1	PASSED	-2000000000	117	26
569	\N	f	1024	2494	\N	TIME_LIMIT_EXCEEDED	\N	118	22
570	\N	f	1024	365	1	PASSED	12	118	21
571	\N	f	1024	321	1	PASSED	-15	118	23
572	\N	t	1024	403	1	PASSED	0	118	24
573	\N	t	1024	240	1	PASSED	2000000000	118	25
574	\N	t	1024	228	1	PASSED	-2000000000	118	26
575	\N	f	1024	1599	\N	TIME_LIMIT_EXCEEDED	\N	119	22
576	\N	f	1024	928	1	PASSED	12	119	21
577	\N	f	1024	2550	1	PASSED	-15	119	23
578	\N	t	1024	1401	1	PASSED	0	119	24
579	\N	t	1024	1177	1	PASSED	2000000000	119	25
580	\N	t	1024	1520	1	PASSED	-2000000000	119	26
581	\N	f	1024	678	1	PASSED	5	120	22
582	\N	f	1024	1038	1	PASSED	12	120	21
583	\N	f	1024	479	1	PASSED	-15	120	23
584	\N	t	1024	293	1	PASSED	0	120	24
585	\N	t	1024	334	1	PASSED	2000000000	120	25
586	\N	t	1024	490	1	PASSED	-2000000000	120	26
587	\N	f	1024	1509	\N	TIME_LIMIT_EXCEEDED	\N	121	1
588	\N	f	1024	1058	\N	TIME_LIMIT_EXCEEDED	\N	121	2
589	\N	t	1024	1026	\N	TIME_LIMIT_EXCEEDED	\N	121	3
590	\N	t	1024	1229	\N	TIME_LIMIT_EXCEEDED	\N	121	4
591	\N	f	1024	1727	1	PASSED	5	122	1
592	\N	f	1024	943	1	PASSED	-1	122	2
593	\N	t	1024	826	1	PASSED	0	122	3
594	\N	t	1024	930	1	PASSED	1000000000	122	4
595	\N	f	1024	298	1	PASSED	5	123	22
596	\N	f	1024	202	1	PASSED	12	123	21
597	\N	f	1024	226	1	PASSED	-15	123	23
598	\N	t	1024	190	1	PASSED	0	123	24
599	\N	t	1024	172	1	PASSED	2000000000	123	25
600	\N	t	1024	203	1	PASSED	-2000000000	123	26
601	Traceback (most recent call last):\n  File "/app/code/Main.py", line 1, in <module>\n    import solution\n  File "/app/code/solution.py", line 1, in <module>\n    def findMax(a: List[int]):\nNameError: name 'List' is not defined\n	f	1024	331	\N	RUNTIME_ERROR	\N	124	1
602	Traceback (most recent call last):\n  File "/app/code/Main.py", line 1, in <module>\n    import solution\n  File "/app/code/solution.py", line 1, in <module>\n    def findMax(a: List[int]):\nNameError: name 'List' is not defined\n	f	1024	203	\N	RUNTIME_ERROR	\N	124	2
603	Traceback (most recent call last):\n  File "/app/code/Main.py", line 1, in <module>\n    import solution\n  File "/app/code/solution.py", line 1, in <module>\n    def findMax(a: List[int]):\nNameError: name 'List' is not defined\n	t	1024	228	\N	RUNTIME_ERROR	\N	124	3
604	Traceback (most recent call last):\n  File "/app/code/Main.py", line 1, in <module>\n    import solution\n  File "/app/code/solution.py", line 1, in <module>\n    def findMax(a: List[int]):\nNameError: name 'List' is not defined\n	t	1024	212	\N	RUNTIME_ERROR	\N	124	4
605	\N	f	1024	1165	1	PASSED	5	125	1
606	\N	f	1024	749	1	PASSED	-1	125	2
607	\N	t	1024	720	1	PASSED	0	125	3
608	\N	t	1024	788	1	PASSED	1000000000	125	4
609	Traceback (most recent call last):\n  File "/app/code/Main.py", line 1, in <module>\n    import solution\n  File "/app/code/solution.py", line 1, in <module>\n    def findMax(a: List[int]) -> int:\nNameError: name 'List' is not defined\n	f	1024	625	\N	RUNTIME_ERROR	\N	126	1
610	Traceback (most recent call last):\n  File "/app/code/Main.py", line 1, in <module>\n    import solution\n  File "/app/code/solution.py", line 1, in <module>\n    def findMax(a: List[int]) -> int:\nNameError: name 'List' is not defined\n	f	1024	233	\N	RUNTIME_ERROR	\N	126	2
611	Traceback (most recent call last):\n  File "/app/code/Main.py", line 1, in <module>\n    import solution\n  File "/app/code/solution.py", line 1, in <module>\n    def findMax(a: List[int]) -> int:\nNameError: name 'List' is not defined\n	t	1024	228	\N	RUNTIME_ERROR	\N	126	3
612	Traceback (most recent call last):\n  File "/app/code/Main.py", line 1, in <module>\n    import solution\n  File "/app/code/solution.py", line 1, in <module>\n    def findMax(a: List[int]) -> int:\nNameError: name 'List' is not defined\n	t	1024	190	\N	RUNTIME_ERROR	\N	126	4
613	Traceback (most recent call last):\n  File "/app/code/Main.py", line 2, in <module>\n    import solution\n  File "/app/code/solution.py", line 1, in <module>\n    def findMax(a: List[int]) -> int:\nNameError: name 'List' is not defined\n	f	1024	662	\N	RUNTIME_ERROR	\N	127	1
614	Traceback (most recent call last):\n  File "/app/code/Main.py", line 2, in <module>\n    import solution\n  File "/app/code/solution.py", line 1, in <module>\n    def findMax(a: List[int]) -> int:\nNameError: name 'List' is not defined\n	f	1024	317	\N	RUNTIME_ERROR	\N	127	2
615	Traceback (most recent call last):\n  File "/app/code/Main.py", line 2, in <module>\n    import solution\n  File "/app/code/solution.py", line 1, in <module>\n    def findMax(a: List[int]) -> int:\nNameError: name 'List' is not defined\n	t	1024	258	\N	RUNTIME_ERROR	\N	127	3
688	\N	f	1024	1223	1	PASSED	5	153	1
689	\N	f	1024	798	1	PASSED	-1	153	2
616	Traceback (most recent call last):\n  File "/app/code/Main.py", line 2, in <module>\n    import solution\n  File "/app/code/solution.py", line 1, in <module>\n    def findMax(a: List[int]) -> int:\nNameError: name 'List' is not defined\n	t	1024	324	\N	RUNTIME_ERROR	\N	127	4
617	\N	f	1024	686	1	PASSED	5	128	22
618	\N	f	1024	296	1	PASSED	12	128	21
619	\N	f	1024	292	1	PASSED	-15	128	23
620	\N	t	1024	258	1	PASSED	0	128	24
621	\N	t	1024	440	1	PASSED	2000000000	128	25
622	\N	t	1024	438	1	PASSED	-2000000000	128	26
623	Traceback (most recent call last):\n  File "/app/code/Main.py", line 3, in <module>\n    import solution\n  File "/app/code/solution.py", line 2\n    # Write your code here\n                          ^\nIndentationError: expected an indented block\n	f	1024	1008	\N	RUNTIME_ERROR	\N	129	1
624	Traceback (most recent call last):\n  File "/app/code/Main.py", line 3, in <module>\n    import solution\n  File "/app/code/solution.py", line 2\n    # Write your code here\n                          ^\nIndentationError: expected an indented block\n	f	1024	3222	\N	RUNTIME_ERROR	\N	129	2
625	Traceback (most recent call last):\n  File "/app/code/Main.py", line 3, in <module>\n    import solution\n  File "/app/code/solution.py", line 2\n    # Write your code here\n                          ^\nIndentationError: expected an indented block\n	t	1024	434	\N	RUNTIME_ERROR	\N	129	3
626	Traceback (most recent call last):\n  File "/app/code/Main.py", line 3, in <module>\n    import solution\n  File "/app/code/solution.py", line 2\n    # Write your code here\n                          ^\nIndentationError: expected an indented block\n	t	1024	293	\N	RUNTIME_ERROR	\N	129	4
627	Traceback (most recent call last):\n  File "/app/code/Main.py", line 3, in <module>\n    import solution\n  File "/app/code/solution.py", line 1, in <module>\n    def findMax(a: List[int]) -> int:\nNameError: name 'List' is not defined\n	f	1024	476	\N	RUNTIME_ERROR	\N	130	1
628	Traceback (most recent call last):\n  File "/app/code/Main.py", line 3, in <module>\n    import solution\n  File "/app/code/solution.py", line 1, in <module>\n    def findMax(a: List[int]) -> int:\nNameError: name 'List' is not defined\n	f	1024	254	\N	RUNTIME_ERROR	\N	130	2
629	Traceback (most recent call last):\n  File "/app/code/Main.py", line 3, in <module>\n    import solution\n  File "/app/code/solution.py", line 1, in <module>\n    def findMax(a: List[int]) -> int:\nNameError: name 'List' is not defined\n	t	1024	253	\N	RUNTIME_ERROR	\N	130	3
630	Traceback (most recent call last):\n  File "/app/code/Main.py", line 3, in <module>\n    import solution\n  File "/app/code/solution.py", line 1, in <module>\n    def findMax(a: List[int]) -> int:\nNameError: name 'List' is not defined\n	t	1024	260	\N	RUNTIME_ERROR	\N	130	4
631	Traceback (most recent call last):\n  File "/app/code/Main.py", line 6, in <module>\n    import solution\n  File "/app/code/solution.py", line 1, in <module>\n    def findMax(a: List[int]) -> int:\nNameError: name 'List' is not defined\n	f	1024	659	\N	RUNTIME_ERROR	\N	131	1
632	Traceback (most recent call last):\n  File "/app/code/Main.py", line 6, in <module>\n    import solution\n  File "/app/code/solution.py", line 1, in <module>\n    def findMax(a: List[int]) -> int:\nNameError: name 'List' is not defined\n	f	1024	318	\N	RUNTIME_ERROR	\N	131	2
633	Traceback (most recent call last):\n  File "/app/code/Main.py", line 6, in <module>\n    import solution\n  File "/app/code/solution.py", line 1, in <module>\n    def findMax(a: List[int]) -> int:\nNameError: name 'List' is not defined\n	t	1024	361	\N	RUNTIME_ERROR	\N	131	3
634	Traceback (most recent call last):\n  File "/app/code/Main.py", line 6, in <module>\n    import solution\n  File "/app/code/solution.py", line 1, in <module>\n    def findMax(a: List[int]) -> int:\nNameError: name 'List' is not defined\n	t	1024	367	\N	RUNTIME_ERROR	\N	131	4
635	\N	f	1024	604	1	PASSED	5	132	1
636	\N	f	1024	283	1	PASSED	-1	132	2
637	\N	t	1024	247	1	PASSED	0	132	3
638	\N	t	1024	265	1	PASSED	1000000000	132	4
639	\N	f	1024	487	1	PASSED	5	133	1
640	\N	f	1024	284	1	PASSED	-1	133	2
641	\N	t	1024	298	1	PASSED	0	133	3
642	\N	t	1024	298	1	PASSED	1000000000	133	4
643	\N	f	1024	1066	0	FAILED	[0, 1]	134	9
644	./Solution.java:4: error: cannot find symbol\n        HashMap<Integer, Integer> numMap = new HashMap<>();\n        ^\n  symbol:   class HashMap\n  location: class Solution\n./Solution.java:4: error: cannot find symbol\n        HashMap<Integer, Integer> numMap = new HashMap<>();\n                                               ^\n  symbol:   class HashMap\n  location: class Solution\n2 errors\n	f	1024	1230	\N	RUNTIME_ERROR	\N	135	9
645	./Solution.java:4: error: cannot find symbol\n        HashMap<Integer, Integer> numMap = new HashMap<>();\n        ^\n  symbol:   class HashMap\n  location: class Solution\n./Solution.java:4: error: cannot find symbol\n        HashMap<Integer, Integer> numMap = new HashMap<>();\n                                               ^\n  symbol:   class HashMap\n  location: class Solution\n2 errors\n	f	1024	800	\N	RUNTIME_ERROR	\N	135	10
646	./Solution.java:4: error: cannot find symbol\n        HashMap<Integer, Integer> numMap = new HashMap<>();\n        ^\n  symbol:   class HashMap\n  location: class Solution\n./Solution.java:4: error: cannot find symbol\n        HashMap<Integer, Integer> numMap = new HashMap<>();\n                                               ^\n  symbol:   class HashMap\n  location: class Solution\n2 errors\n	t	1024	764	\N	RUNTIME_ERROR	\N	135	11
647	./Solution.java:4: error: cannot find symbol\n        HashMap<Integer, Integer> numMap = new HashMap<>();\n        ^\n  symbol:   class HashMap\n  location: class Solution\n./Solution.java:4: error: cannot find symbol\n        HashMap<Integer, Integer> numMap = new HashMap<>();\n                                               ^\n  symbol:   class HashMap\n  location: class Solution\n2 errors\n	t	1024	720	\N	RUNTIME_ERROR	\N	135	12
648	./Solution.java:12: error: cannot find symbol\n        Arrays.sort(pairs, (x, y) -> Integer.compare(x[0], y[0]));\n        ^\n  symbol:   variable Arrays\n  location: class Solution\n1 error\n	f	1024	1057	\N	RUNTIME_ERROR	\N	136	9
690	\N	t	1024	869	1	PASSED	0	153	3
691	\N	t	1024	816	1	PASSED	1000000000	153	4
649	./Solution.java:12: error: cannot find symbol\n        Arrays.sort(pairs, (x, y) -> Integer.compare(x[0], y[0]));\n        ^\n  symbol:   variable Arrays\n  location: class Solution\n1 error\n	f	1024	897	\N	RUNTIME_ERROR	\N	136	10
650	./Solution.java:12: error: cannot find symbol\n        Arrays.sort(pairs, (x, y) -> Integer.compare(x[0], y[0]));\n        ^\n  symbol:   variable Arrays\n  location: class Solution\n1 error\n	t	1024	864	\N	RUNTIME_ERROR	\N	136	11
651	./Solution.java:12: error: cannot find symbol\n        Arrays.sort(pairs, (x, y) -> Integer.compare(x[0], y[0]));\n        ^\n  symbol:   variable Arrays\n  location: class Solution\n1 error\n	t	1024	1568	\N	RUNTIME_ERROR	\N	136	12
652	./Solution.java:4: error: cannot find symbol\n        HashMap<Integer, Integer> numMap = new HashMap<>();\n        ^\n  symbol:   class HashMap\n  location: class Solution\n./Solution.java:4: error: cannot find symbol\n        HashMap<Integer, Integer> numMap = new HashMap<>();\n                                               ^\n  symbol:   class HashMap\n  location: class Solution\n2 errors\n	f	1024	3055	\N	RUNTIME_ERROR	\N	137	9
653	./Solution.java:4: error: cannot find symbol\n        HashMap<Integer, Integer> numMap = new HashMap<>();\n        ^\n  symbol:   class HashMap\n  location: class Solution\n./Solution.java:4: error: cannot find symbol\n        HashMap<Integer, Integer> numMap = new HashMap<>();\n                                               ^\n  symbol:   class HashMap\n  location: class Solution\n2 errors\n	f	1024	1592	\N	RUNTIME_ERROR	\N	137	10
654	./Solution.java:4: error: cannot find symbol\n        HashMap<Integer, Integer> numMap = new HashMap<>();\n        ^\n  symbol:   class HashMap\n  location: class Solution\n./Solution.java:4: error: cannot find symbol\n        HashMap<Integer, Integer> numMap = new HashMap<>();\n                                               ^\n  symbol:   class HashMap\n  location: class Solution\n2 errors\n	t	1024	1455	\N	RUNTIME_ERROR	\N	137	11
655	./Solution.java:4: error: cannot find symbol\n        HashMap<Integer, Integer> numMap = new HashMap<>();\n        ^\n  symbol:   class HashMap\n  location: class Solution\n./Solution.java:4: error: cannot find symbol\n        HashMap<Integer, Integer> numMap = new HashMap<>();\n                                               ^\n  symbol:   class HashMap\n  location: class Solution\n2 errors\n	t	1024	1018	\N	RUNTIME_ERROR	\N	137	12
656	./Solution.java:4: error: cannot find symbol\n        HashMap<Integer, Integer> numMap = new HashMap<>();\n        ^\n  symbol:   class HashMap\n  location: class Solution\n./Solution.java:4: error: cannot find symbol\n        HashMap<Integer, Integer> numMap = new HashMap<>();\n                                               ^\n  symbol:   class HashMap\n  location: class Solution\n2 errors\n	f	1024	1795	\N	RUNTIME_ERROR	\N	138	9
657	./Solution.java:4: error: cannot find symbol\n        HashMap<Integer, Integer> numMap = new HashMap<>();\n        ^\n  symbol:   class HashMap\n  location: class Solution\n./Solution.java:4: error: cannot find symbol\n        HashMap<Integer, Integer> numMap = new HashMap<>();\n                                               ^\n  symbol:   class HashMap\n  location: class Solution\n2 errors\n	f	1024	1064	\N	RUNTIME_ERROR	\N	138	10
658	./Solution.java:4: error: cannot find symbol\n        HashMap<Integer, Integer> numMap = new HashMap<>();\n        ^\n  symbol:   class HashMap\n  location: class Solution\n./Solution.java:4: error: cannot find symbol\n        HashMap<Integer, Integer> numMap = new HashMap<>();\n                                               ^\n  symbol:   class HashMap\n  location: class Solution\n2 errors\n	t	1024	1089	\N	RUNTIME_ERROR	\N	138	11
659	./Solution.java:4: error: cannot find symbol\n        HashMap<Integer, Integer> numMap = new HashMap<>();\n        ^\n  symbol:   class HashMap\n  location: class Solution\n./Solution.java:4: error: cannot find symbol\n        HashMap<Integer, Integer> numMap = new HashMap<>();\n                                               ^\n  symbol:   class HashMap\n  location: class Solution\n2 errors\n	t	1024	1192	\N	RUNTIME_ERROR	\N	138	12
660	\N	f	1024	1581	1	PASSED	[0,1]	139	9
661	\N	f	1024	935	1	PASSED	[1,2]	139	10
662	\N	t	1024	871	1	PASSED	[1,2]	139	11
663	\N	t	1024	907	1	PASSED	[0,1]	139	12
664	\N	f	1024	370	0	FAILED	[0, 1]	140	9
665	\N	f	1024	612	1	PASSED	[0,1]	141	9
666	\N	f	1024	304	1	PASSED	[1,2]	141	10
667	\N	t	1024	277	1	PASSED	[1,2]	141	11
668	\N	t	1024	243	1	PASSED	[0,1]	141	12
669	\N	f	1024	542	0	FAILED	True	142	13
670	\N	f	1024	412	0	FAILED	True	143	13
671	Traceback (most recent call last):\n  File "/app/code/Main.py", line 12, in <module>\n    result = solution.is_palindrome(param0)\n  File "/app/code/solution.py", line 18, in is_palindrome\n    return true\nNameError: name 'true' is not defined\n	f	1024	522	\N	RUNTIME_ERROR	\N	144	13
672	\N	f	1024	285	0	FAILED	False	144	14
673	\N	f	1024	513	0	FAILED	True	145	13
674	\N	f	1024	556	0	FAILED	True	146	13
675	\N	f	1024	513	1	PASSED	true	147	13
676	\N	f	1024	280	1	PASSED	false	147	14
677	\N	t	1024	268	1	PASSED	true	147	15
678	\N	t	1024	291	1	PASSED	true	147	16
679	Traceback (most recent call last):\n  File "/app/code/Main.py", line 17, in <module>\n    result = solution.sumEvenNumber(param0)\n  File "/app/code/solution.py", line 7, in sumEvenNumber\n    sum += num\nNameError: name 'num' is not defined\n	f	1024	719	\N	RUNTIME_ERROR	\N	148	51
680	Traceback (most recent call last):\n  File "/app/code/Main.py", line 17, in <module>\n    result = solution.sumEvenNumber(param0)\n  File "/app/code/solution.py", line 7, in sumEvenNumber\n    sum += num\nNameError: name 'num' is not defined\n	t	1024	3195	\N	RUNTIME_ERROR	\N	148	52
681	\N	f	1024	499	0	FAILED	6	149	51
682	\N	f	1024	462	1	PASSED	6	150	51
683	\N	t	1024	275	0	FAILED	6	150	52
684	\N	f	1024	440	1	PASSED	6	151	51
685	\N	t	1024	264	1	PASSED	0	151	52
686	\N	f	1024	508	0	FAILED	None	152	51
687	\N	t	1024	251	0	FAILED	None	152	52
692	\N	f	1024	386	1	PASSED	5	154	22
693	\N	f	1024	247	1	PASSED	12	154	21
694	\N	f	1024	235	1	PASSED	-15	154	23
695	\N	t	1024	320	1	PASSED	0	154	24
696	\N	t	1024	324	1	PASSED	2000000000	154	25
697	\N	t	1024	284	1	PASSED	-2000000000	154	26
698	./Solution.java:28: error: illegal start of expression\n                sum +=. a[i];\n                      ^\n./Solution.java:28: error: not a statement\n                sum +=. a[i];\n                         ^\n2 errors\n	f	1024	1481	\N	RUNTIME_ERROR	\N	155	51
699	./Solution.java:28: error: illegal start of expression\n                sum +=. a[i];\n                      ^\n./Solution.java:28: error: not a statement\n                sum +=. a[i];\n                         ^\n2 errors\n	t	1024	836	\N	RUNTIME_ERROR	\N	155	52
700	\N	f	1024	468	1	PASSED	5	156	22
701	\N	f	1024	313	1	PASSED	12	156	21
702	\N	f	1024	322	1	PASSED	-15	156	23
703	\N	t	1024	291	1	PASSED	0	156	24
704	\N	t	1024	286	1	PASSED	2000000000	156	25
705	\N	t	1024	304	1	PASSED	-2000000000	156	26
706	\N	f	1024	360	1	PASSED	5	157	22
707	\N	f	1024	241	1	PASSED	12	157	21
708	\N	f	1024	225	1	PASSED	-15	157	23
709	\N	t	1024	344	1	PASSED	0	157	24
710	\N	t	1024	262	1	PASSED	2000000000	157	25
711	\N	t	1024	250	1	PASSED	-2000000000	157	26
712	./Solution.java:28: error: ';' expected\n            if(a[i] % 2 ==0) sum += a[i]\n                                        ^\n./Solution.java:27: error: cannot find symbol\n        for (int i = 0 ; i < a.length() ; i++ ) {\n                              ^\n  symbol:   method length()\n  location: variable a of type int[]\n2 errors\n	f	1024	1014	\N	RUNTIME_ERROR	\N	158	51
713	./Solution.java:28: error: ';' expected\n            if(a[i] % 2 ==0) sum += a[i]\n                                        ^\n./Solution.java:27: error: cannot find symbol\n        for (int i = 0 ; i < a.length() ; i++ ) {\n                              ^\n  symbol:   method length()\n  location: variable a of type int[]\n2 errors\n	t	1024	793	\N	RUNTIME_ERROR	\N	158	52
714	./Solution.java:27: error: cannot find symbol\n        for (int i = 0 ; i < a.length() ; i++ ) {\n                              ^\n  symbol:   method length()\n  location: variable a of type int[]\n1 error\n	f	1024	862	\N	RUNTIME_ERROR	\N	159	51
715	./Solution.java:27: error: cannot find symbol\n        for (int i = 0 ; i < a.length() ; i++ ) {\n                              ^\n  symbol:   method length()\n  location: variable a of type int[]\n1 error\n	t	1024	747	\N	RUNTIME_ERROR	\N	159	52
716	./Solution.java:28: error: variable sum might not have been initialized\n            if(a[i] % 2 ==0) sum += a[i];\n                             ^\n./Solution.java:30: error: variable sum might not have been initialized\n        return sum;\n               ^\n2 errors\n	f	1024	838	\N	RUNTIME_ERROR	\N	160	51
717	./Solution.java:28: error: variable sum might not have been initialized\n            if(a[i] % 2 ==0) sum += a[i];\n                             ^\n./Solution.java:30: error: variable sum might not have been initialized\n        return sum;\n               ^\n2 errors\n	t	1024	746	\N	RUNTIME_ERROR	\N	160	52
718	./Solution.java:27: error: cannot find symbol\n        for (int i = 0 ; i < a.length() ; i++ ) {\n                              ^\n  symbol:   method length()\n  location: variable a of type int[]\n1 error\n	f	1024	909	\N	RUNTIME_ERROR	\N	161	51
719	./Solution.java:27: error: cannot find symbol\n        for (int i = 0 ; i < a.length() ; i++ ) {\n                              ^\n  symbol:   method length()\n  location: variable a of type int[]\n1 error\n	t	1024	699	\N	RUNTIME_ERROR	\N	161	52
720	\N	f	1024	908	1	PASSED	6	162	51
721	\N	t	1024	782	1	PASSED	0	162	52
722	\N	f	1024	1072	1	PASSED	4	163	17
723	\N	f	1024	1157	0	FAILED		163	18
724	\N	f	1024	1127	1	PASSED	4	164	17
725	\N	f	1024	856	0	FAILED	-1	164	18
726	\N	f	1024	581	0	FAILED	15	165	53
727	/app/code/Main.java:24: error: cannot find symbol\n        int result = solution.max_subarray_sum(param0);\n                             ^\n  symbol:   method max_subarray_sum(int[])\n  location: variable solution of type Solution\n1 error\n	f	1024	1037	\N	RUNTIME_ERROR	\N	166	53
728	/app/code/Main.java:24: error: cannot find symbol\n        int result = solution.max_subarray_sum(param0);\n                             ^\n  symbol:   method max_subarray_sum(int[])\n  location: variable solution of type Solution\n1 error\n	f	1024	738	\N	RUNTIME_ERROR	\N	166	54
729	/app/code/Main.java:24: error: cannot find symbol\n        int result = solution.max_subarray_sum(param0);\n                             ^\n  symbol:   method max_subarray_sum(int[])\n  location: variable solution of type Solution\n1 error\n	t	1024	693	\N	RUNTIME_ERROR	\N	166	55
730	/app/code/Main.java:24: error: cannot find symbol\n        int result = solution.max_subarray_sum(param0);\n                             ^\n  symbol:   method max_subarray_sum(int[])\n  location: variable solution of type Solution\n1 error\n	t	1024	838	\N	RUNTIME_ERROR	\N	166	56
731	/app/code/Main.java:24: error: cannot find symbol\n        int result = solution.max_subarray_sum(param0);\n                             ^\n  symbol:   method max_subarray_sum(int[])\n  location: variable solution of type Solution\n1 error\n	f	1024	911	\N	RUNTIME_ERROR	\N	167	53
732	/app/code/Main.java:24: error: cannot find symbol\n        int result = solution.max_subarray_sum(param0);\n                             ^\n  symbol:   method max_subarray_sum(int[])\n  location: variable solution of type Solution\n1 error\n	f	1024	679	\N	RUNTIME_ERROR	\N	167	54
733	/app/code/Main.java:24: error: cannot find symbol\n        int result = solution.max_subarray_sum(param0);\n                             ^\n  symbol:   method max_subarray_sum(int[])\n  location: variable solution of type Solution\n1 error\n	t	1024	733	\N	RUNTIME_ERROR	\N	167	55
734	/app/code/Main.java:24: error: cannot find symbol\n        int result = solution.max_subarray_sum(param0);\n                             ^\n  symbol:   method max_subarray_sum(int[])\n  location: variable solution of type Solution\n1 error\n	t	1024	707	\N	RUNTIME_ERROR	\N	167	56
735	\N	f	1024	359	1	PASSED	15	168	53
736	\N	f	1024	313	0	FAILED	15	168	54
737	\N	f	1024	395	1	PASSED	15	169	53
738	\N	f	1024	257	1	PASSED	6	169	54
739	\N	t	1024	275	1	PASSED	1	169	55
740	\N	t	1024	226	1	PASSED	23	169	56
741	\N	f	1024	1215	\N	TIME_LIMIT_EXCEEDED	\N	170	53
742	\N	f	1024	836	1	PASSED	6	170	54
743	\N	t	1024	838	1	PASSED	1	170	55
744	\N	t	1024	801	1	PASSED	23	170	56
745	\N	f	1024	958	1	PASSED	15	171	53
746	\N	f	1024	878	1	PASSED	6	171	54
747	\N	t	1024	820	1	PASSED	1	171	55
748	\N	t	1024	900	1	PASSED	23	171	56
749	\N	f	1024	1072	1	PASSED	[0,1]	172	9
750	\N	f	1024	1105	1	PASSED	[1,2]	172	10
751	\N	t	1024	1015	1	PASSED	[1,2]	172	11
752	\N	t	1024	970	1	PASSED	[0,1]	172	12
753	\N	f	1024	1043	\N	TIME_LIMIT_EXCEEDED	\N	173	13
754	\N	f	1024	806	1	PASSED	false	173	14
755	\N	t	1024	775	1	PASSED	true	173	15
756	\N	t	1024	803	1	PASSED	true	173	16
757	\N	f	1024	968	1	PASSED	true	174	13
758	\N	f	1024	769	1	PASSED	false	174	14
759	\N	t	1024	846	1	PASSED	true	174	15
760	\N	t	1024	837	1	PASSED	true	174	16
761	/app/code/Main.java:24: error: cannot find symbol\n        boolean result = solution.laDoiXung(param0);\n                                 ^\n  symbol:   method laDoiXung(int[])\n  location: variable solution of type Solution\n1 error\n	f	1024	1486	\N	RUNTIME_ERROR	\N	175	61
762	\N	f	1024	974	1	PASSED	true	176	61
763	\N	f	1024	972	0	FAILED		177	61
764	./Solution.java:25: error: incompatible types: int cannot be converted to boolean\n        return 5;\n               ^\n1 error\n	f	1024	936	\N	RUNTIME_ERROR	\N	178	61
765	\N	f	1024	991	0	FAILED	false	179	61
766	./Solution.java:25: error: ';' expected\n        return true\n                   ^\n1 error\n	f	1024	1101	\N	RUNTIME_ERROR	\N	180	61
767	./Solution.java:25: error: ';' expected\n        return true\n                   ^\n1 error\n	f	1024	905	\N	RUNTIME_ERROR	\N	181	61
768	\N	f	1024	929	1	PASSED	true	182	61
769	\N	f	1024	1067	1	PASSED	true	183	61
770	\N	f	1024	1576	\N	TIME_LIMIT_EXCEEDED	\N	184	65
771	\N	f	1024	929	1	PASSED	6	184	66
772	\N	f	1024	1693	\N	TIME_LIMIT_EXCEEDED	\N	185	65
773	\N	f	1024	1199	1	PASSED	6	185	66
774	\N	f	1024	1439	\N	TIME_LIMIT_EXCEEDED	\N	186	65
775	\N	f	1024	1070	1	PASSED	6	186	66
776	\N	f	1024	1393	1	PASSED	3	187	65
777	\N	f	1024	868	1	PASSED	6	187	66
778	\N	f	1024	779	1	PASSED	[0,1]	188	9
779	\N	f	1024	339	1	PASSED	[1,2]	188	10
780	\N	t	1024	261	1	PASSED	[1,2]	188	11
781	\N	t	1024	248	1	PASSED	[0,1]	188	12
782	\N	f	1024	1829	1	PASSED	3	189	65
783	\N	f	1024	2262	1	PASSED	6	189	66
784	\N	f	1024	503	1	PASSED	[0,1]	190	9
785	\N	f	1024	297	1	PASSED	[1,2]	190	10
786	\N	t	1024	445	1	PASSED	[1,2]	190	11
787	\N	t	1024	328	1	PASSED	[0,1]	190	12
788	\N	f	1024	1315	1	PASSED	[0,1]	191	9
789	\N	f	1024	844	1	PASSED	[1,2]	191	10
790	\N	t	1024	883	1	PASSED	[1,2]	191	11
791	\N	t	1024	880	1	PASSED	[0,1]	191	12
792	\N	f	1024	1068	1	PASSED	[0,1]	192	9
793	\N	f	1024	920	1	PASSED	[1,2]	192	10
794	\N	t	1024	1048	1	PASSED	[1,2]	192	11
795	\N	t	1024	941	1	PASSED	[0,1]	192	12
796	\N	f	1024	1506	1	PASSED	[0,1]	193	9
797	\N	f	1024	472	1	PASSED	[1,2]	193	10
798	\N	t	1024	384	1	PASSED	[1,2]	193	11
799	\N	t	1024	333	1	PASSED	[0,1]	193	12
800	\N	f	1024	373	0	FAILED	[1,1]	194	9
801	\N	f	1024	1292	1	PASSED	[0,1]	195	9
802	\N	f	1024	858	1	PASSED	[1,2]	195	10
803	\N	t	1024	865	1	PASSED	[1,2]	195	11
804	\N	t	1024	879	1	PASSED	[0,1]	195	12
805	\N	f	1024	1062	\N	TIME_LIMIT_EXCEEDED	\N	196	22
806	\N	f	1024	340	1	PASSED	12	196	21
807	\N	f	1024	311	1	PASSED	-15	196	23
808	\N	t	1024	377	1	PASSED	0	196	24
809	\N	t	1024	319	1	PASSED	2000000000	196	25
810	\N	t	1024	306	1	PASSED	-2000000000	196	26
811	\N	f	1024	505	1	PASSED	[0,1]	197	9
812	\N	f	1024	275	1	PASSED	[1,2]	197	10
813	\N	t	1024	236	1	PASSED	[1,2]	197	11
814	\N	t	1024	238	1	PASSED	[0,1]	197	12
815	\N	f	1024	1633	1	PASSED	[0,1]	199	9
816	\N	f	1024	888	1	PASSED	[1,2]	199	10
817	\N	t	1024	975	1	PASSED	[1,2]	199	11
818	\N	t	1024	907	1	PASSED	[0,1]	199	12
819	\N	f	1024	518	1	PASSED	[0,1]	198	9
820	\N	f	1024	407	1	PASSED	[1,2]	198	10
821	\N	t	1024	367	1	PASSED	[1,2]	198	11
822	\N	t	1024	337	1	PASSED	[0,1]	198	12
823	\N	f	1024	1163	1	PASSED	[0,1]	200	9
824	\N	f	1024	1014	1	PASSED	[1,2]	200	10
825	\N	t	1024	1004	1	PASSED	[1,2]	200	11
826	\N	t	1024	957	1	PASSED	[0,1]	200	12
827	\N	f	1024	385	1	PASSED	5	202	22
828	\N	f	1024	358	1	PASSED	12	202	21
829	\N	f	1024	376	1	PASSED	-15	202	23
830	\N	t	1024	308	1	PASSED	0	202	24
831	\N	t	1024	458	1	PASSED	2000000000	202	25
832	\N	t	1024	554	1	PASSED	-2000000000	202	26
833	\N	f	1024	369	1	PASSED	5	201	22
834	\N	f	1024	283	1	PASSED	12	201	21
835	\N	f	1024	264	1	PASSED	-15	201	23
836	\N	t	1024	298	1	PASSED	0	201	24
837	\N	t	1024	278	1	PASSED	2000000000	201	25
838	\N	t	1024	276	1	PASSED	-2000000000	201	26
839	\N	f	1024	319	1	PASSED	5	203	22
840	\N	f	1024	262	1	PASSED	12	203	21
841	\N	f	1024	270	1	PASSED	-15	203	23
842	\N	t	1024	255	1	PASSED	0	203	24
843	\N	t	1024	496	1	PASSED	2000000000	203	25
844	\N	t	1024	331	1	PASSED	-2000000000	203	26
845	\N	f	1024	381	0	FAILED	-3	204	22
846	\N	f	1024	251	0	FAILED	5	204	21
847	\N	f	1024	973	1	PASSED	5	205	22
848	\N	f	1024	812	1	PASSED	12	205	21
849	\N	f	1024	839	1	PASSED	-15	205	23
850	\N	t	1024	835	1	PASSED	0	205	24
851	\N	t	1024	781	1	PASSED	2000000000	205	25
852	\N	t	1024	760	1	PASSED	-2000000000	205	26
853	./Solution.java:25: error: ';' expected\n        return a + b\n                    ^\n1 error\n	f	1024	927	\N	RUNTIME_ERROR	\N	206	22
854	./Solution.java:25: error: ';' expected\n        return a + b\n                    ^\n1 error\n	f	1024	723	\N	RUNTIME_ERROR	\N	206	21
855	./Solution.java:25: error: ';' expected\n        return a + b\n                    ^\n1 error\n	f	1024	756	\N	RUNTIME_ERROR	\N	206	23
856	./Solution.java:25: error: ';' expected\n        return a + b\n                    ^\n1 error\n	t	1024	640	\N	RUNTIME_ERROR	\N	206	24
857	./Solution.java:25: error: ';' expected\n        return a + b\n                    ^\n1 error\n	t	1024	934	\N	RUNTIME_ERROR	\N	206	25
858	./Solution.java:25: error: ';' expected\n        return a + b\n                    ^\n1 error\n	t	1024	875	\N	RUNTIME_ERROR	\N	206	26
859	\N	f	1024	411	1	PASSED	5	207	22
860	\N	f	1024	268	1	PASSED	12	207	21
861	\N	f	1024	247	1	PASSED	-15	207	23
862	\N	t	1024	228	1	PASSED	0	207	24
863	\N	t	1024	248	1	PASSED	2000000000	207	25
864	\N	t	1024	255	1	PASSED	-2000000000	207	26
865	\N	f	1024	710	1	PASSED	5	208	22
866	\N	f	1024	304	1	PASSED	12	208	21
867	\N	f	1024	260	1	PASSED	-15	208	23
868	\N	t	1024	314	1	PASSED	0	208	24
869	\N	t	1024	344	1	PASSED	2000000000	208	25
870	\N	t	1024	403	1	PASSED	-2000000000	208	26
871	\N	f	1024	623	1	PASSED	5	209	22
872	\N	f	1024	278	1	PASSED	12	209	21
873	\N	f	1024	272	1	PASSED	-15	209	23
874	\N	t	1024	241	1	PASSED	0	209	24
875	\N	t	1024	289	1	PASSED	2000000000	209	25
876	\N	t	1024	268	1	PASSED	-2000000000	209	26
877	\N	f	1024	723	1	PASSED	5	210	22
878	\N	f	1024	368	1	PASSED	12	210	21
879	\N	f	1024	341	1	PASSED	-15	210	23
880	\N	t	1024	352	1	PASSED	0	210	24
881	\N	t	1024	358	1	PASSED	2000000000	210	25
882	\N	t	1024	322	1	PASSED	-2000000000	210	26
883	\N	f	1024	465	0	FAILED	-3	211	22
884	\N	f	1024	305	0	FAILED	5	211	21
885	\N	f	1024	3282	\N	TIME_LIMIT_EXCEEDED	\N	212	22
886	\N	f	1024	659	1	PASSED	12	212	21
887	\N	f	1024	492	1	PASSED	-15	212	23
888	\N	t	1024	425	1	PASSED	0	212	24
889	\N	t	1024	449	1	PASSED	2000000000	212	25
890	\N	t	1024	432	1	PASSED	-2000000000	212	26
891	\N	f	1024	610	1	PASSED	5	213	22
892	\N	f	1024	256	1	PASSED	12	213	21
893	\N	f	1024	287	1	PASSED	-15	213	23
894	\N	t	1024	242	1	PASSED	0	213	24
895	\N	t	1024	350	1	PASSED	2000000000	213	25
896	\N	t	1024	309	1	PASSED	-2000000000	213	26
897	\N	f	1024	1262	\N	TIME_LIMIT_EXCEEDED	\N	214	22
898	\N	f	1024	364	1	PASSED	12	214	21
899	\N	f	1024	358	1	PASSED	-15	214	23
900	\N	t	1024	259	1	PASSED	0	214	24
901	\N	t	1024	229	1	PASSED	2000000000	214	25
902	\N	t	1024	256	1	PASSED	-2000000000	214	26
903	Traceback (most recent call last):\n  File "/app/code/Main.py", line 6, in <module>\n    import solution\n  File "/app/code/solution.py", line 4\n    # Write your code here\n                          ^\nIndentationError: expected an indented block\n	f	1024	408	\N	RUNTIME_ERROR	\N	215	22
904	Traceback (most recent call last):\n  File "/app/code/Main.py", line 6, in <module>\n    import solution\n  File "/app/code/solution.py", line 4\n    # Write your code here\n                          ^\nIndentationError: expected an indented block\n	f	1024	299	\N	RUNTIME_ERROR	\N	215	21
905	Traceback (most recent call last):\n  File "/app/code/Main.py", line 6, in <module>\n    import solution\n  File "/app/code/solution.py", line 4\n    # Write your code here\n                          ^\nIndentationError: expected an indented block\n	f	1024	276	\N	RUNTIME_ERROR	\N	215	23
906	Traceback (most recent call last):\n  File "/app/code/Main.py", line 6, in <module>\n    import solution\n  File "/app/code/solution.py", line 4\n    # Write your code here\n                          ^\nIndentationError: expected an indented block\n	t	1024	315	\N	RUNTIME_ERROR	\N	215	24
907	Traceback (most recent call last):\n  File "/app/code/Main.py", line 6, in <module>\n    import solution\n  File "/app/code/solution.py", line 4\n    # Write your code here\n                          ^\nIndentationError: expected an indented block\n	t	1024	230	\N	RUNTIME_ERROR	\N	215	25
908	Traceback (most recent call last):\n  File "/app/code/Main.py", line 6, in <module>\n    import solution\n  File "/app/code/solution.py", line 4\n    # Write your code here\n                          ^\nIndentationError: expected an indented block\n	t	1024	242	\N	RUNTIME_ERROR	\N	215	26
909	\N	f	1024	631	1	PASSED	5	216	22
910	\N	f	1024	644	1	PASSED	12	216	21
911	\N	f	1024	304	1	PASSED	-15	216	23
912	\N	t	1024	327	1	PASSED	0	216	24
913	\N	t	1024	278	1	PASSED	2000000000	216	25
914	\N	t	1024	250	1	PASSED	-2000000000	216	26
915	Traceback (most recent call last):\n  File "/app/code/Main.py", line 6, in <module>\n    import solution\n  File "/app/code/solution.py", line 4\n    # Write your code here\n                          ^\nIndentationError: expected an indented block\n	f	1024	578	\N	RUNTIME_ERROR	\N	217	22
916	Traceback (most recent call last):\n  File "/app/code/Main.py", line 6, in <module>\n    import solution\n  File "/app/code/solution.py", line 4\n    # Write your code here\n                          ^\nIndentationError: expected an indented block\n	f	1024	356	\N	RUNTIME_ERROR	\N	217	21
917	Traceback (most recent call last):\n  File "/app/code/Main.py", line 6, in <module>\n    import solution\n  File "/app/code/solution.py", line 4\n    # Write your code here\n                          ^\nIndentationError: expected an indented block\n	f	1024	295	\N	RUNTIME_ERROR	\N	217	23
918	Traceback (most recent call last):\n  File "/app/code/Main.py", line 6, in <module>\n    import solution\n  File "/app/code/solution.py", line 4\n    # Write your code here\n                          ^\nIndentationError: expected an indented block\n	t	1024	303	\N	RUNTIME_ERROR	\N	217	24
919	Traceback (most recent call last):\n  File "/app/code/Main.py", line 6, in <module>\n    import solution\n  File "/app/code/solution.py", line 4\n    # Write your code here\n                          ^\nIndentationError: expected an indented block\n	t	1024	279	\N	RUNTIME_ERROR	\N	217	25
920	Traceback (most recent call last):\n  File "/app/code/Main.py", line 6, in <module>\n    import solution\n  File "/app/code/solution.py", line 4\n    # Write your code here\n                          ^\nIndentationError: expected an indented block\n	t	1024	286	\N	RUNTIME_ERROR	\N	217	26
921	\N	f	1024	543	1	PASSED	5	218	22
922	\N	f	1024	273	1	PASSED	12	218	21
923	\N	f	1024	257	1	PASSED	-15	218	23
924	\N	t	1024	245	1	PASSED	0	218	24
925	\N	t	1024	252	1	PASSED	2000000000	218	25
926	\N	t	1024	251	1	PASSED	-2000000000	218	26
927	\N	f	1024	570	0	FAILED	-3	219	22
928	\N	f	1024	259	0	FAILED	5	219	21
929	\N	f	1024	731	0	FAILED	-3	220	22
930	\N	f	1024	335	0	FAILED	5	220	21
931	Traceback (most recent call last):\n  File "/app/code/Main.py", line 6, in <module>\n    import solution\n  File "/app/code/solution.py", line 4\n    # Write your code here\n                          ^\nIndentationError: expected an indented block\n	f	1024	1606	\N	RUNTIME_ERROR	\N	221	22
987	\N	t	1024	222	1	PASSED	2000000000	231	25
988	\N	t	1024	280	1	PASSED	-2000000000	231	26
932	Traceback (most recent call last):\n  File "/app/code/Main.py", line 6, in <module>\n    import solution\n  File "/app/code/solution.py", line 4\n    # Write your code here\n                          ^\nIndentationError: expected an indented block\n	f	1024	297	\N	RUNTIME_ERROR	\N	221	21
933	Traceback (most recent call last):\n  File "/app/code/Main.py", line 6, in <module>\n    import solution\n  File "/app/code/solution.py", line 4\n    # Write your code here\n                          ^\nIndentationError: expected an indented block\n	f	1024	299	\N	RUNTIME_ERROR	\N	221	23
934	Traceback (most recent call last):\n  File "/app/code/Main.py", line 6, in <module>\n    import solution\n  File "/app/code/solution.py", line 4\n    # Write your code here\n                          ^\nIndentationError: expected an indented block\n	t	1024	345	\N	RUNTIME_ERROR	\N	221	24
935	Traceback (most recent call last):\n  File "/app/code/Main.py", line 6, in <module>\n    import solution\n  File "/app/code/solution.py", line 4\n    # Write your code here\n                          ^\nIndentationError: expected an indented block\n	t	1024	294	\N	RUNTIME_ERROR	\N	221	25
936	Traceback (most recent call last):\n  File "/app/code/Main.py", line 6, in <module>\n    import solution\n  File "/app/code/solution.py", line 4\n    # Write your code here\n                          ^\nIndentationError: expected an indented block\n	t	1024	351	\N	RUNTIME_ERROR	\N	221	26
937	\N	f	1024	896	1	PASSED	5	222	22
938	\N	f	1024	317	1	PASSED	12	222	21
939	\N	f	1024	251	1	PASSED	-15	222	23
940	\N	t	1024	339	1	PASSED	0	222	24
941	\N	t	1024	297	1	PASSED	2000000000	222	25
942	\N	t	1024	295	1	PASSED	-2000000000	222	26
943	Traceback (most recent call last):\n  File "/app/code/Main.py", line 6, in <module>\n    import solution\n  File "/app/code/solution.py", line 4\n    # Write your code here\n                          ^\nIndentationError: expected an indented block\n	f	1024	523	\N	RUNTIME_ERROR	\N	223	22
944	Traceback (most recent call last):\n  File "/app/code/Main.py", line 6, in <module>\n    import solution\n  File "/app/code/solution.py", line 4\n    # Write your code here\n                          ^\nIndentationError: expected an indented block\n	f	1024	289	\N	RUNTIME_ERROR	\N	223	21
945	Traceback (most recent call last):\n  File "/app/code/Main.py", line 6, in <module>\n    import solution\n  File "/app/code/solution.py", line 4\n    # Write your code here\n                          ^\nIndentationError: expected an indented block\n	f	1024	264	\N	RUNTIME_ERROR	\N	223	23
946	Traceback (most recent call last):\n  File "/app/code/Main.py", line 6, in <module>\n    import solution\n  File "/app/code/solution.py", line 4\n    # Write your code here\n                          ^\nIndentationError: expected an indented block\n	t	1024	291	\N	RUNTIME_ERROR	\N	223	24
947	Traceback (most recent call last):\n  File "/app/code/Main.py", line 6, in <module>\n    import solution\n  File "/app/code/solution.py", line 4\n    # Write your code here\n                          ^\nIndentationError: expected an indented block\n	t	1024	259	\N	RUNTIME_ERROR	\N	223	25
948	Traceback (most recent call last):\n  File "/app/code/Main.py", line 6, in <module>\n    import solution\n  File "/app/code/solution.py", line 4\n    # Write your code here\n                          ^\nIndentationError: expected an indented block\n	t	1024	304	\N	RUNTIME_ERROR	\N	223	26
949	\N	f	1024	1080	\N	TIME_LIMIT_EXCEEDED	\N	224	22
950	\N	f	1024	375	1	PASSED	12	224	21
951	\N	f	1024	269	1	PASSED	-15	224	23
952	\N	t	1024	711	1	PASSED	0	224	24
953	\N	t	1024	364	1	PASSED	2000000000	224	25
954	\N	t	1024	538	1	PASSED	-2000000000	224	26
955	\N	f	1024	522	1	PASSED	5	225	22
956	\N	f	1024	295	1	PASSED	12	225	21
957	\N	f	1024	240	1	PASSED	-15	225	23
958	\N	t	1024	243	1	PASSED	0	225	24
959	\N	t	1024	255	1	PASSED	2000000000	225	25
960	\N	t	1024	237	1	PASSED	-2000000000	225	26
961	\N	f	1024	532	1	PASSED	5	226	22
962	\N	f	1024	294	1	PASSED	12	226	21
963	\N	f	1024	265	1	PASSED	-15	226	23
964	\N	t	1024	234	1	PASSED	0	226	24
965	\N	t	1024	275	1	PASSED	2000000000	226	25
966	\N	t	1024	222	1	PASSED	-2000000000	226	26
967	\N	f	1024	601	1	PASSED	5	227	22
968	\N	f	1024	281	1	PASSED	12	227	21
969	\N	f	1024	302	1	PASSED	-15	227	23
970	\N	t	1024	275	1	PASSED	0	227	24
971	\N	t	1024	259	1	PASSED	2000000000	227	25
972	\N	t	1024	289	1	PASSED	-2000000000	227	26
973	\N	f	1024	623	0	FAILED	-3	228	22
974	\N	f	1024	336	0	FAILED	5	228	21
975	\N	f	1024	512	1	PASSED	5	229	22
976	\N	f	1024	335	1	PASSED	12	229	21
977	\N	f	1024	267	1	PASSED	-15	229	23
978	\N	t	1024	322	1	PASSED	0	229	24
979	\N	t	1024	268	1	PASSED	2000000000	229	25
980	\N	t	1024	285	1	PASSED	-2000000000	229	26
981	\N	f	1024	1126	\N	TIME_LIMIT_EXCEEDED	\N	230	22
982	\N	f	1024	316	0	FAILED	5	230	21
983	\N	f	1024	342	1	PASSED	5	231	22
984	\N	f	1024	231	1	PASSED	12	231	21
985	\N	f	1024	313	1	PASSED	-15	231	23
986	\N	t	1024	241	1	PASSED	0	231	24
989	Failed to parse inputData	f	\N	\N	0	SYSTEM_ERROR	\N	232	109
990	Failed to parse inputData	f	\N	\N	0	SYSTEM_ERROR	\N	232	110
991	Failed to parse inputData	t	\N	\N	0	SYSTEM_ERROR	\N	232	111
992	\N	f	1024	635	1	PASSED	[0,1]	233	109
993	\N	f	1024	261	10	PASSED	[1,2]	233	110
994	\N	t	1024	262	20	PASSED	[0,1]	233	111
995	Cannot invoke "java.lang.Integer.intValue()" because the return value of "oj.onlineCodingCompetition.entity.TestCase.getTimeLimit()" is null	f	1024	4207	0	SYSTEM_ERROR	\N	234	112
996	Cannot invoke "java.lang.Integer.intValue()" because the return value of "oj.onlineCodingCompetition.entity.TestCase.getTimeLimit()" is null	f	1024	893	0	SYSTEM_ERROR	\N	234	113
997	Cannot invoke "java.lang.Integer.intValue()" because the return value of "oj.onlineCodingCompetition.entity.TestCase.getTimeLimit()" is null	f	1024	1031	0	SYSTEM_ERROR	\N	234	114
998	Cannot invoke "java.lang.Integer.intValue()" because the return value of "oj.onlineCodingCompetition.entity.TestCase.getTimeLimit()" is null	t	1024	799	0	SYSTEM_ERROR	\N	234	115
999	\N	f	1024	4143	1	PASSED	[0,1]	235	109
1000	\N	f	1024	383	10	PASSED	[1,2]	235	110
1001	\N	t	1024	324	20	PASSED	[0,1]	235	111
1002	\N	f	1024	477	1	PASSED	[0,1]	236	109
1003	\N	f	1024	305	10	PASSED	[1,2]	236	110
1004	\N	t	1024	291	20	PASSED	[0,1]	236	111
1005	Cannot invoke "java.lang.Integer.intValue()" because the return value of "oj.onlineCodingCompetition.entity.TestCase.getTimeLimit()" is null	f	1024	651	0	SYSTEM_ERROR	\N	237	112
1006	Cannot invoke "java.lang.Integer.intValue()" because the return value of "oj.onlineCodingCompetition.entity.TestCase.getTimeLimit()" is null	f	1024	227	0	SYSTEM_ERROR	\N	237	113
1007	Cannot invoke "java.lang.Integer.intValue()" because the return value of "oj.onlineCodingCompetition.entity.TestCase.getTimeLimit()" is null	f	1024	240	0	SYSTEM_ERROR	\N	237	114
1008	Cannot invoke "java.lang.Integer.intValue()" because the return value of "oj.onlineCodingCompetition.entity.TestCase.getTimeLimit()" is null	t	1024	210	0	SYSTEM_ERROR	\N	237	115
1009	Cannot invoke "java.lang.Integer.intValue()" because the return value of "oj.onlineCodingCompetition.entity.TestCase.getTimeLimit()" is null	f	1024	1084	0	SYSTEM_ERROR	\N	238	112
1010	Cannot invoke "java.lang.Integer.intValue()" because the return value of "oj.onlineCodingCompetition.entity.TestCase.getTimeLimit()" is null	f	1024	725	0	SYSTEM_ERROR	\N	238	113
1011	Cannot invoke "java.lang.Integer.intValue()" because the return value of "oj.onlineCodingCompetition.entity.TestCase.getTimeLimit()" is null	f	1024	828	0	SYSTEM_ERROR	\N	238	114
1012	Cannot invoke "java.lang.Integer.intValue()" because the return value of "oj.onlineCodingCompetition.entity.TestCase.getTimeLimit()" is null	t	1024	739	0	SYSTEM_ERROR	\N	238	115
1013	Cannot invoke "java.lang.Integer.intValue()" because the return value of "oj.onlineCodingCompetition.entity.TestCase.getTimeLimit()" is null	f	1024	572	0	SYSTEM_ERROR	\N	239	112
1014	Cannot invoke "java.lang.Integer.intValue()" because the return value of "oj.onlineCodingCompetition.entity.TestCase.getTimeLimit()" is null	f	1024	227	0	SYSTEM_ERROR	\N	239	113
1015	Cannot invoke "java.lang.Integer.intValue()" because the return value of "oj.onlineCodingCompetition.entity.TestCase.getTimeLimit()" is null	f	1024	257	0	SYSTEM_ERROR	\N	239	114
1016	Cannot invoke "java.lang.Integer.intValue()" because the return value of "oj.onlineCodingCompetition.entity.TestCase.getTimeLimit()" is null	t	1024	214	0	SYSTEM_ERROR	\N	239	115
1017	Cannot invoke "java.lang.Integer.intValue()" because the return value of "oj.onlineCodingCompetition.entity.TestCase.getTimeLimit()" is null	f	1024	307	0	SYSTEM_ERROR	\N	240	112
1018	Cannot invoke "java.lang.Integer.intValue()" because the return value of "oj.onlineCodingCompetition.entity.TestCase.getTimeLimit()" is null	f	1024	205	0	SYSTEM_ERROR	\N	240	113
1019	Cannot invoke "java.lang.Integer.intValue()" because the return value of "oj.onlineCodingCompetition.entity.TestCase.getTimeLimit()" is null	f	1024	203	0	SYSTEM_ERROR	\N	240	114
1020	Cannot invoke "java.lang.Integer.intValue()" because the return value of "oj.onlineCodingCompetition.entity.TestCase.getTimeLimit()" is null	t	1024	212	0	SYSTEM_ERROR	\N	240	115
1021	\N	f	1024	385	15	PASSED	3	241	112
1022	\N	f	1024	263	15	PASSED	1	241	113
1023	\N	f	1024	212	15	PASSED	3	241	114
1024	\N	t	1024	193	25	PASSED	0	241	115
1025	\N	f	1024	311	15	PASSED	3	242	112
1026	\N	f	1024	210	15	PASSED	1	242	113
1027	\N	f	1024	210	15	PASSED	3	242	114
1028	\N	t	1024	207	25	PASSED	0	242	115
1029	\N	f	1024	337	10	PASSED	true	243	116
1030	\N	f	1024	207	10	PASSED	true	243	117
1031	\N	f	1024	231	10	PASSED	false	243	118
1032	\N	t	1024	246	20	PASSED	false	243	119
1033	\N	f	1024	566	20	PASSED	6	244	120
1034	\N	f	1024	244	15	PASSED	1	244	121
1035	\N	f	1024	269	15	PASSED	23	244	122
1036	\N	t	1024	311	25	PASSED	-1	244	123
1037	\N	f	1024	292	15	PASSED	true	245	124
1038	\N	f	1024	217	15	PASSED	false	245	125
1039	\N	f	1024	192	15	PASSED	false	245	126
1040	\N	t	1024	200	25	PASSED	true	245	127
1041	\N	f	1024	3619	1	PASSED	579	246	145
1042	\N	t	1024	2142	1	PASSED	7	246	146
1043	\N	t	1024	2106	0	FAILED	0	246	147
1044	\N	t	1024	2345	1	PASSED	1000000000	246	148
1045	\N	t	1024	2328	1	PASSED	-1000	246	149
1046	\N	t	1024	3623	1	PASSED	1000000000	246	150
1047	\N	t	1024	2795	1	PASSED	-100	246	151
1048	\N	t	1024	2365	1	PASSED	-1000000000	246	152
1049	\N	t	1024	2396	0	FAILED	0	246	153
1050	\N	f	1024	2315	1	PASSED	579	247	145
1051	\N	t	1024	2550	1	PASSED	7	247	146
1052	\N	t	1024	1957	0	FAILED	0	247	147
1053	\N	t	1024	3029	1	PASSED	1000000000	247	148
1054	\N	t	1024	2569	1	PASSED	-1000	247	149
1055	\N	t	1024	4672	1	PASSED	1000000000	247	150
1056	\N	t	1024	4334	1	PASSED	-100	247	151
1057	\N	t	1024	2494	1	PASSED	-1000000000	247	152
1058	\N	t	1024	2938	0	FAILED	0	247	153
1059	\N	f	1024	5063	\N	TIME_LIMIT_EXCEEDED	\N	248	145
1060	\N	t	1024	2164	1	PASSED	7	248	146
1061	\N	t	1024	2352	0	FAILED	0	248	147
1062	\N	t	1024	2167	1	PASSED	1000000000	248	148
1063	\N	t	1024	2432	1	PASSED	-1000	248	149
1064	\N	t	1024	2857	1	PASSED	1000000000	248	150
1065	\N	t	1024	2838	1	PASSED	-100	248	151
1066	\N	t	1024	2611	1	PASSED	-1000000000	248	152
1067	\N	t	1024	2239	0	FAILED	0	248	153
1068	\N	f	1024	2534	0	FAILED	123	249	145
1069	\N	f	1024	944	15	PASSED	true	250	124
1070	\N	f	1024	864	15	PASSED	false	250	125
1071	\N	f	1024	871	15	PASSED	false	250	126
1072	\N	t	1024	1051	25	PASSED	true	250	127
1073	./Solution.java:26: error: missing return statement\n    }\n    ^\n1 error\n	f	1024	1637	\N	RUNTIME_ERROR	\N	251	145
1074	./Solution.java:26: error: missing return statement\n    }\n    ^\n1 error\n	t	1024	743	\N	RUNTIME_ERROR	\N	251	146
1075	./Solution.java:26: error: missing return statement\n    }\n    ^\n1 error\n	t	1024	1045	\N	RUNTIME_ERROR	\N	251	147
1076	./Solution.java:26: error: missing return statement\n    }\n    ^\n1 error\n	t	1024	807	\N	RUNTIME_ERROR	\N	251	148
1077	./Solution.java:26: error: missing return statement\n    }\n    ^\n1 error\n	t	1024	724	\N	RUNTIME_ERROR	\N	251	149
1078	./Solution.java:26: error: missing return statement\n    }\n    ^\n1 error\n	t	1024	747	\N	RUNTIME_ERROR	\N	251	150
1079	./Solution.java:26: error: missing return statement\n    }\n    ^\n1 error\n	t	1024	760	\N	RUNTIME_ERROR	\N	251	151
1080	./Solution.java:26: error: missing return statement\n    }\n    ^\n1 error\n	t	1024	758	\N	RUNTIME_ERROR	\N	251	152
1081	./Solution.java:26: error: missing return statement\n    }\n    ^\n1 error\n	t	1024	988	\N	RUNTIME_ERROR	\N	251	153
1082	\N	f	1024	962	1	PASSED	579	252	145
1083	\N	t	1024	772	1	PASSED	7	252	146
1084	\N	t	1024	787	0	FAILED	0	252	147
1085	\N	t	1024	763	1	PASSED	1000000000	252	148
1086	\N	t	1024	730	1	PASSED	-1000	252	149
1087	\N	t	1024	762	1	PASSED	1000000000	252	150
1088	\N	t	1024	693	1	PASSED	-100	252	151
1089	\N	t	1024	734	1	PASSED	-1000000000	252	152
1090	\N	t	1024	752	0	FAILED	0	252	153
1121	\N	f	1024	1794	1	PASSED	96	260	165
1122	\N	f	1024	878	1	PASSED	-1000000	260	166
1123	\N	t	1024	903	1	PASSED	90	260	167
1124	\N	t	1024	780	0	FAILED	0	260	168
1306	\N	f	1024	450	20	PASSED	6	329	120
1307	\N	f	1024	302	15	PASSED	1	329	121
1308	\N	f	1024	271	15	PASSED	23	329	122
1309	\N	t	1024	253	25	PASSED	-1	329	123
1385	\N	f	1024	465	1	PASSED	[0,1]	351	109
1386	\N	f	1024	282	10	PASSED	[1,2]	351	110
1387	\N	t	1024	357	20	PASSED	[0,1]	351	111
1399	\N	f	1024	1055	2	PASSED	-750	355	157
1400	\N	f	1024	1195	2	PASSED	0	355	158
1401	\N	f	1024	948	2	PASSED	499	355	159
1402	\N	f	1024	1187	2	PASSED	0	356	154
1403	\N	f	1024	1138	2	PASSED	2000	356	155
1404	\N	f	1024	1072	2	PASSED	-2000	356	156
1405	\N	f	1024	990	2	PASSED	-750	356	157
1406	\N	f	1024	1223	2	PASSED	0	356	158
1407	\N	f	1024	1037	2	PASSED	499	356	159
1408	\N	f	1024	1378	2	PASSED	0	360	154
1409	\N	f	1024	1291	2	PASSED	2000	360	155
1410	\N	f	1024	1109	2	PASSED	-2000	360	156
1411	\N	f	1024	973	2	PASSED	-750	360	157
1412	\N	f	1024	1076	2	PASSED	0	360	158
1413	\N	f	1024	1070	2	PASSED	499	360	159
1414	\N	f	1024	913	2	PASSED	0	359	154
1415	\N	f	1024	1231	2	PASSED	2000	359	155
1416	\N	f	1024	932	2	PASSED	-2000	359	156
1417	\N	f	1024	822	2	PASSED	-750	359	157
1418	\N	f	1024	1026	2	PASSED	0	359	158
1091	\N	f	1024	1856	1	PASSED	0	253	154
1092	\N	f	1024	776	1	PASSED	2000	253	155
1093	\N	t	1024	724	1	PASSED	-2000	253	156
1094	\N	t	1024	924	1	PASSED	-750	253	157
1095	\N	t	1024	835	1	PASSED	0	253	158
1096	\N	t	1024	842	1	PASSED	499	253	159
1154	\N	f	1024	1597	1	PASSED	4	293	223
1155	\N	f	1024	930	1	PASSED	1	293	224
1156	\N	t	1024	837	1	PASSED	2	293	225
1157	\N	t	1024	772	0	FAILED	8	293	226
1158	\N	t	1024	824	1	PASSED	21	293	227
1159	\N	f	1024	1151	1	PASSED	4	294	223
1160	\N	f	1024	943	1	PASSED	1	294	224
1161	\N	t	1024	848	1	PASSED	2	294	225
1162	\N	f	1024	965	0	FAILED	8	294	226
1163	\N	t	1024	876	1	PASSED	21	294	227
1164	\N	f	1024	1133	1	PASSED	4	295	223
1165	\N	f	1024	911	1	PASSED	1	295	224
1166	\N	t	1024	1108	1	PASSED	2	295	225
1167	\N	f	1024	838	1	PASSED	8	295	226
1168	\N	t	1024	848	1	PASSED	21	295	227
1230	Traceback (most recent call last):\n  File "/app/code/Main.py", line 6, in <module>\n    import solution\n  File "/app/code/solution.py", line 4\n    # Write your code here\n                          ^\nIndentationError: expected an indented block\n	f	1024	916	\N	RUNTIME_ERROR	\N	309	109
1231	Traceback (most recent call last):\n  File "/app/code/Main.py", line 6, in <module>\n    import solution\n  File "/app/code/solution.py", line 4\n    # Write your code here\n                          ^\nIndentationError: expected an indented block\n	f	1024	415	\N	RUNTIME_ERROR	\N	309	110
1232	Traceback (most recent call last):\n  File "/app/code/Main.py", line 6, in <module>\n    import solution\n  File "/app/code/solution.py", line 4\n    # Write your code here\n                          ^\nIndentationError: expected an indented block\n	t	1024	389	\N	RUNTIME_ERROR	\N	309	111
1233	\N	f	1024	1578	1	PASSED	300	310	160
1234	\N	f	1024	1263	0	FAILED	0	310	161
1235	\N	f	1024	571	1	PASSED	6	311	211
1236	\N	f	1024	279	1	PASSED	1	311	212
1237	\N	t	1024	260	1	PASSED	23	311	213
1238	\N	t	1024	304	1	PASSED	-1	311	214
1239	\N	f	1024	1543	20	PASSED	6	312	120
1240	\N	f	1024	1047	15	PASSED	1	312	121
1241	\N	f	1024	927	15	PASSED	23	312	122
1242	\N	t	1024	842	25	PASSED	-1	312	123
1310	\N	f	1024	353	20	PASSED	6	330	120
1311	\N	f	1024	309	15	PASSED	1	330	121
1312	\N	f	1024	274	0	FAILED	130	330	122
1313	\N	f	1024	389	1	PASSED	[0,1]	331	109
1314	\N	f	1024	240	10	PASSED	[1,2]	331	110
1315	\N	t	1024	250	20	PASSED	[0,1]	331	111
1316	\N	f	1024	651	1	PASSED	6	332	211
1317	\N	f	1024	378	1	PASSED	1	332	212
1318	\N	t	1024	481	1	PASSED	23	332	213
1319	\N	t	1024	339	1	PASSED	-1	332	214
1320	Traceback (most recent call last):\n  File "/app/code/Main.py", line 17, in <module>\n    result = solution.maxSubArray(param0)\n  File "/app/code/solution.py", line 8, in maxSubArray\n    current_sum = max(num, current_sum + nu)  # Chọn giữa bắt đầu mới từ num hoặc cộng num vào tổng hiện tại\nNameError: name 'nu' is not defined\n	f	1024	331	\N	RUNTIME_ERROR	\N	333	211
1321	\N	f	1024	277	1	PASSED	1	333	212
1322	Traceback (most recent call last):\n  File "/app/code/Main.py", line 17, in <module>\n    result = solution.maxSubArray(param0)\n  File "/app/code/solution.py", line 8, in maxSubArray\n    current_sum = max(num, current_sum + nu)  # Chọn giữa bắt đầu mới từ num hoặc cộng num vào tổng hiện tại\nNameError: name 'nu' is not defined\n	t	1024	233	\N	RUNTIME_ERROR	\N	333	213
1323	\N	t	1024	323	1	PASSED	-1	333	214
1324	\N	f	1024	2397	1	PASSED	300	334	160
1325	\N	f	1024	813	0	FAILED	0	334	161
1326	\N	f	1024	502	1	PASSED	[0,1]	335	109
1327	\N	f	1024	256	10	PASSED	[1,2]	335	110
1328	\N	t	1024	280	20	PASSED	[0,1]	335	111
1329	\N	f	1024	1101	2	PASSED	0	336	154
1330	\N	f	1024	774	2	PASSED	2000	336	155
1331	\N	f	1024	874	2	PASSED	-2000	336	156
1332	\N	f	1024	794	2	PASSED	-750	336	157
1333	\N	f	1024	1082	2	PASSED	0	336	158
1334	\N	f	1024	834	2	PASSED	499	336	159
1335	\N	f	1024	898	2	PASSED	0	337	154
1336	\N	f	1024	885	2	PASSED	2000	337	155
1337	\N	f	1024	800	2	PASSED	-2000	337	156
1338	\N	f	1024	726	2	PASSED	-750	337	157
1339	\N	f	1024	771	2	PASSED	0	337	158
1340	\N	f	1024	772	2	PASSED	499	337	159
1341	Cannot run program "docker": error=2, No such file or directory	f	1024	1	\N	RUNTIME_ERROR	\N	338	109
1419	\N	f	1024	1339	2	PASSED	499	359	159
1097	\N	f	1024	3456	2	PASSED	0	254	154
1098	\N	f	1024	2974	0	FAILED	1000	254	155
1099	\N	f	1024	2819	2	PASSED	0	255	154
1100	\N	f	1024	2014	0	FAILED	1000	255	155
1169	\N	f	1024	3456	1	PASSED	12	296	228
1170	\N	f	1024	2635	1	PASSED	0	296	229
1171	\N	f	1024	3164	1	PASSED	4	296	230
1172	\N	f	1024	3874	0	FAILED	50997450	296	231
1173	\N	f	1024	3988	1	PASSED	28	296	232
1174	\N	f	1024	2719	0	FAILED	-1794917296	296	233
1175	\N	f	1024	3758	1	PASSED	12	297	228
1176	\N	f	1024	1122	1	PASSED	0	297	229
1177	\N	f	1024	1741	1	PASSED	4	297	230
1178	\N	f	1024	1165	0	FAILED	50997450	297	231
1179	\N	f	1024	1511	1	PASSED	28	297	232
1180	\N	f	1024	1684	0	FAILED	-1794917296	297	233
1181	\N	f	1024	1357	1	PASSED	12	298	228
1182	\N	f	1024	961	1	PASSED	0	298	229
1183	\N	f	1024	920	1	PASSED	4	298	230
1184	\N	f	1024	869	0	FAILED	50997450	298	231
1185	\N	f	1024	893	1	PASSED	28	298	232
1186	\N	f	1024	977	0	FAILED	-1794917296	298	233
1187	\N	f	1024	1294	\N	TIME_LIMIT_EXCEEDED	\N	299	231
1188	\N	f	1024	803	1	PASSED	12	299	228
1189	\N	f	1024	942	1	PASSED	0	299	229
1190	\N	f	1024	972	1	PASSED	4	299	230
1191	\N	f	1024	838	1	PASSED	28	299	232
1192	\N	f	1024	907	0	FAILED	-1794917296	299	233
1193	\N	f	1024	985	1	PASSED	50997450	300	231
1194	\N	f	1024	775	1	PASSED	12	300	228
1195	\N	f	1024	851	1	PASSED	0	300	229
1196	\N	f	1024	874	1	PASSED	4	300	230
1197	\N	f	1024	902	1	PASSED	28	300	232
1198	\N	f	1024	836	0	FAILED	-1794917296	300	233
1199	\N	f	1024	1341	1	PASSED	96	301	165
1200	\N	f	1024	979	1	PASSED	-1000000	301	166
1201	\N	t	1024	833	1	PASSED	90	301	167
1202	\N	t	1024	823	0	FAILED	0	301	168
1203	\N	f	1024	530	20	PASSED	6	302	120
1204	\N	f	1024	492	15	PASSED	1	302	121
1205	\N	f	1024	304	15	PASSED	23	302	122
1206	\N	t	1024	305	25	PASSED	-1	302	123
1207	\N	f	1024	773	1	PASSED	[0,1]	303	109
1208	\N	f	1024	469	10	PASSED	[1,2]	303	110
1209	\N	t	1024	298	20	PASSED	[0,1]	303	111
1218	\N	f	1024	6666	\N	TIME_LIMIT_EXCEEDED	\N	306	128
1219	\N	f	1024	1000	15	PASSED	-321	306	129
1220	\N	f	1024	2736	15	PASSED	21	306	130
1221	\N	t	1024	773	25	PASSED	0	306	131
1243	\N	f	1024	1517	1	PASSED	4	313	219
1244	\N	f	1024	1196	1	PASSED	-1	313	220
1245	\N	t	1024	1108	1	PASSED	0	313	221
1246	\N	t	1024	2242	1	PASSED	0	313	222
1342	Cannot run program "docker": error=2, No such file or directory	f	1024	1	\N	RUNTIME_ERROR	\N	338	110
1343	Cannot run program "docker": error=2, No such file or directory	t	1024	1	\N	RUNTIME_ERROR	\N	338	111
1344	Cannot run program "docker": error=2, No such file or directory	f	1024	1	\N	RUNTIME_ERROR	\N	339	109
1345	Cannot run program "docker": error=2, No such file or directory	f	1024	1	\N	RUNTIME_ERROR	\N	339	110
1346	Cannot run program "docker": error=2, No such file or directory	t	1024	1	\N	RUNTIME_ERROR	\N	339	111
1347	Cannot run program "docker": error=2, No such file or directory	f	1024	1	\N	RUNTIME_ERROR	\N	340	109
1348	Cannot run program "docker": error=2, No such file or directory	f	1024	1	\N	RUNTIME_ERROR	\N	340	110
1349	Cannot run program "docker": error=2, No such file or directory	t	1024	1	\N	RUNTIME_ERROR	\N	340	111
1420	\N	f	1024	1313	2	PASSED	0	364	154
1421	\N	f	1024	1113	2	PASSED	2000	364	155
1422	\N	f	1024	1232	2	PASSED	-2000	364	156
1423	\N	f	1024	1210	2	PASSED	-750	364	157
1424	\N	f	1024	989	2	PASSED	0	364	158
1425	\N	f	1024	1282	2	PASSED	499	364	159
1426	\N	f	1024	1154	2	PASSED	0	369	154
1427	\N	f	1024	1022	2	PASSED	2000	369	155
1428	\N	f	1024	931	2	PASSED	-2000	369	156
1429	\N	f	1024	922	2	PASSED	-750	369	157
1430	\N	f	1024	902	2	PASSED	0	369	158
1431	\N	f	1024	852	2	PASSED	499	369	159
1432	\N	f	1024	1184	2	PASSED	0	366	154
1433	\N	f	1024	951	2	PASSED	2000	366	155
1434	\N	f	1024	890	2	PASSED	-2000	366	156
1101	\N	f	1024	3267	1	PASSED	300	256	160
1102	\N	f	1024	2754	0	FAILED	0	256	161
1210	\N	f	1024	3392	20	PASSED	6	304	120
1211	\N	f	1024	1162	15	PASSED	1	304	121
1212	\N	f	1024	940	15	PASSED	23	304	122
1213	\N	t	1024	2286	25	PASSED	-1	304	123
1214	\N	f	1024	1475	20	PASSED	6	305	120
1215	\N	f	1024	741	15	PASSED	1	305	121
1216	\N	f	1024	587	15	PASSED	23	305	122
1217	\N	t	1024	715	25	PASSED	-1	305	123
1222	\N	f	1024	991	15	PASSED	321	307	128
1223	\N	f	1024	948	15	PASSED	-321	307	129
1224	\N	f	1024	993	15	PASSED	21	307	130
1225	\N	t	1024	2161	25	PASSED	0	307	131
1226	\N	f	1024	1165	15	PASSED	321	308	128
1227	\N	f	1024	1537	15	PASSED	-321	308	129
1228	\N	f	1024	1711	15	PASSED	21	308	130
1229	\N	t	1024	875	25	PASSED	0	308	131
1247	\N	f	1024	2262	\N	TIME_LIMIT_EXCEEDED	\N	314	202
1248	\N	f	1024	1204	1	PASSED	2	314	203
1249	\N	t	1024	1683	1	PASSED	0	314	204
1250	\N	t	1024	2354	\N	TIME_LIMIT_EXCEEDED	\N	314	205
1251	\N	t	1024	1902	1	PASSED	55	314	206
1252	\N	f	1024	1421	1	PASSED	1	315	202
1253	\N	f	1024	1951	1	PASSED	2	315	203
1254	\N	t	1024	2211	\N	TIME_LIMIT_EXCEEDED	\N	315	204
1255	\N	t	1024	1973	1	PASSED	1	315	205
1256	\N	t	1024	1556	1	PASSED	55	315	206
1257	\N	f	1024	1520	1	PASSED	1	316	202
1258	\N	f	1024	1836	1	PASSED	2	316	203
1259	\N	t	1024	1218	1	PASSED	0	316	204
1260	\N	t	1024	1713	1	PASSED	1	316	205
1261	\N	t	1024	2246	\N	TIME_LIMIT_EXCEEDED	\N	316	206
1262	\N	f	1024	1396	1	PASSED	1	317	202
1263	\N	f	1024	2159	\N	TIME_LIMIT_EXCEEDED	\N	317	203
1264	\N	t	1024	1791	1	PASSED	0	317	204
1265	\N	t	1024	1996	1	PASSED	1	317	205
1266	\N	t	1024	1650	1	PASSED	55	317	206
1267	\N	f	1024	493	1	PASSED	1	318	202
1268	\N	f	1024	334	1	PASSED	2	318	203
1269	\N	t	1024	278	1	PASSED	0	318	204
1270	\N	t	1024	227	1	PASSED	1	318	205
1271	\N	t	1024	244	1	PASSED	55	318	206
1350	\N	f	1024	929	15	PASSED	321	341	128
1351	\N	f	1024	411	15	PASSED	-321	341	129
1352	\N	f	1024	456	15	PASSED	21	341	130
1353	\N	t	1024	368	25	PASSED	0	341	131
1354	\N	f	1024	1261	20	PASSED	6	342	120
1355	\N	f	1024	464	15	PASSED	1	342	121
1356	\N	f	1024	612	15	PASSED	23	342	122
1357	\N	t	1024	527	25	PASSED	-1	342	123
1358	\N	f	1024	535	1	PASSED	[0,1]	343	109
1359	\N	f	1024	447	10	PASSED	[1,2]	343	110
1360	\N	t	1024	465	20	PASSED	[0,1]	343	111
1361	\N	f	1024	972	1	PASSED	[0,1]	344	109
1362	\N	f	1024	1053	10	PASSED	[1,2]	344	110
1363	\N	t	1024	704	20	PASSED	[0,1]	344	111
1364	\N	f	1024	943	15	PASSED	3	345	112
1365	\N	f	1024	597	15	PASSED	1	345	113
1366	\N	f	1024	681	15	PASSED	3	345	114
1367	\N	t	1024	764	25	PASSED	0	345	115
1368	\N	f	1024	613	1	PASSED	[0,1]	346	109
1369	\N	f	1024	236	10	PASSED	[1,2]	346	110
1370	\N	t	1024	293	20	PASSED	[0,1]	346	111
1371	\N	f	1024	381	0	FAILED	[1,1]	347	109
1372	\N	f	1024	288	0	FAILED	[2,2]	347	110
1373	\N	f	1024	479	15	PASSED	true	348	136
1374	\N	f	1024	388	15	PASSED	false	348	137
1375	\N	f	1024	320	15	PASSED	true	348	138
1376	Cannot invoke "java.lang.Integer.intValue()" because the return value of "oj.onlineCodingCompetition.entity.TestCase.getMemoryLimit()" is null	t	1024	237	0	SYSTEM_ERROR	\N	348	139
1388	\N	f	1024	2012	1	PASSED	[0,1]	352	109
1389	\N	f	1024	1009	10	PASSED	[1,2]	352	110
1390	\N	t	1024	1804	20	PASSED	[0,1]	352	111
1391	\N	f	1024	556	1	PASSED	[0,1]	353	109
1392	\N	f	1024	470	10	PASSED	[1,2]	353	110
1393	\N	t	1024	466	20	PASSED	[0,1]	353	111
1394	\N	f	1024	874	0	FAILED	[1,1]	354	109
1395	\N	f	1024	662	0	FAILED	[2,2]	354	110
1396	\N	f	1024	1271	2	PASSED	0	355	154
1397	\N	f	1024	1120	2	PASSED	2000	355	155
1103	\N	f	1024	3764	2	PASSED	0	257	154
1104	\N	f	1024	8069	\N	TIME_LIMIT_EXCEEDED	\N	257	155
1105	\N	f	1024	8164	\N	TIME_LIMIT_EXCEEDED	\N	257	156
1106	\N	f	1024	6374	\N	TIME_LIMIT_EXCEEDED	\N	257	157
1107	\N	f	1024	5725	\N	TIME_LIMIT_EXCEEDED	\N	257	158
1108	\N	f	1024	3086	2	PASSED	499	257	159
1109	\N	f	1024	4410	2	PASSED	0	258	154
1110	\N	f	1024	3001	2	PASSED	2000	258	155
1111	\N	f	1024	2624	2	PASSED	-2000	258	156
1112	\N	f	1024	1842	2	PASSED	-750	258	157
1113	\N	f	1024	2632	2	PASSED	0	258	158
1114	\N	f	1024	2556	2	PASSED	499	258	159
1115	\N	f	1024	1286	2	PASSED	0	259	154
1116	\N	f	1024	824	2	PASSED	2000	259	155
1117	\N	f	1024	795	2	PASSED	-2000	259	156
1118	\N	f	1024	892	2	PASSED	-750	259	157
1119	\N	f	1024	834	2	PASSED	0	259	158
1120	\N	f	1024	1071	2	PASSED	499	259	159
1272	\N	f	1024	1818	2	PASSED	0	323	154
1273	\N	f	1024	1860	2	PASSED	2000	323	155
1274	\N	f	1024	1118	2	PASSED	-2000	323	156
1275	\N	f	1024	851	2	PASSED	-750	323	157
1276	\N	f	1024	864	2	PASSED	0	323	158
1277	\N	f	1024	1017	2	PASSED	499	323	159
1278	Traceback (most recent call last):\n  File "/app/code/Main.py", line 24, in <module>\n    result = solution.search(param0, param1)\nAttributeError: module 'solution' has no attribute 'search'\n	f	1024	382	\N	RUNTIME_ERROR	\N	324	219
1279	Traceback (most recent call last):\n  File "/app/code/Main.py", line 24, in <module>\n    result = solution.search(param0, param1)\nAttributeError: module 'solution' has no attribute 'search'\n	f	1024	246	\N	RUNTIME_ERROR	\N	324	220
1280	Traceback (most recent call last):\n  File "/app/code/Main.py", line 24, in <module>\n    result = solution.search(param0, param1)\nAttributeError: module 'solution' has no attribute 'search'\n	t	1024	312	\N	RUNTIME_ERROR	\N	324	221
1281	Traceback (most recent call last):\n  File "/app/code/Main.py", line 24, in <module>\n    result = solution.search(param0, param1)\nAttributeError: module 'solution' has no attribute 'search'\n	t	1024	291	\N	RUNTIME_ERROR	\N	324	222
1282	\N	f	1024	907	20	PASSED	6	320	120
1283	\N	f	1024	310	15	PASSED	1	320	121
1284	\N	f	1024	427	15	PASSED	23	320	122
1285	\N	t	1024	252	25	PASSED	-1	320	123
1286	\N	f	1024	339	20	PASSED	6	321	120
1287	\N	f	1024	290	15	PASSED	1	321	121
1288	\N	f	1024	240	15	PASSED	23	321	122
1289	\N	t	1024	297	25	PASSED	-1	321	123
1290	\N	f	1024	481	20	PASSED	6	322	120
1291	\N	f	1024	274	15	PASSED	1	322	121
1292	\N	f	1024	290	15	PASSED	23	322	122
1293	\N	t	1024	388	25	PASSED	-1	322	123
1294	Traceback (most recent call last):\n  File "/app/code/Main.py", line 24, in <module>\n    result = solution.search(param0, param1)\nAttributeError: module 'solution' has no attribute 'search'\n	f	1024	317	\N	RUNTIME_ERROR	\N	326	219
1295	Traceback (most recent call last):\n  File "/app/code/Main.py", line 24, in <module>\n    result = solution.search(param0, param1)\nAttributeError: module 'solution' has no attribute 'search'\n	f	1024	393	\N	RUNTIME_ERROR	\N	326	220
1296	Traceback (most recent call last):\n  File "/app/code/Main.py", line 24, in <module>\n    result = solution.search(param0, param1)\nAttributeError: module 'solution' has no attribute 'search'\n	t	1024	327	\N	RUNTIME_ERROR	\N	326	221
1297	Traceback (most recent call last):\n  File "/app/code/Main.py", line 24, in <module>\n    result = solution.search(param0, param1)\nAttributeError: module 'solution' has no attribute 'search'\n	t	1024	279	\N	RUNTIME_ERROR	\N	326	222
1298	\N	f	1024	492	20	PASSED	6	327	120
1299	\N	f	1024	293	15	PASSED	1	327	121
1300	\N	f	1024	262	15	PASSED	23	327	122
1301	\N	t	1024	354	25	PASSED	-1	327	123
1302	\N	f	1024	365	20	PASSED	6	328	120
1303	\N	f	1024	227	15	PASSED	1	328	121
1304	\N	f	1024	255	15	PASSED	23	328	122
1305	\N	t	1024	245	25	PASSED	-1	328	123
1377	\N	f	1024	482	20	PASSED	6	349	120
1378	\N	f	1024	731	15	PASSED	1	349	121
1379	\N	f	1024	704	15	PASSED	23	349	122
1380	\N	t	1024	732	25	PASSED	-1	349	123
1381	\N	f	1024	444	20	PASSED	6	350	120
1382	Traceback (most recent call last):\n  File "/app/code/Main.py", line 17, in <module>\n    result = solution.maxSubArray(param0)\n  File "/app/code/solution.py", line 4, in maxSubArray\n    max_sum = a[1]  # Khởi tạo tổng lớn nhất là phần tử đầu tiên\nIndexError: list index out of range\n	f	1024	333	\N	RUNTIME_ERROR	\N	350	121
1383	\N	f	1024	307	15	PASSED	23	350	122
1384	Traceback (most recent call last):\n  File "/app/code/Main.py", line 17, in <module>\n    result = solution.maxSubArray(param0)\n  File "/app/code/solution.py", line 4, in maxSubArray\n    max_sum = a[1]  # Khởi tạo tổng lớn nhất là phần tử đầu tiên\nIndexError: list index out of range\n	t	1024	297	\N	RUNTIME_ERROR	\N	350	123
1398	\N	f	1024	1179	2	PASSED	-2000	355	156
1435	\N	f	1024	1096	2	PASSED	-750	366	157
1436	\N	f	1024	926	2	PASSED	0	366	158
1437	\N	f	1024	1088	2	PASSED	499	366	159
1438	\N	f	1024	1185	2	PASSED	0	375	154
1439	\N	f	1024	1137	2	PASSED	2000	375	155
1440	\N	f	1024	881	2	PASSED	-2000	375	156
1441	\N	f	1024	880	2	PASSED	-750	375	157
1442	\N	f	1024	1000	2	PASSED	0	375	158
1443	\N	f	1024	915	2	PASSED	499	375	159
1444	\N	f	1024	996	2	PASSED	0	361	154
1445	\N	f	1024	860	2	PASSED	2000	361	155
1446	\N	f	1024	1094	2	PASSED	-2000	361	156
1447	\N	f	1024	863	2	PASSED	-750	361	157
1448	\N	f	1024	834	2	PASSED	0	361	158
1449	\N	f	1024	911	2	PASSED	499	361	159
1450	\N	f	1024	1003	2	PASSED	0	365	154
1451	\N	f	1024	1030	2	PASSED	2000	365	155
1452	\N	f	1024	948	2	PASSED	-2000	365	156
1453	\N	f	1024	1307	2	PASSED	-750	365	157
1454	\N	f	1024	883	2	PASSED	0	365	158
1455	\N	f	1024	931	2	PASSED	499	365	159
1456	\N	f	1024	973	2	PASSED	0	372	154
1457	\N	f	1024	1218	2	PASSED	2000	372	155
1458	\N	f	1024	965	2	PASSED	-2000	372	156
1459	\N	f	1024	1044	2	PASSED	-750	372	157
1460	\N	f	1024	948	2	PASSED	0	372	158
1461	\N	f	1024	877	2	PASSED	499	372	159
1462	\N	f	1024	989	2	PASSED	0	357	154
1463	\N	f	1024	799	2	PASSED	2000	357	155
1464	\N	f	1024	1054	2	PASSED	-2000	357	156
1465	\N	f	1024	832	2	PASSED	-750	357	157
1466	\N	f	1024	825	2	PASSED	0	357	158
1467	\N	f	1024	1276	2	PASSED	499	357	159
1468	\N	f	1024	861	2	PASSED	0	362	154
1469	\N	f	1024	814	2	PASSED	2000	362	155
1470	\N	f	1024	758	2	PASSED	-2000	362	156
1471	\N	f	1024	995	2	PASSED	-750	362	157
1472	\N	f	1024	981	2	PASSED	0	362	158
1473	\N	f	1024	1002	2	PASSED	499	362	159
1474	\N	f	1024	943	2	PASSED	0	374	154
1475	\N	f	1024	997	2	PASSED	2000	374	155
1476	\N	f	1024	831	2	PASSED	-2000	374	156
1477	\N	f	1024	837	2	PASSED	-750	374	157
1478	\N	f	1024	852	2	PASSED	0	374	158
1479	\N	f	1024	1020	2	PASSED	499	374	159
1480	\N	f	1024	984	2	PASSED	0	367	154
1481	\N	f	1024	938	2	PASSED	2000	367	155
1482	\N	f	1024	950	2	PASSED	-2000	367	156
1483	\N	f	1024	908	2	PASSED	-750	367	157
1484	\N	f	1024	818	2	PASSED	0	367	158
1485	\N	f	1024	891	2	PASSED	499	367	159
1486	\N	f	1024	1034	2	PASSED	0	358	154
1487	\N	f	1024	1102	2	PASSED	2000	358	155
1488	\N	f	1024	858	2	PASSED	-2000	358	156
1489	\N	f	1024	1566	2	PASSED	-750	358	157
1490	\N	f	1024	925	2	PASSED	0	358	158
1491	\N	f	1024	863	2	PASSED	499	358	159
1492	\N	f	1024	894	2	PASSED	0	368	154
1493	\N	f	1024	762	2	PASSED	2000	368	155
1494	\N	f	1024	785	2	PASSED	-2000	368	156
1495	\N	f	1024	770	2	PASSED	-750	368	157
1496	\N	f	1024	802	2	PASSED	0	368	158
1497	\N	f	1024	775	2	PASSED	499	368	159
1498	\N	f	1024	879	2	PASSED	0	371	154
1499	\N	f	1024	775	2	PASSED	2000	371	155
1500	\N	f	1024	848	2	PASSED	-2000	371	156
1501	\N	f	1024	798	2	PASSED	-750	371	157
1502	\N	f	1024	793	2	PASSED	0	371	158
1503	\N	f	1024	855	2	PASSED	499	371	159
1504	\N	f	1024	923	2	PASSED	0	378	154
1505	\N	f	1024	790	2	PASSED	2000	378	155
1506	\N	f	1024	892	2	PASSED	-2000	378	156
1507	\N	f	1024	969	2	PASSED	-750	378	157
1508	\N	f	1024	996	2	PASSED	0	378	158
1509	\N	f	1024	851	2	PASSED	499	378	159
1510	\N	f	1024	1011	2	PASSED	0	363	154
1511	\N	f	1024	1009	2	PASSED	2000	363	155
1512	\N	f	1024	947	2	PASSED	-2000	363	156
1513	\N	f	1024	803	2	PASSED	-750	363	157
1514	\N	f	1024	823	2	PASSED	0	363	158
1515	\N	f	1024	866	2	PASSED	499	363	159
1516	\N	f	1024	906	2	PASSED	0	383	154
1517	\N	f	1024	958	2	PASSED	2000	383	155
1518	\N	f	1024	863	2	PASSED	-2000	383	156
1519	\N	f	1024	812	2	PASSED	-750	383	157
1520	\N	f	1024	872	2	PASSED	0	383	158
1521	\N	f	1024	795	2	PASSED	499	383	159
1522	\N	f	1024	976	2	PASSED	0	388	154
1523	\N	f	1024	873	2	PASSED	2000	388	155
1524	\N	f	1024	895	2	PASSED	-2000	388	156
1525	\N	f	1024	1111	2	PASSED	-750	388	157
1526	\N	f	1024	1088	2	PASSED	0	388	158
1527	\N	f	1024	1040	2	PASSED	499	388	159
1528	\N	f	1024	951	2	PASSED	0	379	154
1529	\N	f	1024	947	2	PASSED	2000	379	155
1530	\N	f	1024	832	2	PASSED	-2000	379	156
1531	\N	f	1024	755	2	PASSED	-750	379	157
1532	\N	f	1024	831	2	PASSED	0	379	158
1533	\N	f	1024	815	2	PASSED	499	379	159
1534	\N	f	1024	910	2	PASSED	0	370	154
1535	\N	f	1024	781	2	PASSED	2000	370	155
1536	\N	f	1024	786	2	PASSED	-2000	370	156
1537	\N	f	1024	876	2	PASSED	-750	370	157
1538	\N	f	1024	888	2	PASSED	0	370	158
1539	\N	f	1024	824	2	PASSED	499	370	159
1540	\N	f	1024	952	2	PASSED	0	376	154
1541	\N	f	1024	790	2	PASSED	2000	376	155
1542	\N	f	1024	829	2	PASSED	-2000	376	156
1543	\N	f	1024	925	2	PASSED	-750	376	157
1544	\N	f	1024	941	2	PASSED	0	376	158
1545	\N	f	1024	1254	2	PASSED	499	376	159
1546	\N	f	1024	2907	2	PASSED	0	385	154
1547	\N	f	1024	1456	2	PASSED	2000	385	155
1548	\N	f	1024	1832	2	PASSED	-2000	385	156
1549	\N	f	1024	1432	2	PASSED	-750	385	157
1550	\N	f	1024	1849	2	PASSED	0	385	158
1551	\N	f	1024	920	2	PASSED	499	385	159
1552	\N	f	1024	913	2	PASSED	0	377	154
1553	\N	f	1024	1078	2	PASSED	2000	377	155
1554	\N	f	1024	884	2	PASSED	-2000	377	156
1555	\N	f	1024	800	2	PASSED	-750	377	157
1556	\N	f	1024	999	2	PASSED	0	377	158
1557	\N	f	1024	807	2	PASSED	499	377	159
1558	\N	f	1024	897	2	PASSED	0	373	154
1559	\N	f	1024	819	2	PASSED	2000	373	155
1560	\N	f	1024	775	2	PASSED	-2000	373	156
1561	\N	f	1024	1170	2	PASSED	-750	373	157
1562	\N	f	1024	1513	2	PASSED	0	373	158
1563	\N	f	1024	1079	2	PASSED	499	373	159
1564	\N	f	1024	1293	2	PASSED	0	391	154
1565	\N	f	1024	902	2	PASSED	2000	391	155
1566	\N	f	1024	987	2	PASSED	-2000	391	156
1567	\N	f	1024	963	2	PASSED	-750	391	157
1568	\N	f	1024	974	2	PASSED	0	391	158
1569	\N	f	1024	975	2	PASSED	499	391	159
1570	\N	f	1024	1039	2	PASSED	0	392	154
1571	\N	f	1024	889	2	PASSED	2000	392	155
1572	\N	f	1024	1047	2	PASSED	-2000	392	156
1573	\N	f	1024	930	2	PASSED	-750	392	157
1574	\N	f	1024	1386	2	PASSED	0	392	158
1575	\N	f	1024	1009	2	PASSED	499	392	159
1576	\N	f	1024	1118	2	PASSED	0	381	154
1577	\N	f	1024	943	2	PASSED	2000	381	155
1578	\N	f	1024	938	2	PASSED	-2000	381	156
1579	\N	f	1024	960	2	PASSED	-750	381	157
1580	\N	f	1024	1146	2	PASSED	0	381	158
1581	\N	f	1024	1091	2	PASSED	499	381	159
1582	\N	f	1024	961	2	PASSED	0	382	154
1583	\N	f	1024	846	2	PASSED	2000	382	155
1584	\N	f	1024	1007	2	PASSED	-2000	382	156
1585	\N	f	1024	911	2	PASSED	-750	382	157
1586	\N	f	1024	967	2	PASSED	0	382	158
1587	\N	f	1024	793	2	PASSED	499	382	159
1588	\N	f	1024	1822	2	PASSED	0	380	154
1589	\N	f	1024	2251	2	PASSED	2000	380	155
1590	\N	f	1024	2980	2	PASSED	-2000	380	156
1591	\N	f	1024	3469	2	PASSED	-750	380	157
1592	\N	f	1024	1398	2	PASSED	0	380	158
1593	\N	f	1024	1080	2	PASSED	499	380	159
1594	\N	f	1024	1120	2	PASSED	0	384	154
1595	\N	f	1024	1032	2	PASSED	2000	384	155
1596	\N	f	1024	974	2	PASSED	-2000	384	156
1597	\N	f	1024	1097	2	PASSED	-750	384	157
1598	\N	f	1024	905	2	PASSED	0	384	158
1599	\N	f	1024	924	2	PASSED	499	384	159
1600	\N	f	1024	832	2	PASSED	0	398	154
1601	\N	f	1024	980	2	PASSED	2000	398	155
1602	\N	f	1024	808	2	PASSED	-2000	398	156
1603	\N	f	1024	948	2	PASSED	-750	398	157
1604	\N	f	1024	1704	2	PASSED	0	398	158
1605	\N	f	1024	3053	2	PASSED	499	398	159
1606	\N	f	1024	1156	2	PASSED	0	386	154
1607	\N	f	1024	1225	2	PASSED	2000	386	155
1608	\N	f	1024	2987	2	PASSED	-2000	386	156
1609	\N	f	1024	9330	\N	TIME_LIMIT_EXCEEDED	\N	386	157
1610	\N	f	1024	3637	2	PASSED	0	386	158
1611	\N	f	1024	1408	2	PASSED	499	386	159
1612	\N	f	1024	1526	2	PASSED	0	393	154
1613	\N	f	1024	1185	2	PASSED	2000	393	155
1614	\N	f	1024	1860	2	PASSED	-2000	393	156
1615	\N	f	1024	1137	2	PASSED	-750	393	157
1616	\N	f	1024	1209	2	PASSED	0	393	158
1617	\N	f	1024	882	2	PASSED	499	393	159
1618	\N	f	1024	1541	2	PASSED	0	399	154
1619	\N	f	1024	963	2	PASSED	2000	399	155
1620	\N	f	1024	896	2	PASSED	-2000	399	156
1621	\N	f	1024	922	2	PASSED	-750	399	157
1622	\N	f	1024	930	2	PASSED	0	399	158
1623	\N	f	1024	895	2	PASSED	499	399	159
1624	\N	f	1024	1163	2	PASSED	0	404	154
1625	\N	f	1024	1089	2	PASSED	2000	404	155
1626	\N	f	1024	1196	2	PASSED	-2000	404	156
1627	\N	f	1024	883	2	PASSED	-750	404	157
1628	\N	f	1024	985	2	PASSED	0	404	158
1629	\N	f	1024	1038	2	PASSED	499	404	159
1630	\N	f	1024	1756	2	PASSED	0	454	154
1631	\N	f	1024	2474	2	PASSED	2000	454	155
1632	\N	f	1024	1035	2	PASSED	-2000	454	156
1633	\N	f	1024	879	2	PASSED	-750	454	157
1634	\N	f	1024	1061	2	PASSED	0	454	158
1635	\N	f	1024	873	2	PASSED	499	454	159
1636	\N	f	1024	983	2	PASSED	0	389	154
1637	\N	f	1024	984	2	PASSED	2000	389	155
1638	\N	f	1024	1620	2	PASSED	-2000	389	156
1639	\N	f	1024	1358	2	PASSED	-750	389	157
1640	\N	f	1024	1371	2	PASSED	0	389	158
1641	\N	f	1024	1907	2	PASSED	499	389	159
1642	\N	f	1024	1346	2	PASSED	0	457	154
1643	\N	f	1024	1081	2	PASSED	2000	457	155
1644	\N	f	1024	1231	2	PASSED	-2000	457	156
1645	\N	f	1024	1058	2	PASSED	-750	457	157
1646	\N	f	1024	1322	2	PASSED	0	457	158
1647	\N	f	1024	1530	2	PASSED	499	457	159
1648	\N	f	1024	1434	2	PASSED	0	387	154
1649	\N	f	1024	1411	2	PASSED	2000	387	155
1650	\N	f	1024	1497	2	PASSED	-2000	387	156
1651	\N	f	1024	1491	2	PASSED	-750	387	157
1652	\N	f	1024	1212	2	PASSED	0	387	158
1653	\N	f	1024	1737	2	PASSED	499	387	159
1654	\N	f	1024	3110	2	PASSED	0	397	154
1655	\N	f	1024	1108	2	PASSED	2000	397	155
1656	\N	f	1024	1571	2	PASSED	-2000	397	156
1657	\N	f	1024	1200	2	PASSED	-750	397	157
1658	\N	f	1024	957	2	PASSED	0	397	158
1659	\N	f	1024	1052	2	PASSED	499	397	159
1660	\N	f	1024	1015	2	PASSED	0	401	154
1661	\N	f	1024	971	2	PASSED	2000	401	155
1662	\N	f	1024	2234	2	PASSED	-2000	401	156
1663	\N	f	1024	13471	\N	TIME_LIMIT_EXCEEDED	\N	401	157
1664	\N	f	1024	14715	\N	TIME_LIMIT_EXCEEDED	\N	401	158
1665	\N	f	1024	2247	2	PASSED	499	401	159
1666	Command execution failed with exit code: 1\nError: Error response from daemon: container 15bc345d1a0cf51d0278efdc8a6f56e8b6da0f1bbbf9201899177ec83dde546b is not running\n	f	1024	1	\N	RUNTIME_ERROR	\N	646	154
1667	Command execution failed with exit code: 1\nError: Error response from daemon: container 2edf4324b85b74d15fa7f8e481c621141cd78ac76a5c80e8e61762b6bd1fd083 is not running\n	f	1024	1	\N	RUNTIME_ERROR	\N	646	155
1668	Command execution failed with exit code: 127\nError: 	f	1024	1	\N	RUNTIME_ERROR	\N	646	156
1669	Command execution failed with exit code: 127\nError: 	f	1024	1	\N	RUNTIME_ERROR	\N	646	157
1670	Command execution failed with exit code: 127\nError: 	f	1024	1	\N	RUNTIME_ERROR	\N	646	158
1671	Command execution failed with exit code: 127\nError: 	f	1024	1	\N	RUNTIME_ERROR	\N	646	159
1672	Failed to create container	f	1024	1	\N	RUNTIME_ERROR	\N	647	154
1673	Failed to create container	f	1024	1	\N	RUNTIME_ERROR	\N	647	155
1674	Failed to create container	f	1024	1	\N	RUNTIME_ERROR	\N	647	156
1675	Failed to create container	f	1024	1	\N	RUNTIME_ERROR	\N	647	157
1676	Failed to create container	f	1024	1	\N	RUNTIME_ERROR	\N	647	158
1677	Failed to create container	f	1024	1	\N	RUNTIME_ERROR	\N	647	159
1678	Failed to create container	f	1024	1	\N	RUNTIME_ERROR	\N	648	154
1679	Failed to create container	f	1024	1	\N	RUNTIME_ERROR	\N	648	155
1680	Failed to create container	f	1024	1	\N	RUNTIME_ERROR	\N	648	156
1681	Failed to create container	f	1024	1	\N	RUNTIME_ERROR	\N	648	157
1682	Failed to create container	f	1024	1	\N	RUNTIME_ERROR	\N	648	158
1683	Failed to create container	f	1024	1	\N	RUNTIME_ERROR	\N	648	159
\.


--
-- Data for Name: test_cases; Type: TABLE DATA; Schema: public; Owner: postgres
--

COPY public.test_cases (id, comparison_mode, depends_on, description, epsilon, expected_output_data, input_data, input_type, is_example, is_hidden, memory_limit, output_type, test_order, time_limit, weight, problem_id) FROM stdin;
9	EXACT	\N	Test case with positive numbers	\N	{"dataType": "int[]", "expectedOutput": "[0,1]"}	[{"input": "[2,7,11,15]", "dataType": "int[]"}, {"input": "9", "dataType": "int"}]	array,integer	t	f	262144	array	1	2000	1	3
10	EXACT	\N	Test case with different indices	\N	{"dataType": "int[]", "expectedOutput": "[1,2]"}	[{"input": "[3,2,4]", "dataType": "int[]"}, {"input": "6", "dataType": "int"}]	array,integer	t	f	262144	array	2	2000	1	3
11	EXACT	\N	Test case with negative numbers	\N	{"dataType": "int[]", "expectedOutput": "[1,2]"}	[{"input": "[-1,-2,-3,-4]", "dataType": "int[]"}, {"input": "-5", "dataType": "int"}]	array,integer	f	t	262144	array	3	2000	1	3
12	EXACT	\N	Test case with zero sum	\N	{"dataType": "int[]", "expectedOutput": "[0,1]"}	[{"input": "[0,0,1,2]", "dataType": "int[]"}, {"input": "0", "dataType": "int"}]	array,integer	f	t	262144	array	4	2000	1	3
13	EXACT	\N	Test case with spaces and mixed case	\N	{"dataType": "boolean", "expectedOutput": "true"}	[{"input": "A man a plan a canal Panama", "dataType": "string"}]	string	t	f	262144	boolean	1	1000	1	4
14	EXACT	\N	Test case with non-palindrome	\N	{"dataType": "boolean", "expectedOutput": "false"}	[{"input": "race a car", "dataType": "string"}]	string	t	f	262144	boolean	2	1000	1	4
15	EXACT	\N	Test case with empty string	\N	{"dataType": "boolean", "expectedOutput": "true"}	[{"input": "", "dataType": "string"}]	string	f	t	262144	boolean	3	1000	1	4
16	EXACT	\N	Test case with single character	\N	{"dataType": "boolean", "expectedOutput": "true"}	[{"input": "a", "dataType": "string"}]	string	f	t	262144	boolean	4	1000	1	4
22	\N	\N	Test case with positive numbers :3	\N	{"dataType": "int", "expectedOutput": "5"}	[{"input": "-3", "dataType": "int"}, {"input": "8", "dataType": "int"}]	integer	f	f	262144	integer	0	1000	1	6
28	EXACT	\N	test với số cơ bản	\N	{"dataType": "int", "expectedOutput": "4"}	[{"input": "5", "dataType": "int"}, {"input": "1", "dataType": "int"}]	integer	t	f	262144	integer	1	5000	1	7
23	EXACT	\N	Test case with two negative numbers	\N	{"dataType": "int", "expectedOutput": "-15"}	[{"input": "-10", "dataType": "int"}, {"input": "-5", "dataType": "int"}]	integer	t	f	262144	integer	3	5000	1	6
24	EXACT	\N	Test case with zeros	\N	{"dataType": "int", "expectedOutput": "0"}	[{"input": "0", "dataType": "int"}, {"input": "0", "dataType": "int"}]	integer	f	t	262144	integer	4	5000	1	6
25	EXACT	\N	Test case with large numbers	\N	{"dataType": "int", "expectedOutput": "2000000000"}	[{"input": "1000000000", "dataType": "int"}, {"input": "1000000000", "dataType": "int"}]	integer	f	t	262144	integer	5	5000	1	6
26	EXACT	\N	Test case with large negative numbers	\N	{"dataType": "int", "expectedOutput": "-2000000000"}	[{"input": "-1000000000", "dataType": "int"}, {"input": "-1000000000", "dataType": "int"}]	integer	f	t	262144	integer	6	5000	1	6
21	EXACT	\N	Test case with positive numbers :3	\N	{"dataType": "int", "expectedOutput": "12"}	[{"input": "5", "dataType": "int"}, {"input": "7", "dataType": "int"}]	integer	t	f	262144	integer	1	5000	1	6
27	EXACT	\N	Mô tả test case	\N	{"dataType": "int", "expectedOutput": "1"}	[{"input": "5", "dataType": "int"}, {"input": "4", "dataType": "int"}]	\N	f	f	262144	\N	0	5000	1	7
5	\N	\N	\N	\N	{"dataType": "String", "expectedOutput": "olleh"}	[{"input": "hello", "dataType": "String"}]	\N	f	f	262144	\N	0	1000	\N	2
6	\N	\N	\N	\N	{"dataType": "String", "expectedOutput": "ih"}	[{"input": "hi", "dataType": "String"}]	\N	f	f	262144	\N	0	1000	\N	2
7	EXACT	\N	Test case with single character	\N	{"dataType": "String", "expectedOutput": "\\"hello\\""}	[{"input": "a", "dataType": "String"}]	\N	f	t	262144	\N	3	1000	1	2
8	EXACT	\N	Test case with string containing spaces and special characters	\N	{"dataType": "String", "expectedOutput": "!dlroW olleH"}	[{"input": "Hello World!", "dataType": "String"}]	\N	f	t	262144	\N	4	1000	1	2
17	EXACT	\N	Test case with distinct numbers	\N	{"dataType": "int", "expectedOutput": "4"}	[{"input": "[1,2,3,4,5]", "dataType": "int[]"}]	\N	t	f	262144	\N	1	5000	1	5
18	EXACT	\N	Test case with all same numbers	\N	{"dataType": "int", "expectedOutput": "5"}	[{"input": "[5,5,5]", "dataType": "int[]"}]	\N	t	f	262144	\N	2	5000	1	5
19	EXACT	\N	Test case with single element	\N	{"dataType": "int", "expectedOutput": "1"}	[{"input": "[1]", "dataType": "int[]"}]	\N	f	t	262144	\N	3	5000	1	5
20	EXACT	\N	Test case with large numbers	\N	{"dataType": "int", "expectedOutput": "0"}	[{"input": "[-1000000000,0,1000000000]", "dataType": "int[]"}]	\N	f	t	262144	\N	4	5000	1	5
1	EXACT	\N	Test case with positive numbers	\N	{"dataType": "int", "expectedOutput": "5"}	[{"input": "[1,2,3,4,5]", "dataType": "int[]"}]	\N	t	f	262144	\N	1	5000	1	1
2	EXACT	\N	Test case with negative numbers	\N	{"dataType": "int", "expectedOutput": "-1"}	[{"input": "[-1,-2,-3,-4]", "dataType": "int[]"}]	\N	t	f	262144	\N	2	5000	1	1
3	EXACT	\N	Test case with single element	\N	{"dataType": "int", "expectedOutput": "0"}	[{"input": "[0]", "dataType": "int[]"}]	\N	f	t	262144	\N	3	5000	1	1
4	EXACT	\N	Test case with large numbers	\N	{"dataType": "int", "expectedOutput": "1000000000"}	[{"input": "[1000000000,-1000000000,0]", "dataType": "int[]"}]	\N	f	t	262144	\N	4	5000	1	1
44	EXACT	\N	Test case with empty string	\N	{"dataType": "string", "expectedOutput": ""}	[{"input": "", "dataType": "string"}]	string	t	f	262144	string	2	1000	1	14
45	EXACT	\N	Test case with single character	\N	{"dataType": "string", "expectedOutput": "a"}	[{"input": "a", "dataType": "string"}]	string	t	f	262144	string	3	1000	1	14
46	EXACT	\N	Test case with numeric string	\N	{"dataType": "string", "expectedOutput": "54321"}	[{"input": "12345", "dataType": "string"}]	string	f	t	262144	string	4	1000	1	14
47	EXACT	\N	Test case with mixed characters	\N	{"dataType": "string", "expectedOutput": "#@!321cba"}	[{"input": "abc123!@#", "dataType": "string"}]	string	f	t	262144	string	5	1000	1	14
48	EXACT	\N	Test case with long string of 100000 'a' characters (represented as 'aaaaaa' for brevity)	\N	{"dataType": "string", "expectedOutput": "aaaaaa"}	[{"input": "aaaaaa", "dataType": "string"}]	string	f	t	262144	string	6	1000	1	14
43	EXACT	\N	Test case with a simple string	\N	{"dataType": "string", "expectedOutput": "olleh"}	[{"input": "hello", "dataType": "string"}]	\N	t	f	262144	\N	1	5000	1	14
49	EXACT	\N	fasdfasd	\N	{"dataType": "int", "expectedOutput": "4"}	[{"input": "[1,2,3,4,5]", "dataType": "int[]"}]	array	t	f	262144	integer	1	1000	1	15
50	EXACT	\N	Test with distinct numbers	\N	{"dataType": "int", "expectedOutput": "4"}	[{"input": "[1,2,3,4,5]", "dataType": "int[]"}]	array	t	f	262144	integer	1	1000	1	16
61	EXACT	\N	ggfsgfsdg	\N	{"dataType": "boolean", "expectedOutput": "true"}	[{"input": "[1,2,3,2,1]", "dataType": "int[]"}]	int[]	t	f	262144	boolean	1	5000	1	22
51	EXACT	\N	test với mảng có số chẵn	\N	{"dataType": "int", "expectedOutput": "6"}	[{"input": "[1,2,3,4,5]", "dataType": "int[]"}]	\N	f	f	262144	\N	0	5000	1	17
52	EXACT	\N	test với mảng không có số chẵn	\N	{"dataType": "int", "expectedOutput": "0"}	[{"input": "[1,3,5]", "dataType": "int[]"}]	\N	f	t	262144	\N	2	5000	1	17
53	\N	\N	\N	\N	{"dataType": "int", "expectedOutput": "15"}	[{"input": "[1,2,3,4,5]", "dataType": "int[]"}]	\N	f	f	262144	\N	0	1000	\N	18
54	EXACT	\N	Test case with single element	\N	{"dataType": "int", "expectedOutput": "6"}	[{"input": "[-2,1,-3,4,-1,2,1,-5,4]", "dataType": "int[]"}]	\N	t	f	262144	\N	2	2000	1	18
55	EXACT	\N	Test case with all negative numbers	\N	{"dataType": "int", "expectedOutput": "1"}	[{"input": "[1]", "dataType": "int[]"}]	\N	f	t	262144	\N	3	2000	1	18
56	EXACT	\N	Test case with all positive numbers	\N	{"dataType": "int", "expectedOutput": "23"}	[{"input": "[5,4,-1,7,8]", "dataType": "int[]"}]	\N	f	t	262144	\N	4	5000	1	18
57	EXACT	\N	Test với mảng đối xứng	\N	{"dataType": "int", "expectedOutput": "4"}	[{"input": "[1,2,3,4,5]", "dataType": "int[]"}]	array	t	f	262144	integer	1	5000	1	19
58	EXACT	\N	Test with distinct numbers	\N	{"dataType": "int", "expectedOutput": "4"}	[{"input": "[1,2,3,4,5]", "dataType": "int[]"}]	array	t	f	262144	integer	2	1000	1	19
59	EXACT	\N	Test với mảng đối xứng	\N	{"dataType": "int", "expectedOutput": "4"}	[{"input": "[1,2,3,4,5]", "dataType": "int[]"}]	array	t	f	262144	integer	1	5000	1	20
60	EXACT	\N	Test với mảng đối xứng	\N	{"dataType": "int", "expectedOutput": "4"}	[{"input": "[1,2,3,4,5]", "dataType": "int[]"}]	array	t	f	262144	integer	1	5000	1	21
69	EXACT	\N	gsvdh	\N	{"dataType": "int", "expectedOutput": "3"}	[{"input": "[3,10,2,1,20]", "dataType": "int[]"}]	int[]	t	f	262144	int	1	1000	1	28
62	\N	\N	\N	\N	{"dataType": "long", "expectedOutput": "đfadsfd"}	[{"input": "[1,2,3,2,1,3]", "dataType": "int[]"}]	\N	f	f	262144	\N	0	1000	\N	23
63	EXACT	\N	fgsfdgd	\N	{"dataType": "int", "expectedOutput": "4"}	[{"input": "2", "dataType": "int"}, {"input": "2", "dataType": "int"}]	int	f	f	262144	int	1	5000	1	24
64	EXACT	\N	fasfdsfdaf	\N	{"dataType": "boolean", "expectedOutput": "gfgdfzgzfdfg"}	[{"input": "gfzdbzdgdf", "dataType": "int[]"}]	int[]	f	f	262144	boolean	1	5000	1	25
66	EXACT	\N	Test with distinct numbers	\N	{"dataType": "int", "expectedOutput": "6"}	[{"input": "[10,22,9,33,21,50,41,60,80]", "dataType": "int[]"}]	int[]	f	f	262144	int	2	5000	1	26
70	EXACT	\N	hvsfg	\N	{"dataType": "int", "expectedOutput": "6"}	[{"input": "[10,22,9,33,21,50,41,60,80]", "dataType": "int[]"}]	int[]	f	f	262144	int	2	1000	1	28
71	EXACT	\N	fasdfd	\N	{"dataType": "int", "expectedOutput": "3"}	[{"input": "[3,10,2,1,20]", "dataType": "int[]"}]	int[]	f	f	262144	int	1	1000	1	29
65	EXACT	\N	tesst	\N	{"dataType": "int", "expectedOutput": "3"}	[{"input": "[3,10,2,1,20]", "dataType": "int[]"}]	\N	f	f	262144	\N	1	5000	1	26
67	EXACT	\N	hgdshgd	\N	{"dataType": "int", "expectedOutput": "3"}	[{"input": "[3,10,2,1,20]", "dataType": "int[]"}]	\N	t	f	262144	\N	1	5000	1	27
68	EXACT	\N	hgshfgf	\N	{"dataType": "int", "expectedOutput": "6"}	[{"input": "[10,22,9,33,21,50,41,60,80]", "dataType": "int[]"}]	\N	f	f	262144	\N	2	5000	1	27
72	EXACT	\N	ghfd	\N	{"dataType": "int", "expectedOutput": "42"}	[{"input": "[10,22,9,33,21,50,41,60,80]", "dataType": "int[]"}]	\N	t	f	262144	\N	0	5000	1	29
73	EXACT	\N	fdafasf	\N	{"dataType": "int[]", "expectedOutput": "fadfa"}	[{"input": "adsfsadf", "dataType": "int[]"}]	int[]	f	f	262144	int[]	1	1000	1	30
75	EXACT	\N	Mảng số âm	\N	{"dataType": "int", "expectedOutput": "-1"}	[{"input": "[-1,-5,-3]", "dataType": "array"}]	array	t	f	262144	int	2	1000	1	34
76	EXACT	\N	Mảng 1 phần tử	\N	{"dataType": "int", "expectedOutput": "42"}	[{"input": "[42]", "dataType": "array"}]	array	f	t	262144	int	3	1000	1	34
77	EXACT	\N	Mảng số lớn	\N	{"dataType": "int", "expectedOutput": "300"}	[{"input": "[100,200,50,300,150]", "dataType": "array"}]	array	f	t	262144	int	4	1000	1	34
74	\N	\N	\N	\N	{"dataType": "int", "expectedOutput": "9"}	[{"input": "[1,5,3,9,2]", "dataType": "int[]"}]	\N	f	f	262144	\N	0	1000	\N	34
78	EXACT	\N	Mảng toàn số 0	\N	{"dataType": "int", "expectedOutput": "0"}	[{"input": "[0,0,0]", "dataType": "array"}]	array	f	t	262144	int	5	1000	1	34
79	EXACT	\N	Mảng hỗn hợp	\N	{"dataType": "int", "expectedOutput": "75"}	[{"input": "[-100,50,-200,75]", "dataType": "array"}]	array	f	t	262144	int	6	1000	1	34
80	EXACT	\N	Dãy tăng dần	\N	{"dataType": "int", "expectedOutput": "10"}	[{"input": "[1,2,3,4,5,6,7,8,9,10]", "dataType": "array"}]	array	f	t	262144	int	7	1000	1	34
81	EXACT	\N	Dãy giảm dần	\N	{"dataType": "int", "expectedOutput": "10"}	[{"input": "[10,9,8,7,6,5,4,3,2,1]", "dataType": "array"}]	array	f	t	262144	int	8	1000	1	34
82	EXACT	\N	Mảng số dương	\N	{"dataType": "int", "expectedOutput": "9"}	[{"input": "[1,5,3,9,2]", "dataType": "array"}]	array	t	f	262144	int	1	1000	1	35
83	EXACT	\N	Mảng số âm	\N	{"dataType": "int", "expectedOutput": "-1"}	[{"input": "[-1,-5,-3]", "dataType": "array"}]	array	t	f	262144	int	2	1000	1	35
84	EXACT	\N	Mảng 1 phần tử	\N	{"dataType": "int", "expectedOutput": "42"}	[{"input": "[42]", "dataType": "array"}]	array	f	t	262144	int	3	1000	1	35
85	EXACT	\N	Mảng số lớn	\N	{"dataType": "int", "expectedOutput": "300"}	[{"input": "[100,200,50,300,150]", "dataType": "array"}]	array	f	t	262144	int	4	1000	1	35
86	EXACT	\N	Mảng toàn số 0	\N	{"dataType": "int", "expectedOutput": "0"}	[{"input": "[0,0,0]", "dataType": "array"}]	array	f	t	262144	int	5	1000	1	35
87	EXACT	\N	Mảng hỗn hợp	\N	{"dataType": "int", "expectedOutput": "75"}	[{"input": "[-100,50,-200,75]", "dataType": "array"}]	array	f	t	262144	int	6	1000	1	35
88	EXACT	\N	Dãy tăng dần	\N	{"dataType": "int", "expectedOutput": "10"}	[{"input": "[1,2,3,4,5,6,7,8,9,10]", "dataType": "array"}]	array	f	t	262144	int	7	1000	1	35
89	EXACT	\N	Dãy giảm dần	\N	{"dataType": "int", "expectedOutput": "10"}	[{"input": "[10,9,8,7,6,5,4,3,2,1]", "dataType": "array"}]	array	f	t	262144	int	8	1000	1	35
94	EXACT	\N	Mảng số âm	\N	{"dataType": "int", "expectedOutput": "-6"}	[{"input": "[-1,-2,-3]", "dataType": "array"}]	array	f	t	262144	int	5	1000	1	36
95	EXACT	\N	Số lớn	\N	{"dataType": "int", "expectedOutput": "3000000"}	[{"input": "[1000000,2000000]", "dataType": "array"}]	array	f	t	262144	int	6	1000	1	36
96	EXACT	\N	Mảng toàn số 0	\N	{"dataType": "int", "expectedOutput": "0"}	[{"input": "[0,0,0,0]", "dataType": "array"}]	array	f	t	262144	int	7	1000	1	36
97	EXACT	\N	Mảng 10 phần tử	\N	{"dataType": "int", "expectedOutput": "55"}	[{"input": "[1,2,3,4,5,6,7,8,9,10]", "dataType": "array"}]	array	f	t	262144	int	8	1000	1	36
90	EXACT	\N	Tổng mảng 3 phần tử	\N	{"dataType": "int", "expectedOutput": "6"}	[{"input": "[1,2,3]", "dataType": "int[]"}]	\N	t	f	262144	\N	1	1000	1	36
91	EXACT	\N	Tổng mảng 4 phần tử	\N	{"dataType": "int", "expectedOutput": "50"}	[{"input": "[5,10,15,20]", "dataType": "int[]"}]	\N	t	f	262144	\N	2	1000	1	36
92	EXACT	\N	Mảng rỗng	\N	{"dataType": "int", "expectedOutput": "0"}	[{"input": "[]", "dataType": "int[]"}]	\N	f	t	262144	\N	3	1000	1	36
93	EXACT	\N	Mảng 1 phần tử	\N	{"dataType": "int", "expectedOutput": "100"}	[{"input": "[100]", "dataType": "int[]"}]	\N	f	t	262144	\N	4	1000	1	36
98	EXACT	\N	Tổng mảng 3 phần tử	\N	{"dataType": "int", "expectedOutput": "6"}	[{"input": "[1,2,3]", "dataType": "array"}]	array	t	f	262144	int	1	5000	1	37
99	EXACT	\N	Tổng mảng 4 phần tử	\N	{"dataType": "int", "expectedOutput": "50"}	[{"input": "[5,10,15,20]", "dataType": "array"}]	array	t	f	262144	int	2	5000	1	37
100	EXACT	\N	Mảng rỗng	\N	{"dataType": "int", "expectedOutput": "0"}	[{"input": "[]", "dataType": "array"}]	array	f	t	262144	int	3	5000	1	37
101	EXACT	\N	Mảng 1 phần tử	\N	{"dataType": "int", "expectedOutput": "100"}	[{"input": "[100]", "dataType": "array"}]	array	f	t	262144	int	4	5000	1	37
102	EXACT	\N	Mảng số âm	\N	{"dataType": "int", "expectedOutput": "-6"}	[{"input": "[-1,-2,-3]", "dataType": "array"}]	array	f	t	262144	int	5	5000	1	37
103	EXACT	\N	Số lớn	\N	{"dataType": "int", "expectedOutput": "3000000"}	[{"input": "[1000000,2000000]", "dataType": "array"}]	array	f	t	262144	int	6	5000	1	37
104	EXACT	\N	Mảng toàn số 0	\N	{"dataType": "int", "expectedOutput": "0"}	[{"input": "[0,0,0,0]", "dataType": "array"}]	array	f	t	262144	int	7	5000	1	37
105	EXACT	\N	Mảng 10 phần tử	\N	{"dataType": "int", "expectedOutput": "55"}	[{"input": "[1,2,3,4,5,6,7,8,9,10]", "dataType": "array"}]	array	f	t	262144	int	8	5000	1	37
111	EXACT	\N	Hidden test case: duplicate numbers	\N	{"dataType": "int[]", "expectedOutput": "[0,1]"}	[{"input": "[3,3]", "dataType": "int[]"}, {"input": "6", "dataType": "int"}]	\N	f	t	262144	\N	3	5000	20	40
124	\N	\N	Example 1: x = 121	\N	{"dataType": "boolean", "expectedOutput": "true"}	[{"input": "121", "dataType": "int"}]	\N	t	f	262144	\N	1	5000	15	44
109	EXACT	\N	hihi	\N	{"dataType": "int[]", "expectedOutput": "[0,1]"}	[{"input": "[2,7,11,15]", "dataType": "int[]"}, {"input": "9", "dataType": "int"}]	\N	f	f	262144	\N	0	5000	1	40
110	EXACT	\N	Example 2: nums = [3,2,4], target = 6	\N	{"dataType": "int[]", "expectedOutput": "[1,2]"}	[{"input": "[3,2,4]", "dataType": "int[]"}, {"input": "6", "dataType": "int"}]	\N	t	f	262144	\N	2	5000	10	40
126	\N	\N	Example 3: x = 10	\N	{"dataType": "boolean", "expectedOutput": "false"}	[{"input": "10", "dataType": "int"}]	\N	t	f	262144	\N	3	5000	15	44
128	\N	\N	Example 1: x = 123	\N	{"dataType": "int", "expectedOutput": "321"}	[{"input": "123", "dataType": "int"}]	\N	t	f	262144	\N	1	5000	15	45
133	\N	\N	Example 2: prices = [7,6,4,3,1]	\N	{"dataType": "int", "expectedOutput": "0"}	[{"input": "[7,6,4,3,1]", "dataType": "int[]"}]	\N	t	f	262144	\N	2	5000	20	46
137	\N	\N	Example 2: nums = [1,2,3,4]	\N	{"dataType": "boolean", "expectedOutput": "false"}	[{"input": "[1,2,3,4]", "dataType": "int[]"}]	\N	t	f	262144	\N	2	5000	15	47
122	\N	\N	Example 3: nums = [5,4,-1,7,8]	\N	{"dataType": "int", "expectedOutput": "23"}	[{"input": "[5,4,-1,7,8]", "dataType": "int[]"}]	\N	t	f	262144	\N	3	5000	15	43
136	\N	\N	Example 1: nums = [1,2,3,1]	\N	{"dataType": "boolean", "expectedOutput": "true"}	[{"input": "[1,2,3,1]", "dataType": "int[]"}]	\N	t	f	262144	\N	1	5000	15	47
114	\N	\N	Example 3: s = "pwwkew"	\N	{"dataType": "int", "expectedOutput": "3"}	[{"input": "pwwkew", "dataType": "String"}]	\N	t	f	262144	\N	3	5000	15	41
132	\N	\N	Example 1: prices = [7,1,5,3,6,4]	\N	{"dataType": "int", "expectedOutput": "5"}	[{"input": "[7,1,5,3,6,4]", "dataType": "int[]"}]	\N	t	f	262144	\N	1	5000	20	46
118	\N	\N	Example 3: s = "(]"	\N	{"dataType": "boolean", "expectedOutput": "false"}	[{"input": "(]", "dataType": "String"}]	\N	t	f	262144	\N	3	5000	10	42
125	\N	\N	Example 2: x = -121	\N	{"dataType": "boolean", "expectedOutput": "false"}	[{"input": "-121", "dataType": "int"}]	\N	t	f	262144	\N	2	5000	15	44
113	\N	\N	Example 2: s = "bbbbb"	\N	{"dataType": "int", "expectedOutput": "1"}	[{"input": "bbbbb", "dataType": "String"}]	\N	t	f	262144	\N	2	5000	15	41
127	\N	\N	Edge case: x = 0	\N	{"dataType": "boolean", "expectedOutput": "true"}	[{"input": "0", "dataType": "int"}]	\N	f	t	262144	\N	4	5000	25	44
121	\N	\N	Example 2: nums = [1]	\N	{"dataType": "int", "expectedOutput": "1"}	[{"input": "[1]", "dataType": "int[]"}]	\N	t	f	262144	\N	2	5000	15	43
117	\N	\N	Example 2: s = "()[]{}"	\N	{"dataType": "boolean", "expectedOutput": "true"}	[{"input": "()[]{}", "dataType": "String"}]	\N	t	f	262144	\N	2	5000	10	42
123	\N	\N	Edge case: single negative number	\N	{"dataType": "int", "expectedOutput": "-1"}	[{"input": "[-1]", "dataType": "int[]"}]	\N	f	t	262144	\N	4	5000	25	43
108	\N	\N	Hidden test case: duplicate numbers	\N	{"dataType": "int[]", "expectedOutput": "[0,1]"}	[{"input": "[3,3]", "dataType": "int[]"}, {"input": 6, "dataType": "int"}]	\N	f	t	262144	\N	3	5000	20	39
120	\N	\N	Example 1: nums = [-2,1,-3,4,-1,2,1,-5,4]	\N	{"dataType": "int", "expectedOutput": "6"}	[{"input": "[-2,1,-3,4,-1,2,1,-5,4]", "dataType": "int[]"}]	\N	t	f	262144	\N	1	5000	20	43
116	\N	\N	Example 1: s = "()"	\N	{"dataType": "boolean", "expectedOutput": "true"}	[{"input": "()", "dataType": "String"}]	\N	t	f	262144	\N	1	5000	10	42
134	\N	\N	Simple case: two elements	\N	{"dataType": "int", "expectedOutput": "1"}	[{"input": "[1,2]", "dataType": "int[]"}]	\N	f	t	262144	\N	3	5000	15	46
115	\N	\N	Edge case: empty string	\N	{"dataType": "int", "expectedOutput": "0"}	[{"input": "", "dataType": "String"}]	\N	f	t	262144	\N	4	5000	25	41
212	EXACT	\N	Example 2: Single element	\N	{"dataType": "int", "expectedOutput": "1"}	[{"input": "[1]", "dataType": "int[]"}]	int[]	t	f	262144	int	2	4000	1	88
213	EXACT	\N	All positive except one negative	\N	{"dataType": "int", "expectedOutput": "23"}	[{"input": "[5,4,-1,7,8]", "dataType": "int[]"}]	int[]	f	t	262144	int	3	4000	1	88
214	EXACT	\N	Single negative element	\N	{"dataType": "int", "expectedOutput": "-1"}	[{"input": "[-1]", "dataType": "int[]"}]	int[]	f	t	262144	int	4	4000	1	88
215	EXACT	\N	Example 1: "hello" reversed	\N	{"dataType": "String[]", "expectedOutput": "[\\"o\\",\\"l\\",\\"l\\",\\"e\\",\\"h\\"]"}	[{"input": "[\\"h\\",\\"e\\",\\"l\\",\\"l\\",\\"o\\"]", "dataType": "String[]"}]	String[]	t	f	262144	String[]	1	2000	1	89
216	EXACT	\N	Example 2: "Hannah" reversed	\N	{"dataType": "String[]", "expectedOutput": "[\\"h\\",\\"a\\",\\"n\\",\\"n\\",\\"a\\",\\"H\\"]"}	[{"input": "[\\"H\\",\\"a\\",\\"n\\",\\"n\\",\\"a\\",\\"h\\"]", "dataType": "String[]"}]	String[]	t	f	262144	String[]	2	2000	1	89
217	EXACT	\N	Single character	\N	{"dataType": "String[]", "expectedOutput": "[\\"A\\"]"}	[{"input": "[\\"A\\"]", "dataType": "String[]"}]	String[]	f	t	262144	String[]	3	2000	1	89
218	EXACT	\N	Two characters	\N	{"dataType": "String[]", "expectedOutput": "[\\"b\\",\\"a\\"]"}	[{"input": "[\\"a\\",\\"b\\"]", "dataType": "String[]"}]	String[]	f	t	262144	String[]	4	2000	1	89
219	EXACT	\N	Example 1: Target found at index 4	\N	{"dataType": "int", "expectedOutput": "4"}	[{"input": "[-1,0,3,5,9,12]", "dataType": "int[]"}, {"input": "9", "dataType": "int"}]	int[]	t	f	262144	int	1	3000	1	90
220	EXACT	\N	Example 2: Target not found	\N	{"dataType": "int", "expectedOutput": "-1"}	[{"input": "[-1,0,3,5,9,12]", "dataType": "int[]"}, {"input": "2", "dataType": "int"}]	int[]	t	f	262144	int	2	3000	1	90
221	EXACT	\N	Single element found	\N	{"dataType": "int", "expectedOutput": "0"}	[{"input": "[5]", "dataType": "int[]"}, {"input": "5", "dataType": "int"}]	int[]	f	t	262144	int	3	3000	1	90
222	EXACT	\N	Target at first position	\N	{"dataType": "int", "expectedOutput": "0"}	[{"input": "[1,3,5,7,9]", "dataType": "int[]"}, {"input": "1", "dataType": "int"}]	int[]	f	t	262144	int	4	3000	1	90
138	\N	\N	Example 3: nums = [1,1,1,3,3,4,3,2,4,2]	\N	{"dataType": "boolean", "expectedOutput": "true"}	[{"input": "[1,1,1,3,3,4,3,2,4,2]", "dataType": "int[]"}]	\N	t	f	262144	\N	3	5000	15	47
119	\N	\N	Hidden test case: wrong order	\N	{"dataType": "boolean", "expectedOutput": "false"}	[{"input": "([)]", "dataType": "String"}]	\N	f	t	262144	\N	4	5000	20	42
112	\N	\N	Example 1: s = "abcabcbb"	\N	{"dataType": "int", "expectedOutput": "3"}	[{"input": "abcabcbb", "dataType": "String"}]	\N	t	f	262144	\N	1	5000	15	41
139	\N	\N	Edge case: single element	\N	{"dataType": "boolean", "expectedOutput": "false"}	[{"input": "[1]", "dataType": "int[]"}]	\N	f	t	\N	\N	4	5000	25	47
131	\N	\N	Overflow case	\N	{"dataType": "int", "expectedOutput": "0"}	[{"input": "1534236469", "dataType": "int"}]	\N	f	t	262144	\N	4	5000	25	45
129	\N	\N	Example 2: x = -123	\N	{"dataType": "int", "expectedOutput": "-321"}	[{"input": "-123", "dataType": "int"}]	\N	t	f	262144	\N	2	5000	15	45
135	\N	\N	Complex case with multiple peaks	\N	{"dataType": "int", "expectedOutput": "2"}	[{"input": "[2,1,2,1,0,1,2]", "dataType": "int[]"}]	\N	f	t	262144	\N	4	5000	25	46
106	\N	\N	Example 1: nums = [2,7,11,15], target = 9	\N	{"dataType": "int[]", "expectedOutput": "[0,1]"}	[{"input": "[2,7,11,15]", "dataType": "int[]"}, {"input": 9, "dataType": "int"}]	\N	t	f	262144	\N	1	5000	10	39
130	\N	\N	Example 3: x = 120	\N	{"dataType": "int", "expectedOutput": "21"}	[{"input": "120", "dataType": "int"}]	\N	t	f	262144	\N	3	5000	15	45
107	\N	\N	Example 2: nums = [3,2,4], target = 6	\N	{"dataType": "int[]", "expectedOutput": "[1,2]"}	[{"input": "[3,2,4]", "dataType": "int[]"}, {"input": 6, "dataType": "int"}]	\N	t	f	262144	\N	2	5000	10	39
140	EXACT	\N	Cộng hai số nguyên dương nhỏ.	\N	{"dataType": "int", "expectedOutput": "5"}	[{"input": "2", "dataType": "int"}, {"input": "3", "dataType": "int"}]	multiple	t	f	262144	int	1	5000	1	48
141	EXACT	\N	Một số âm và một số dương.	\N	{"dataType": "int", "expectedOutput": "5"}	[{"input": "-7", "dataType": "int"}, {"input": "12", "dataType": "int"}]	multiple	t	f	262144	int	2	5000	1	48
142	EXACT	\N	Cả hai số đều là 0 (trường hợp biên dưới).	\N	{"dataType": "string", "expectedOutput": ""}	[{"input": "0", "dataType": "int"}, {"input": "0", "dataType": "int"}]	multiple	f	t	262144	string	3	5000	1	48
143	EXACT	\N	Số lớn nhất và nhỏ nhất triệt tiêu nhau.	\N	{"dataType": "string", "expectedOutput": ""}	[{"input": "1000000000", "dataType": "int"}, {"input": "-1000000000", "dataType": "int"}]	multiple	f	t	262144	string	4	5000	1	48
144	EXACT	\N	Cộng hai số âm lớn nhất và nhỏ nhất trong giới hạn.	\N	{"dataType": "int", "expectedOutput": "-1000000000"}	[{"input": "-999999999", "dataType": "int"}, {"input": "-1", "dataType": "int"}]	multiple	f	t	262144	int	5	5000	1	48
145	EXACT	\N	Hai số nguyên dương nhỏ.	\N	{"dataType": "int", "expectedOutput": "579"}	[{"input": "123", "dataType": "int"}, {"input": "456", "dataType": "int"}]	multiple	t	f	262144	int	1	5000	1	49
148	EXACT	\N	Một số gần max, một số nhỏ dương.	\N	{"dataType": "int", "expectedOutput": "1000000000"}	[{"input": "999999999", "dataType": "int"}, {"input": "1", "dataType": "int"}]	multiple	f	t	262144	int	4	5000	1	49
149	EXACT	\N	Hai số âm nhỏ cho tổng âm.	\N	{"dataType": "int", "expectedOutput": "-1000"}	[{"input": "-800", "dataType": "int"}, {"input": "-200", "dataType": "int"}]	multiple	f	t	262144	int	5	5000	1	49
150	EXACT	\N	Hai số dương lớn bằng nhau cho tổng max.	\N	{"dataType": "int", "expectedOutput": "1000000000"}	[{"input": "500000000", "dataType": "int"}, {"input": "500000000", "dataType": "int"}]	multiple	f	t	262144	int	6	5000	1	49
151	EXACT	\N	Một số âm nhỏ, một số là 0.	\N	{"dataType": "int", "expectedOutput": "-100"}	[{"input": "-100", "dataType": "int"}, {"input": "0", "dataType": "int"}]	multiple	f	t	262144	int	7	5000	1	49
152	EXACT	\N	Hai số âm gần min, tổng là min.	\N	{"dataType": "int", "expectedOutput": "-1000000000"}	[{"input": "-999999999", "dataType": "int"}, {"input": "-1", "dataType": "int"}]	multiple	f	t	262144	int	8	5000	1	49
153	EXACT	\N	Một số dương nhỏ, một số âm nhỏ, tổng bằng 0.	\N	{"dataType": "int", "expectedOutput": "0"}	[{"input": "1", "dataType": "int"}, {"input": "-1", "dataType": "int"}]	\N	f	t	262144	\N	9	5000	1	49
146	EXACT	\N	Một số âm nhỏ, một số dương nhỏ.	\N	{"dataType": "int", "expectedOutput": "7"}	[{"input": "-8", "dataType": "int"}, {"input": "15", "dataType": "int"}]	\N	t	f	262144	\N	2	5000	1	49
147	EXACT	\N	Số âm lớn nhất và số dương lớn nhất cùng giá trị tuyệt đối.	\N	{"dataType": "int", "expectedOutput": "0"}	[{"input": "-1000000000", "dataType": "int"}, {"input": "1000000000", "dataType": "int"}]	\N	f	f	262144	\N	3	5000	1	49
154	EXACT	\N	Cả hai số đều là 0 (edge case nhỏ nhất).	\N	{"dataType": "int", "expectedOutput": "0"}	[{"input": "0", "dataType": "int"}, {"input": "0", "dataType": "int"}]	multiple	t	f	262144	string	1	5000	2	50
155	EXACT	\N	Cả hai số đều đạt giá trị lớn nhất.	\N	{"dataType": "int", "expectedOutput": "2000"}	[{"input": "1000", "dataType": "int"}, {"input": "1000", "dataType": "int"}]	multiple	t	f	262144	int	2	5000	2	50
156	EXACT	\N	Cả hai số đều đạt giá trị nhỏ nhất.	\N	{"dataType": "int", "expectedOutput": "-2000"}	[{"input": "-1000", "dataType": "int"}, {"input": "-1000", "dataType": "int"}]	multiple	f	f	262144	int	3	5000	2	50
157	EXACT	\N	Một số dương nhỏ, một số âm lớn (trường hợp đối lập trong giới hạn).	\N	{"dataType": "int", "expectedOutput": "-750"}	[{"input": "250", "dataType": "int"}, {"input": "-1000", "dataType": "int"}]	multiple	f	f	262144	int	4	5000	2	50
158	EXACT	\N	Một số âm và một số dương triệt tiêu nhau.	\N	{"dataType": "int", "expectedOutput": "0"}	[{"input": "-1", "dataType": "int"}, {"input": "1", "dataType": "int"}]	multiple	f	f	262144	string	5	5000	2	50
159	EXACT	\N	Một số ở sát đỉnh cao nhất, số kia âm ở giữa phạm vi.	\N	{"dataType": "int", "expectedOutput": "499"}	[{"input": "999", "dataType": "int"}, {"input": "-500", "dataType": "int"}]	multiple	f	f	262144	int	6	5000	2	50
160	EXACT	\N	Cả hai số đều dương, số thứ nhất lớn hơn.	\N	{"dataType": "int", "expectedOutput": "300"}	[{"input": "500", "dataType": "int"}, {"input": "200", "dataType": "int"}]	multiple	t	f	262144	int	1	5000	1	51
161	EXACT	\N	Cả hai số đều bằng giá trị âm nhỏ nhất.	\N	{"dataType": "int", "expectedOutput": "-2000"}	[{"input": "-1000", "dataType": "int"}, {"input": "-1000", "dataType": "int"}]	multiple	t	f	262144	string	2	5000	1	51
162	EXACT	\N	Số thứ nhất là 0, số thứ hai là giá trị lớn nhất.	\N	{"dataType": "int", "expectedOutput": "-1000"}	[{"input": "0", "dataType": "int"}, {"input": "1000", "dataType": "int"}]	multiple	f	f	262144	int	3	5000	1	51
163	EXACT	\N	Số thứ nhất là giá trị lớn nhất, số thứ hai là nhỏ nhất.	\N	{"dataType": "int", "expectedOutput": "2000"}	[{"input": "1000", "dataType": "int"}, {"input": "-1000", "dataType": "int"}]	multiple	f	f	262144	int	4	5000	1	51
164	EXACT	\N	Số thứ nhất âm, số thứ hai dương, kết quả là nhỏ nhất giới hạn.	\N	{"dataType": "int", "expectedOutput": "-1000"}	[{"input": "-300", "dataType": "int"}, {"input": "700", "dataType": "int"}]	multiple	f	f	262144	int	5	5000	1	51
165	EXACT	\N	Cả hai số nguyên dương nhỏ.	\N	{"dataType": "int", "expectedOutput": "96"}	[{"input": "12", "dataType": "int"}, {"input": "8", "dataType": "int"}]	multiple	t	f	262144	int	1	5000	1	52
166	EXACT	\N	Một số là giá trị âm nhỏ nhất, một số là dương lớn nhất.	\N	{"dataType": "int", "expectedOutput": "-1000000"}	[{"input": "-1000", "dataType": "int"}, {"input": "1000", "dataType": "int"}]	multiple	t	f	262144	int	2	5000	1	52
167	EXACT	\N	Cả hai số âm, kết quả là dương.	\N	{"dataType": "int", "expectedOutput": "90"}	[{"input": "-45", "dataType": "int"}, {"input": "-2", "dataType": "int"}]	multiple	f	t	262144	int	3	5000	1	52
168	EXACT	\N	Số lớn nhất nhân với 0.	\N	{"dataType": "string", "expectedOutput": ""}	[{"input": "1000", "dataType": "int"}, {"input": "0", "dataType": "int"}]	multiple	f	t	262144	string	4	5000	1	52
198	EXACT	\N	Example 1: nums = [2,7,11,15], target = 9	\N	{"dataType": "int[]", "expectedOutput": "[0,1]"}	[{"input": "[2,7,11,15]", "dataType": "int[]"}, {"input": "9", "dataType": "int"}]	int[]	t	f	262144	int[]	1	5000	1	85
199	EXACT	\N	Example 2: nums = [3,2,4], target = 6	\N	{"dataType": "int[]", "expectedOutput": "[1,2]"}	[{"input": "[3,2,4]", "dataType": "int[]"}, {"input": "6", "dataType": "int"}]	int[]	t	f	262144	int[]	2	5000	1	85
200	EXACT	\N	Hidden test: duplicate numbers	\N	{"dataType": "int[]", "expectedOutput": "[0,1]"}	[{"input": "[3,3]", "dataType": "int[]"}, {"input": "6", "dataType": "int"}]	int[]	f	t	262144	int[]	3	5000	1	85
201	EXACT	\N	Hidden test: larger array	\N	{"dataType": "int[]", "expectedOutput": "[2,4]"}	[{"input": "[1,2,3,4,5]", "dataType": "int[]"}, {"input": "8", "dataType": "int"}]	int[]	f	t	262144	int[]	4	5000	1	85
207	EXACT	\N	Example 1: Valid palindrome with mixed case and punctuation	\N	{"dataType": "boolean", "expectedOutput": "true"}	[{"input": "A man, a plan, a canal: Panama", "dataType": "String"}]	String	t	f	262144	boolean	1	3000	1	87
208	EXACT	\N	Example 2: Not a palindrome	\N	{"dataType": "boolean", "expectedOutput": "false"}	[{"input": "race a car", "dataType": "String"}]	String	t	f	262144	boolean	2	3000	1	87
209	EXACT	\N	Empty string after cleanup	\N	{"dataType": "boolean", "expectedOutput": "true"}	[{"input": " ", "dataType": "String"}]	String	f	t	262144	boolean	3	3000	1	87
210	EXACT	\N	Simple palindrome with mixed case	\N	{"dataType": "boolean", "expectedOutput": "true"}	[{"input": "Madam", "dataType": "String"}]	String	f	t	262144	boolean	4	3000	1	87
211	EXACT	\N	Example 1: Mixed positive and negative numbers	\N	{"dataType": "int", "expectedOutput": "6"}	[{"input": "[-2,1,-3,4,-1,2,1,-5,4]", "dataType": "int[]"}]	int[]	t	f	262144	int	1	4000	1	88
223	EXACT	\N	Đoạn nhỏ bắt đầu từ 1. Các số nguyên tố là 2, 3, 5, 7.	\N	{"dataType": "int", "expectedOutput": "4"}	[{"input": "1", "dataType": "int"}, {"input": "10", "dataType": "int"}]	multiple	t	f	262144	int	1	5000	1	91
224	EXACT	\N	Đoạn có đúng một số là 2 (nguyên tố nhỏ nhất).	\N	{"dataType": "int", "expectedOutput": "1"}	[{"input": "2", "dataType": "int"}, {"input": "2", "dataType": "int"}]	multiple	t	f	262144	int	2	5000	1	91
225	EXACT	\N	Số nguyên tố trong đoạn [14,20] là 17 và 19.	\N	{"dataType": "int", "expectedOutput": "2"}	[{"input": "14", "dataType": "int"}, {"input": "20", "dataType": "int"}]	multiple	f	t	262144	int	3	5000	1	91
227	EXACT	\N	Đoạn cỡ trung bình với nhiều số nguyên tố trong khoảng [100,200].	\N	{"dataType": "int", "expectedOutput": "21"}	[{"input": "100", "dataType": "int"}, {"input": "200", "dataType": "int"}]	multiple	f	t	262144	int	5	5000	1	91
226	EXACT	\N	Đoạn lớn cuối giới hạn, các số nguyên tố là 999907, 999917, 999931, 999953, 999959, 999961.	\N	{"dataType": "int", "expectedOutput": "8"}	[{"input": "999900", "dataType": "int"}, {"input": "1000000", "dataType": "int"}]	\N	f	f	262144	\N	4	5000	1	91
228	EXACT	\N	Khoảng nhỏ, cả a và b đều chẵn, có nhiều số chẵn.	\N	{"dataType": "int", "expectedOutput": "12"}	[{"input": "2", "dataType": "int"}, {"input": "6", "dataType": "int"}]	multiple	t	f	262144	int	1	5000	1	92
229	EXACT	\N	a = b = 1 là số lẻ, không có số chẵn nào trong khoảng.	\N	{"dataType": "int", "expectedOutput": "0"}	[{"input": "1", "dataType": "int"}, {"input": "1", "dataType": "int"}]	multiple	t	f	262144	string	2	5000	1	92
230	EXACT	\N	a = b = 4 là số chẵn, chỉ có một số chẵn.	\N	{"dataType": "int", "expectedOutput": "4"}	[{"input": "4", "dataType": "int"}, {"input": "4", "dataType": "int"}]	multiple	f	f	262144	int	3	5000	1	92
232	EXACT	\N	a là số lẻ, b là số chẵn, một phần của khoảng khó nhận diện số chẵn.	\N	{"dataType": "int", "expectedOutput": "28"}	[{"input": "3", "dataType": "int"}, {"input": "10", "dataType": "int"}]	multiple	f	f	262144	int	5	5000	1	92
233	EXACT	\N	Khoảng dài nhất theo ràng buộc b - a = 100000, kiểm tra hiệu suất.	\N	{"dataType": "int", "expectedOutput": "25001000"}	[{"input": "1", "dataType": "int"}, {"input": "100001", "dataType": "int"}]	multiple	f	f	262144	int	6	5000	1	92
231	\N	\N	\N	\N	{"dataType": "int", "expectedOutput": "50997450"}	[{"input": "999900", "dataType": "int"}, {"input": "1000000", "dataType": "int"}]	\N	f	f	262144	\N	0	1000	\N	92
202	EXACT	\N	Example 1: F(2) = 1	\N	{"dataType": "int", "expectedOutput": "1"}	[{"input": "2", "dataType": "int"}]	int	t	f	262144	int	1	5000	1	86
203	EXACT	\N	Example 2: F(3) = 2	\N	{"dataType": "int", "expectedOutput": "2"}	[{"input": "3", "dataType": "int"}]	int	t	f	262144	int	2	5000	1	86
204	EXACT	\N	Base case: F(0) = 0	\N	{"dataType": "int", "expectedOutput": "0"}	[{"input": "0", "dataType": "int"}]	int	f	t	262144	int	3	5000	1	86
205	EXACT	\N	Base case: F(1) = 1	\N	{"dataType": "int", "expectedOutput": "1"}	[{"input": "1", "dataType": "int"}]	int	f	t	262144	int	4	5000	1	86
206	EXACT	\N	Larger case: F(10) = 55	\N	{"dataType": "int", "expectedOutput": "55"}	[{"input": "10", "dataType": "int"}]	int	f	t	262144	int	5	5000	1	86
234	EXACT	\N	Test n = 10	\N	{"dataType": "int", "expectedOutput": "30"}	[{"input": "10", "dataType": "int"}]	int	t	f	262144	int	1	1000	1	93
235	EXACT	\N	Test n = 7	\N	{"dataType": "int", "expectedOutput": "12"}	[{"input": "7", "dataType": "int"}]	int	t	f	262144	int	2	1000	1	93
236	EXACT	\N	Test n = 2	\N	{"dataType": "int", "expectedOutput": "2"}	[{"input": "2", "dataType": "int"}]	int	f	t	262144	int	3	1000	1	93
237	EXACT	\N	Test n = 1	\N	{"dataType": "int", "expectedOutput": "0"}	[{"input": "1", "dataType": "int"}]	int	f	t	262144	int	4	1000	1	93
238	EXACT	\N	Test n = 100	\N	{"dataType": "int", "expectedOutput": "2550"}	[{"input": "100", "dataType": "int"}]	int	f	t	262144	int	5	1000	1	93
239	EXACT	\N	Test đến 10	\N	{"dataType": "int", "expectedOutput": "30"}	[{"input": "10", "dataType": "int"}]	int	t	f	262144	int	6	1000	1	93
240	EXACT	\N	Test đến 12	\N	{"dataType": "int", "expectedOutput": "12"}	[{"input": "7", "dataType": "int"}]	int	t	f	262144	int	7	1000	1	93
241	EXACT	\N	Test đến 2	\N	{"dataType": "int", "expectedOutput": "2"}	[{"input": "2", "dataType": "int"}]	int	f	t	262144	int	8	1000	1	93
242	EXACT	\N	Test đến 1	\N	{"dataType": "int", "expectedOutput": "1"}	[{"input": "1", "dataType": "int"}]	int	f	t	262144	int	9	1000	1	93
243	EXACT	\N	Test đến 0	\N	{"dataType": "int", "expectedOutput": "00"}	[{"input": "100", "dataType": "int"}]	int	f	t	262144	int	10	1000	1	93
244	EXACT	\N	Test đến 10	\N	{"dataType": "int", "expectedOutput": "30"}	[{"input": "10", "dataType": "int"}]	int	t	f	262144	int	1	1000	1	94
245	EXACT	\N	Test đến 12	\N	{"dataType": "int", "expectedOutput": "12"}	[{"input": "7", "dataType": "int"}]	int	t	f	262144	int	2	1000	1	94
246	EXACT	\N	Test đến 2	\N	{"dataType": "int", "expectedOutput": "2"}	[{"input": "2", "dataType": "int"}]	int	f	t	262144	int	3	1000	1	94
247	EXACT	\N	Test đến 1	\N	{"dataType": "int", "expectedOutput": "1"}	[{"input": "1", "dataType": "int"}]	int	f	t	262144	int	4	1000	1	94
248	EXACT	\N	Test đến 0	\N	{"dataType": "int", "expectedOutput": "00"}	[{"input": "100", "dataType": "int"}]	int	f	t	262144	int	5	1000	1	94
\.


--
-- Data for Name: translation_key; Type: TABLE DATA; Schema: public; Owner: postgres
--

COPY public.translation_key (id, code, created_at, description, updated_at) FROM stdin;
1	BTN_SAVE	\N	Save button text	\N
2	BTN_CANCEL	\N	Cancel button text	\N
3	BTN_DELETE	\N	Delete button text	\N
4	BTN_EDIT	\N	Edit button text	\N
5	BTN_ADD	\N	Add button text	\N
6	MSG_ERROR_404	\N	Page not found error message	\N
7	MSG_ERROR_500	\N	Internal server error message	\N
8	MSG_SUCCESS_SAVE	\N	Successfully saved message	\N
9	MSG_SUCCESS_DELETE	\N	Successfully deleted message	\N
10	LABEL_NAME	\N	Name label	\N
11	LABEL_EMAIL	\N	Email label	\N
12	LABEL_PASSWORD	\N	Password label	\N
13	PLACEHOLDER_SEARCH	\N	Search placeholder text	\N
14	TITLE_LOGIN	\N	Login page title	\N
15	TITLE_REGISTER	\N	Register page title	\N
17	NAV_PROBLEMS	\N	Problems page navigation link	\N
18	NAV_CONTESTS	\N	Contests page navigation link	\N
21	NAV_PROFILE	\N	Profile page navigation link	\N
22	PROBLEM_DIFFICULTY	\N	Problem difficulty label	\N
23	PROBLEM_POINTS	\N	Problem points label	\N
24	PROBLEM_DESCRIPTION	\N	Problem description section	\N
25	PROBLEM_INPUT	\N	Problem input section	\N
26	PROBLEM_OUTPUT	\N	Problem output section	\N
27	PROBLEM_SAMPLE	\N	Problem sample section	\N
28	PROBLEM_CONSTRAINTS	\N	Problem constraints section	\N
29	BTN_SUBMIT_SOLUTION	\N	Submit solution button	\N
30	BTN_RUN_TEST	\N	Run test button	\N
31	CONTEST_STATUS	\N	Contest status label	\N
32	CONTEST_START_TIME	\N	Contest start time label	\N
33	CONTEST_END_TIME	\N	Contest end time label	\N
34	CONTEST_DURATION	\N	Contest duration label	\N
35	BTN_JOIN_CONTEST	\N	Join contest button	\N
36	BTN_LEAVE_CONTEST	\N	Leave contest button	\N
37	SUBMISSION_STATUS	\N	Submission status label	\N
38	SUBMISSION_LANGUAGE	\N	Programming language label	\N
39	SUBMISSION_TIME	\N	Submission time label	\N
40	SUBMISSION_RESULT	\N	Submission result label	\N
41	SUBMISSION_SCORE	\N	Submission score label	\N
42	PROFILE_RANKING	\N	User ranking label	\N
43	PROFILE_TOTAL_POINTS	\N	Total points label	\N
44	PROFILE_SOLVED_PROBLEMS	\N	Solved problems label	\N
45	PROFILE_ATTEMPTED_PROBLEMS	\N	Attempted problems label	\N
46	BTN_EDIT_PROFILE	\N	Edit profile button	\N
47	FEATURE_CURATED_PROBLEMS	\N	Title for curated problems feature	\N
48	FEATURE_CURATED_PROBLEMS_DESC	\N	Description for curated problems feature	\N
49	FEATURE_WEEKLY_CONTESTS	\N	Title for weekly contests feature	\N
50	FEATURE_WEEKLY_CONTESTS_DESC	\N	Description for weekly contests feature	\N
51	FEATURE_REAL_TIME_FEEDBACK	\N	Title for real-time feedback feature	\N
52	FEATURE_REAL_TIME_FEEDBACK_DESC	\N	Description for real-time feedback feature	\N
57	HERO_TITLE	2025-08-23 09:58:10.84308	Homepage hero section title	2025-08-23 09:58:10.84308
58	HERO_SUBTITLE	2025-08-23 09:58:10.84308	Homepage hero section subtitle	2025-08-23 09:58:10.84308
59	BTN_START_PRACTICE	2025-08-23 09:58:10.84308	Start practice button text	2025-08-23 09:58:10.84308
60	BTN_VIEW_CONTESTS	2025-08-23 09:58:10.84308	View contests link text	2025-08-23 09:58:10.84308
61	SECTION_INTERVIEW_PREP_TITLE	2025-08-23 09:58:10.84308	Interview preparation section title	2025-08-23 09:58:10.84308
62	SECTION_INTERVIEW_PREP_DESC	2025-08-23 09:58:10.84308	Interview preparation section description	2025-08-23 09:58:10.84308
63	FEATURE_500_PROBLEMS	2025-08-23 09:58:10.84308	Feature: 500+ problems	2025-08-23 09:58:10.84308
64	FEATURE_MULTI_LANGUAGE	2025-08-23 09:58:10.84308	Feature: Multi-language support	2025-08-23 09:58:10.84308
65	FEATURE_DETAILED_SOLUTIONS	2025-08-23 09:58:10.84308	Feature: Detailed solutions	2025-08-23 09:58:10.84308
66	BTN_VIEW_ALL_PROBLEMS	2025-08-23 09:58:10.84308	View all problems button	2025-08-23 09:58:10.84308
67	SAMPLE_PROBLEM_LABEL	2025-08-23 09:58:10.84308	Sample problem label	2025-08-23 09:58:10.84308
68	CTA_TITLE	2025-08-23 09:58:10.84308	Call to action section title	2025-08-23 09:58:10.84308
69	CTA_SUBTITLE	2025-08-23 09:58:10.84308	Call to action section subtitle	2025-08-23 09:58:10.84308
70	BTN_START_CODING_NOW	2025-08-23 09:58:10.84308	Start coding now button	2025-08-23 09:58:10.84308
16	NAV_HOME	\N	Home page navigation link	2025-08-23 09:58:10.84308
20	NAV_LEADERBOARD	\N	Leaderboard page navigation link	2025-08-23 09:58:10.84308
19	NAV_SUBMISSIONS	\N	Submissions page navigation link	2025-08-23 09:58:10.84308
74	PROBLEMS_TITLE	2025-08-24 03:22:32.773777	Problems page title	2025-08-24 03:22:32.773777
75	DIFFICULTY_EASY	2025-08-24 03:22:32.773777	Easy difficulty level	2025-08-24 03:22:32.773777
76	PAGINATION_TO	2025-08-24 03:22:32.773777	To text in pagination	2025-08-24 03:22:32.773777
77	LOADING_TEXT	2025-08-24 03:22:32.773777	Loading message	2025-08-24 03:22:32.773777
78	TABLE_STATUS	2025-08-24 03:22:32.773777	Status column header	2025-08-24 03:22:32.773777
79	NO_RESULTS_FOUND	2025-08-24 03:22:32.773777	No results found message	2025-08-24 03:22:32.773777
80	TABLE_SUCCESS_RATE	2025-08-24 03:22:32.773777	Success rate column header	2025-08-24 03:22:32.773777
81	PAGINATION_RESULTS	2025-08-24 03:22:32.773777	Results text in pagination	2025-08-24 03:22:32.773777
82	PAGINATION_SHOWING	2025-08-24 03:22:32.773777	Showing text in pagination	2025-08-24 03:22:32.773777
83	TABLE_PROBLEM_TITLE	2025-08-24 03:22:32.773777	Problem title column header	2025-08-24 03:22:32.773777
84	TABLE_TOPICS	2025-08-24 03:22:32.773777	Topics column header	2025-08-24 03:22:32.773777
85	DIFFICULTY_MEDIUM	2025-08-24 03:22:32.773777	Medium difficulty level	2025-08-24 03:22:32.773777
86	FILTER_ALL_TOPICS	2025-08-24 03:22:32.773777	All topics filter option	2025-08-24 03:22:32.773777
87	PAGINATION_OF	2025-08-24 03:22:32.773777	Of text in pagination	2025-08-24 03:22:32.773777
88	DIFFICULTY_HARD	2025-08-24 03:22:32.773777	Hard difficulty level	2025-08-24 03:22:32.773777
89	FILTER_ALL_DIFFICULTIES	2025-08-24 03:22:32.773777	All difficulties filter option	2025-08-24 03:22:32.773777
90	NO_CONTESTS_FOUND	2025-08-24 03:27:19.771161	No contests found message	2025-08-24 03:27:19.771161
91	NO_CONTESTS_DEFAULT	2025-08-24 03:27:19.771161	No public contests available message	2025-08-24 03:27:19.771161
92	NO_MY_CONTESTS_DESC	2025-08-24 03:27:19.771161	No my contests description	2025-08-24 03:27:19.771161
93	LOGIN_TO_VIEW_CONTESTS_DESC	2025-08-24 03:27:19.771161	Login description for contests	2025-08-24 03:27:19.771161
94	STATUS_ONGOING	2025-08-24 03:27:19.771161	Ongoing contest status	2025-08-24 03:27:19.771161
95	JOIN_BY_CODE	2025-08-24 03:27:19.771161	Join by code button text	2025-08-24 03:27:19.771161
96	STATUS_REJECTED	2025-08-24 03:27:19.771161	Rejected participation status	2025-08-24 03:27:19.771161
97	CONTESTS_TITLE	2025-08-24 03:27:19.771161	Contests page title	2025-08-24 03:27:19.771161
98	STATUS_PENDING	2025-08-24 03:27:19.771161	Pending participation status	2025-08-24 03:27:19.771161
99	FILTER_ALL_STATUS	2025-08-24 03:27:19.771161	All status filter option	2025-08-24 03:27:19.771161
100	NO_CONTESTS_DESC	2025-08-24 03:27:19.771161	No contests found description	2025-08-24 03:27:19.771161
101	NO_MY_CONTESTS	2025-08-24 03:27:19.771161	No my contests message	2025-08-24 03:27:19.771161
102	CONTESTS_SUBTITLE	2025-08-24 03:27:19.771161	Contests page subtitle	2025-08-24 03:27:19.771161
103	STATUS_UPCOMING	2025-08-24 03:27:19.771161	Upcoming contest status	2025-08-24 03:27:19.771161
104	PARTICIPATION_STATUS	2025-08-24 03:27:19.771161	Participation status label	2025-08-24 03:27:19.771161
105	PUBLIC_CONTESTS	2025-08-24 03:27:19.771161	Public contests tab	2025-08-24 03:27:19.771161
106	DISCOVER_CONTESTS	2025-08-24 03:27:19.771161	Discover contests subtitle	2025-08-24 03:27:19.771161
107	STATUS_COMPLETED	2025-08-24 03:27:19.771161	Completed contest status	2025-08-24 03:27:19.771161
108	MY_CONTESTS	2025-08-24 03:27:19.771161	My contests tab	2025-08-24 03:27:19.771161
109	STATUS_APPROVED	2025-08-24 03:27:19.771161	Approved participation status	2025-08-24 03:27:19.771161
110	LOGIN_TO_VIEW_CONTESTS	2025-08-24 03:27:19.771161	Login to view contests message	2025-08-24 03:27:19.771161
111	BTN_RUN_CODE	2025-08-24 03:50:09.659701	Run code button	2025-08-24 03:50:09.659701
112	TOOLTIP_CLEAR_CODE	2025-08-24 03:50:09.659701	Clear code tooltip	2025-08-24 03:50:09.659701
113	CODE_EDITOR_TITLE	2025-08-24 03:50:09.659701	Code editor section title	2025-08-24 03:50:09.659701
114	OUTPUT_PLACEHOLDER	2025-08-24 03:50:09.659701	Output placeholder text	2025-08-24 03:50:09.659701
115	BTN_COPY_OUTPUT	2025-08-24 03:50:09.659701	Copy output button	2025-08-24 03:50:09.659701
116	PLACEHOLDER_FILENAME	2025-08-24 03:50:09.659701	File name placeholder	2025-08-24 03:50:09.659701
117	LANGUAGE_JAVA	2025-08-24 03:50:09.659701	Java language option	2025-08-24 03:50:09.659701
118	BTN_CLEAR_OUTPUT	2025-08-24 03:50:09.659701	Clear output button	2025-08-24 03:50:09.659701
119	LANGUAGE_JAVASCRIPT	2025-08-24 03:50:09.659701	JavaScript language option	2025-08-24 03:50:09.659701
120	BTN_RUNNING_CODE	2025-08-24 03:50:09.659701	Running code button text	2025-08-24 03:50:09.659701
121	TOOLTIP_COPY	2025-08-24 03:50:09.659701	Copy tooltip	2025-08-24 03:50:09.659701
122	INPUT_SECTION_TITLE	2025-08-24 03:50:09.659701	Input section title	2025-08-24 03:50:09.659701
123	SCRATCHPAD_TITLE	2025-08-24 03:50:09.659701	Scratchpad page title	2025-08-24 03:50:09.659701
124	TOOLTIP_CLEAR_OUTPUT	2025-08-24 03:50:09.659701	Clear output tooltip	2025-08-24 03:50:09.659701
125	LANGUAGE_CPP	2025-08-24 03:50:09.659701	C++ language option	2025-08-24 03:50:09.659701
126	OUTPUT_SECTION_TITLE	2025-08-24 03:50:09.659701	Output section title	2025-08-24 03:50:09.659701
127	TOOLTIP_DOWNLOAD	2025-08-24 03:50:09.659701	Download tooltip	2025-08-24 03:50:09.659701
128	LANGUAGE_PYTHON	2025-08-24 03:50:09.659701	Python language option	2025-08-24 03:50:09.659701
129	PLACEHOLDER_INPUT	2025-08-24 03:50:09.659701	Input placeholder text	2025-08-24 03:50:09.659701
130	BTN_DOWNLOAD_CODE	2025-08-24 03:50:09.659701	Download code button	2025-08-24 03:50:09.659701
131	BTN_CLEAR_CODE	2025-08-24 03:50:09.659701	Clear code button	2025-08-24 03:50:09.659701
132	ERROR_RUN_CODE	2025-08-24 03:50:09.659701	Error running code message	2025-08-24 03:50:09.659701
133	NAV_SCRATCHPAD	2025-08-24 03:58:46.574684	Scratchpad navigation item	2025-08-24 03:58:46.574684
134	CHANGE_PASSWORD	2025-08-24 03:58:46.574684	Change password menu item	2025-08-24 03:58:46.574684
135	LOGOUT	2025-08-24 03:58:46.574684	Logout menu item	2025-08-24 03:58:46.574684
136	NAV_MANAGEMENT	2025-08-24 03:58:46.574684	Management/Admin navigation item	2025-08-24 03:58:46.574684
137	ERROR_UNEXPECTED_RESPONSE	2025-08-24 04:13:00.321408	Unexpected server response error	2025-08-24 04:13:00.321408
138	BTN_PROCESSING	2025-08-24 04:13:00.321408	Processing button text	2025-08-24 04:13:00.321408
139	FORGOT_PASSWORD	2025-08-24 04:13:00.321408	Forgot password link	2025-08-24 04:13:00.321408
140	MSG_SIGNUP_SUCCESS	2025-08-24 04:13:00.321408	Signup success message	2025-08-24 04:13:00.321408
141	AUTH_NO_ACCOUNT	2025-08-24 04:13:00.321408	No account text	2025-08-24 04:13:00.321408
142	AUTH_HAVE_ACCOUNT	2025-08-24 04:13:00.321408	Have account text	2025-08-24 04:13:00.321408
143	BTN_SIGNUP	2025-08-24 04:13:00.321408	Sign up button	2025-08-24 04:13:00.321408
144	LABEL_CONFIRM_PASSWORD	2025-08-24 04:13:00.321408	Confirm password label	2025-08-24 04:13:00.321408
145	LABEL_USERNAME	2025-08-24 04:13:00.321408	Username label	2025-08-24 04:13:00.321408
146	MSG_LOGIN_SUCCESS	2025-08-24 04:13:00.321408	Login success message	2025-08-24 04:13:00.321408
147	BTN_SIGNIN	2025-08-24 04:13:00.321408	Sign in button	2025-08-24 04:13:00.321408
148	ERROR_PASSWORD_MISMATCH	2025-08-24 04:13:00.321408	Password mismatch error	2025-08-24 04:13:00.321408
149	AUTH_CLOSE	2025-08-24 04:13:00.321408	Close button	2025-08-24 04:13:00.321408
\.


--
-- Data for Name: translation_value; Type: TABLE DATA; Schema: public; Owner: postgres
--

COPY public.translation_value (id, content, created_at, language_code, updated_at, translation_key_id) FROM stdin;
1	Save	\N	en	\N	1
2	Cancel	\N	en	\N	2
3	Delete	\N	en	\N	3
4	Edit	\N	en	\N	4
5	Add	\N	en	\N	5
6	Page not found	\N	en	\N	6
7	Internal server error	\N	en	\N	7
8	Successfully saved!	\N	en	\N	8
9	Successfully deleted!	\N	en	\N	9
10	Name	\N	en	\N	10
11	Email	\N	en	\N	11
12	Password	\N	en	\N	12
13	Search...	\N	en	\N	13
14	Login	\N	en	\N	14
15	Register	\N	en	\N	15
16	Lưu	\N	vi	\N	1
17	Hủy	\N	vi	\N	2
18	Xóa	\N	vi	\N	3
19	Chỉnh sửa	\N	vi	\N	4
20	Thêm	\N	vi	\N	5
21	Không tìm thấy trang	\N	vi	\N	6
22	Lỗi máy chủ nội bộ	\N	vi	\N	7
23	Lưu thành công!	\N	vi	\N	8
24	Xóa thành công!	\N	vi	\N	9
25	Tên	\N	vi	\N	10
26	Email	\N	vi	\N	11
27	Mật khẩu	\N	vi	\N	12
28	Tìm kiếm...	\N	vi	\N	13
29	Đăng nhập	\N	vi	\N	14
30	Đăng ký	\N	vi	\N	15
31	Home	\N	en	\N	16
32	Problems	\N	en	\N	17
33	Contests	\N	en	\N	18
34	Submissions	\N	en	\N	19
35	Leaderboard	\N	en	\N	20
36	Profile	\N	en	\N	21
37	Difficulty	\N	en	\N	22
38	Points	\N	en	\N	23
39	Description	\N	en	\N	24
40	Input	\N	en	\N	25
41	Output	\N	en	\N	26
42	Sample	\N	en	\N	27
43	Constraints	\N	en	\N	28
44	Submit Solution	\N	en	\N	29
45	Run Test	\N	en	\N	30
46	Status	\N	en	\N	31
47	Start Time	\N	en	\N	32
48	End Time	\N	en	\N	33
49	Duration	\N	en	\N	34
50	Join Contest	\N	en	\N	35
51	Leave Contest	\N	en	\N	36
52	Status	\N	en	\N	37
53	Language	\N	en	\N	38
54	Submission Time	\N	en	\N	39
55	Result	\N	en	\N	40
56	Score	\N	en	\N	41
57	Ranking	\N	en	\N	42
58	Total Points	\N	en	\N	43
59	Solved Problems	\N	en	\N	44
60	Attempted Problems	\N	en	\N	45
61	Edit Profile	\N	en	\N	46
62	Curated Problems	\N	en	\N	47
63	Practice with a diverse collection of algorithmic problems, from easy to challenging levels.	\N	en	\N	48
64	Weekly Contests	\N	en	\N	49
65	Test your skills in weekly programming contests and compete with other developers globally.	\N	en	\N	50
66	Real-time Feedback	\N	en	\N	51
67	Get instant feedback on your solutions with detailed test cases and performance metrics.	\N	en	\N	52
68	Bài tập chọn lọc	\N	vi	\N	47
69	Luyện tập với bộ sưu tập đa dạng các bài toán thuật toán, từ mức độ dễ đến khó.	\N	vi	\N	48
70	Cuộc thi hàng tuần	\N	vi	\N	49
71	Kiểm tra kỹ năng của bạn trong các cuộc thi lập trình hàng tuần và cạnh tranh với những lập trình viên khác trên toàn cầu.	\N	vi	\N	50
72	Phản hồi thời gian thực	\N	vi	\N	51
73	Nhận phản hồi ngay lập tức về giải pháp của bạn với các test case chi tiết và các chỉ số hiệu suất.	\N	vi	\N	52
74	Home	\N	en	\N	16
75	Problems	\N	en	\N	17
76	Contests	\N	en	\N	18
77	Submissions	\N	en	\N	19
78	Leaderboard	\N	en	\N	20
79	Profile	\N	en	\N	21
80	Difficulty	\N	en	\N	22
81	Points	\N	en	\N	23
82	Description	\N	en	\N	24
83	Input	\N	en	\N	25
84	Output	\N	en	\N	26
85	Sample	\N	en	\N	27
86	Constraints	\N	en	\N	28
87	Status	\N	en	\N	31
88	Start Time	\N	en	\N	32
89	End Time	\N	en	\N	33
90	Duration	\N	en	\N	34
91	Status	\N	en	\N	37
92	Language	\N	en	\N	38
93	Submission Time	\N	en	\N	39
94	Result	\N	en	\N	40
95	Score	\N	en	\N	41
96	Ranking	\N	en	\N	42
97	Total Points	\N	en	\N	43
98	Solved Problems	\N	en	\N	44
99	Attempted Problems	\N	en	\N	45
100	Trang chủ	\N	vi	\N	16
101	Bài tập	\N	vi	\N	17
102	Cuộc thi	\N	vi	\N	18
103	Bài nộp	\N	vi	\N	19
104	Bảng xếp hạng	\N	vi	\N	20
105	Hồ sơ	\N	vi	\N	21
106	Độ khó	\N	vi	\N	22
107	Điểm	\N	vi	\N	23
108	Mô tả	\N	vi	\N	24
109	Đầu vào	\N	vi	\N	25
110	Đầu ra	\N	vi	\N	26
111	Ví dụ	\N	vi	\N	27
112	Ràng buộc	\N	vi	\N	28
113	Trạng thái	\N	vi	\N	31
114	Thời gian bắt đầu	\N	vi	\N	32
115	Thời gian kết thúc	\N	vi	\N	33
116	Thời gian	\N	vi	\N	34
117	Trạng thái	\N	vi	\N	37
118	Ngôn ngữ	\N	vi	\N	38
119	Thời gian nộp	\N	vi	\N	39
120	Kết quả	\N	vi	\N	40
121	Điểm	\N	vi	\N	41
122	Xếp hạng	\N	vi	\N	42
123	Tổng điểm	\N	vi	\N	43
124	Bài đã giải	\N	vi	\N	44
125	Bài đã thử	\N	vi	\N	45
126	Master algorithms, conquer coding interviews	2025-08-23 10:01:23.230859	en	2025-08-23 10:01:23.230859	57
127	Enhance your problem-solving skills with our collection of algorithmic challenges. Practice, compete, and learn with us.	2025-08-23 10:01:23.230859	en	2025-08-23 10:01:23.230859	58
128	Start practicing	2025-08-23 10:01:23.230859	en	2025-08-23 10:01:23.230859	59
129	View contests	2025-08-23 10:01:23.230859	en	2025-08-23 10:01:23.230859	60
130	Prepare for technical interviews	2025-08-23 10:01:23.230859	en	2025-08-23 10:01:23.230859	61
131	Our platform is designed to help you succeed in technical interviews at top tech companies. With problems similar to real interview questions, you will be well prepared to showcase your algorithmic skills.	2025-08-23 10:01:23.230859	en	2025-08-23 10:01:23.230859	62
132	Over 500 algorithmic problems across multiple categories	2025-08-23 10:01:23.230859	en	2025-08-23 10:01:23.230859	63
133	Support for multiple programming languages	2025-08-23 10:01:23.230859	en	2025-08-23 10:01:23.230859	64
134	Detailed explanations and optimal solutions	2025-08-23 10:01:23.230859	en	2025-08-23 10:01:23.230859	65
135	View all problems	2025-08-23 10:01:23.230859	en	2025-08-23 10:01:23.230859	66
136	Sample problem: Two Sum	2025-08-23 10:01:23.230859	en	2025-08-23 10:01:23.230859	67
137	Ready to enhance your programming skills?	2025-08-23 10:01:23.230859	en	2025-08-23 10:01:23.230859	68
138	Join thousands of programmers improving their problem-solving abilities and preparing for technical interviews.	2025-08-23 10:01:23.230859	en	2025-08-23 10:01:23.230859	69
139	Start coding now	2025-08-23 10:01:23.230859	en	2025-08-23 10:01:23.230859	70
152	Làm chủ thuật toán, chinh phục các cuộc phỏng vấn lập trình	2025-08-23 10:03:48.256119	vi	2025-08-23 10:03:48.256119	57
153	Nâng cao kỹ năng giải quyết vấn đề với thử thách thuật toán. Thực hành, thi đấu và học hỏi.	2025-08-23 10:03:48.256119	vi	2025-08-23 10:03:48.256119	58
154	Bắt đầu luyện tập	2025-08-23 10:03:48.256119	vi	2025-08-23 10:03:48.256119	59
155	Xem các cuộc thi	2025-08-23 10:03:48.256119	vi	2025-08-23 10:03:48.256119	60
156	Chuẩn bị cho các cuộc phỏng vấn kỹ thuật	2025-08-23 10:03:48.256119	vi	2025-08-23 10:03:48.256119	61
157	Luyện tập với các bài toán tương tự câu hỏi phỏng vấn thực tế tại các công ty công nghệ hàng đầu.	2025-08-23 10:03:48.256119	vi	2025-08-23 10:03:48.256119	62
158	Hơn 500 bài toán thuật toán trên nhiều danh mục	2025-08-23 10:03:48.256119	vi	2025-08-23 10:03:48.256119	63
159	Hỗ trợ nhiều ngôn ngữ lập trình	2025-08-23 10:03:48.256119	vi	2025-08-23 10:03:48.256119	64
160	Giải thích chi tiết và giải pháp tối ưu	2025-08-23 10:03:48.256119	vi	2025-08-23 10:03:48.256119	65
161	Xem tất cả bài tập	2025-08-23 10:03:48.256119	vi	2025-08-23 10:03:48.256119	66
162	Bài tập mẫu: Two Sum (Tổng hai số)	2025-08-23 10:03:48.256119	vi	2025-08-23 10:03:48.256119	67
163	Sẵn sàng nâng cao kỹ năng lập trình của bạn?	2025-08-23 10:03:48.256119	vi	2025-08-23 10:03:48.256119	68
164	Tham gia cùng hàng nghìn lập trình viên cải thiện kỹ năng và chuẩn bị phỏng vấn.	2025-08-23 10:03:48.256119	vi	2025-08-23 10:03:48.256119	69
165	Bắt đầu lập trình ngay	2025-08-23 10:03:48.256119	vi	2025-08-23 10:03:48.256119	70
166	Problems	2025-08-24 03:22:55.956019	en	2025-08-24 03:22:55.956019	74
167	Easy	2025-08-24 03:22:55.956019	en	2025-08-24 03:22:55.956019	75
168	to	2025-08-24 03:22:55.956019	en	2025-08-24 03:22:55.956019	76
169	Loading...	2025-08-24 03:22:55.956019	en	2025-08-24 03:22:55.956019	77
170	Status	2025-08-24 03:22:55.956019	en	2025-08-24 03:22:55.956019	78
171	No problems found matching your criteria	2025-08-24 03:22:55.956019	en	2025-08-24 03:22:55.956019	79
172	Success Rate	2025-08-24 03:22:55.956019	en	2025-08-24 03:22:55.956019	80
173	results	2025-08-24 03:22:55.956019	en	2025-08-24 03:22:55.956019	81
174	Showing	2025-08-24 03:22:55.956019	en	2025-08-24 03:22:55.956019	82
175	Title	2025-08-24 03:22:55.956019	en	2025-08-24 03:22:55.956019	83
176	Topics	2025-08-24 03:22:55.956019	en	2025-08-24 03:22:55.956019	84
177	Medium	2025-08-24 03:22:55.956019	en	2025-08-24 03:22:55.956019	85
178	All Topics	2025-08-24 03:22:55.956019	en	2025-08-24 03:22:55.956019	86
179	of	2025-08-24 03:22:55.956019	en	2025-08-24 03:22:55.956019	87
180	Hard	2025-08-24 03:22:55.956019	en	2025-08-24 03:22:55.956019	88
181	All Difficulties	2025-08-24 03:22:55.956019	en	2025-08-24 03:22:55.956019	89
182	Bài tập	2025-08-24 03:23:06.577847	vi	2025-08-24 03:23:06.577847	74
183	Dễ	2025-08-24 03:23:06.577847	vi	2025-08-24 03:23:06.577847	75
184	đến	2025-08-24 03:23:06.577847	vi	2025-08-24 03:23:06.577847	76
185	Đang tải...	2025-08-24 03:23:06.577847	vi	2025-08-24 03:23:06.577847	77
186	Trạng thái	2025-08-24 03:23:06.577847	vi	2025-08-24 03:23:06.577847	78
187	Không tìm thấy bài tập nào phù hợp	2025-08-24 03:23:06.577847	vi	2025-08-24 03:23:06.577847	79
188	Tỷ lệ thành công	2025-08-24 03:23:06.577847	vi	2025-08-24 03:23:06.577847	80
189	kết quả	2025-08-24 03:23:06.577847	vi	2025-08-24 03:23:06.577847	81
190	Hiển thị	2025-08-24 03:23:06.577847	vi	2025-08-24 03:23:06.577847	82
191	Tiêu đề	2025-08-24 03:23:06.577847	vi	2025-08-24 03:23:06.577847	83
192	Chủ đề	2025-08-24 03:23:06.577847	vi	2025-08-24 03:23:06.577847	84
193	Trung bình	2025-08-24 03:23:06.577847	vi	2025-08-24 03:23:06.577847	85
194	Tất cả chủ đề	2025-08-24 03:23:06.577847	vi	2025-08-24 03:23:06.577847	86
195	trong tổng số	2025-08-24 03:23:06.577847	vi	2025-08-24 03:23:06.577847	87
196	Khó	2025-08-24 03:23:06.577847	vi	2025-08-24 03:23:06.577847	88
197	Tất cả độ khó	2025-08-24 03:23:06.577847	vi	2025-08-24 03:23:06.577847	89
198	Discover and join programming contests	2025-08-24 03:28:17.384452	en	2025-08-24 03:28:17.384452	106
199	You haven't joined any contests yet	2025-08-24 03:28:17.384452	en	2025-08-24 03:28:17.384452	101
200	Sign in to view your registered contests	2025-08-24 03:28:17.384452	en	2025-08-24 03:28:17.384452	93
201	Approved	2025-08-24 03:28:17.384452	en	2025-08-24 03:28:17.384452	109
202	Pending	2025-08-24 03:28:17.384452	en	2025-08-24 03:28:17.384452	98
203	Participation Status	2025-08-24 03:28:17.384452	en	2025-08-24 03:28:17.384452	104
204	Discover and join programming contests	2025-08-24 03:28:17.384452	en	2025-08-24 03:28:17.384452	102
205	No public contests available at the moment. Please check back later!	2025-08-24 03:28:17.384452	en	2025-08-24 03:28:17.384452	91
206	Rejected	2025-08-24 03:28:17.384452	en	2025-08-24 03:28:17.384452	96
207	Completed	2025-08-24 03:28:17.384452	en	2025-08-24 03:28:17.384452	107
208	My Contests	2025-08-24 03:28:17.384452	en	2025-08-24 03:28:17.384452	108
209	No contests match your search criteria. Try different keywords.	2025-08-24 03:28:17.384452	en	2025-08-24 03:28:17.384452	100
210	Login to view your contests	2025-08-24 03:28:17.384452	en	2025-08-24 03:28:17.384452	110
211	All Status	2025-08-24 03:28:17.384452	en	2025-08-24 03:28:17.384452	99
212	Ongoing	2025-08-24 03:28:17.384452	en	2025-08-24 03:28:17.384452	94
213	Enter Contest Code	2025-08-24 03:28:17.384452	en	2025-08-24 03:28:17.384452	95
214	Contest List	2025-08-24 03:28:17.384452	en	2025-08-24 03:28:17.384452	97
215	No contests found	2025-08-24 03:28:17.384452	en	2025-08-24 03:28:17.384452	90
216	Upcoming	2025-08-24 03:28:17.384452	en	2025-08-24 03:28:17.384452	103
217	Join public contests or use a contest code to participate in private contests.	2025-08-24 03:28:17.384452	en	2025-08-24 03:28:17.384452	92
218	Public Contests	2025-08-24 03:28:17.384452	en	2025-08-24 03:28:17.384452	105
219	Khám phá và tham gia các cuộc thi lập trình	2025-08-24 03:28:22.06169	vi	2025-08-24 03:28:22.06169	106
220	Bạn chưa tham gia cuộc thi nào	2025-08-24 03:28:22.06169	vi	2025-08-24 03:28:22.06169	101
221	Đăng nhập để xem các cuộc thi bạn đã tham gia	2025-08-24 03:28:22.06169	vi	2025-08-24 03:28:22.06169	93
222	Đã phê duyệt	2025-08-24 03:28:22.06169	vi	2025-08-24 03:28:22.06169	109
223	Chờ phê duyệt	2025-08-24 03:28:22.06169	vi	2025-08-24 03:28:22.06169	98
224	Trạng thái tham gia	2025-08-24 03:28:22.06169	vi	2025-08-24 03:28:22.06169	104
225	Khám phá và tham gia các cuộc thi lập trình	2025-08-24 03:28:22.06169	vi	2025-08-24 03:28:22.06169	102
226	Hiện tại chưa có cuộc thi công khai nào. Hãy quay lại sau!	2025-08-24 03:28:22.06169	vi	2025-08-24 03:28:22.06169	91
227	Bị từ chối	2025-08-24 03:28:22.06169	vi	2025-08-24 03:28:22.06169	96
228	Đã kết thúc	2025-08-24 03:28:22.06169	vi	2025-08-24 03:28:22.06169	107
229	Cuộc Thi Của Tôi	2025-08-24 03:28:22.06169	vi	2025-08-24 03:28:22.06169	108
230	Không có cuộc thi nào phù hợp với tiêu chí tìm kiếm. Hãy thử từ khóa khác.	2025-08-24 03:28:22.06169	vi	2025-08-24 03:28:22.06169	100
231	Đăng nhập để xem cuộc thi của bạn	2025-08-24 03:28:22.06169	vi	2025-08-24 03:28:22.06169	110
232	Tất cả trạng thái	2025-08-24 03:28:22.06169	vi	2025-08-24 03:28:22.06169	99
233	Đang diễn ra	2025-08-24 03:28:22.06169	vi	2025-08-24 03:28:22.06169	94
234	Nhập Mã Cuộc Thi	2025-08-24 03:28:22.06169	vi	2025-08-24 03:28:22.06169	95
235	Danh Sách Cuộc Thi	2025-08-24 03:28:22.06169	vi	2025-08-24 03:28:22.06169	97
236	Không tìm thấy cuộc thi nào	2025-08-24 03:28:22.06169	vi	2025-08-24 03:28:22.06169	90
237	Sắp diễn ra	2025-08-24 03:28:22.06169	vi	2025-08-24 03:28:22.06169	103
238	Hãy tham gia cuộc thi công khai hoặc sử dụng mã cuộc thi để tham gia cuộc thi riêng tư.	2025-08-24 03:28:22.06169	vi	2025-08-24 03:28:22.06169	92
239	Cuộc Thi Công Khai	2025-08-24 03:28:22.06169	vi	2025-08-24 03:28:22.06169	105
240	Run Code	2025-08-24 03:50:14.532421	en	2025-08-24 03:50:14.532421	111
241	Clear code	2025-08-24 03:50:14.532421	en	2025-08-24 03:50:14.532421	112
242	Code Editor	2025-08-24 03:50:14.532421	en	2025-08-24 03:50:14.532421	113
243	Output will be displayed here	2025-08-24 03:50:14.532421	en	2025-08-24 03:50:14.532421	114
244	Copy	2025-08-24 03:50:14.532421	en	2025-08-24 03:50:14.532421	115
245	File name	2025-08-24 03:50:14.532421	en	2025-08-24 03:50:14.532421	116
246	Java	2025-08-24 03:50:14.532421	en	2025-08-24 03:50:14.532421	117
247	Clear	2025-08-24 03:50:14.532421	en	2025-08-24 03:50:14.532421	118
248	JavaScript	2025-08-24 03:50:14.532421	en	2025-08-24 03:50:14.532421	119
249	Running code...	2025-08-24 03:50:14.532421	en	2025-08-24 03:50:14.532421	120
250	Copy	2025-08-24 03:50:14.532421	en	2025-08-24 03:50:14.532421	121
251	Input	2025-08-24 03:50:14.532421	en	2025-08-24 03:50:14.532421	122
252	Code Scratchpad	2025-08-24 03:50:14.532421	en	2025-08-24 03:50:14.532421	123
253	Clear	2025-08-24 03:50:14.532421	en	2025-08-24 03:50:14.532421	124
254	C++	2025-08-24 03:50:14.532421	en	2025-08-24 03:50:14.532421	125
255	Output	2025-08-24 03:50:14.532421	en	2025-08-24 03:50:14.532421	126
256	Download code	2025-08-24 03:50:14.532421	en	2025-08-24 03:50:14.532421	127
257	Python	2025-08-24 03:50:14.532421	en	2025-08-24 03:50:14.532421	128
258	Enter input data here...	2025-08-24 03:50:14.532421	en	2025-08-24 03:50:14.532421	129
259	Download	2025-08-24 03:50:14.532421	en	2025-08-24 03:50:14.532421	130
260	Clear Code	2025-08-24 03:50:14.532421	en	2025-08-24 03:50:14.532421	131
261	An error occurred while running the code	2025-08-24 03:50:14.532421	en	2025-08-24 03:50:14.532421	132
262	Chạy code	2025-08-24 03:50:19.988439	vi	2025-08-24 03:50:19.988439	111
263	Xóa code	2025-08-24 03:50:19.988439	vi	2025-08-24 03:50:19.988439	112
264	Trình soạn thảo	2025-08-24 03:50:19.988439	vi	2025-08-24 03:50:19.988439	113
265	Kết quả sẽ hiển thị tại đây	2025-08-24 03:50:19.988439	vi	2025-08-24 03:50:19.988439	114
266	Sao chép	2025-08-24 03:50:19.988439	vi	2025-08-24 03:50:19.988439	115
267	Tên file	2025-08-24 03:50:19.988439	vi	2025-08-24 03:50:19.988439	116
268	Java	2025-08-24 03:50:19.988439	vi	2025-08-24 03:50:19.988439	117
269	Xóa	2025-08-24 03:50:19.988439	vi	2025-08-24 03:50:19.988439	118
270	JavaScript	2025-08-24 03:50:19.988439	vi	2025-08-24 03:50:19.988439	119
271	Đang chạy code...	2025-08-24 03:50:19.988439	vi	2025-08-24 03:50:19.988439	120
272	Sao chép	2025-08-24 03:50:19.988439	vi	2025-08-24 03:50:19.988439	121
273	Đầu vào	2025-08-24 03:50:19.988439	vi	2025-08-24 03:50:19.988439	122
274	Bảng nháp code	2025-08-24 03:50:19.988439	vi	2025-08-24 03:50:19.988439	123
275	Xóa	2025-08-24 03:50:19.988439	vi	2025-08-24 03:50:19.988439	124
276	C++	2025-08-24 03:50:19.988439	vi	2025-08-24 03:50:19.988439	125
277	Kết quả	2025-08-24 03:50:19.988439	vi	2025-08-24 03:50:19.988439	126
278	Tải code	2025-08-24 03:50:19.988439	vi	2025-08-24 03:50:19.988439	127
279	Python	2025-08-24 03:50:19.988439	vi	2025-08-24 03:50:19.988439	128
280	Nhập dữ liệu đầu vào tại đây...	2025-08-24 03:50:19.988439	vi	2025-08-24 03:50:19.988439	129
281	Tải code	2025-08-24 03:50:19.988439	vi	2025-08-24 03:50:19.988439	130
282	Xóa code	2025-08-24 03:50:19.988439	vi	2025-08-24 03:50:19.988439	131
283	Có lỗi xảy ra khi chạy code	2025-08-24 03:50:19.988439	vi	2025-08-24 03:50:19.988439	132
284	Management	2025-08-24 03:58:50.840169	en	2025-08-24 03:58:50.840169	136
285	Logout	2025-08-24 03:58:50.840169	en	2025-08-24 03:58:50.840169	135
286	Scratchpad	2025-08-24 03:58:50.840169	en	2025-08-24 03:58:50.840169	133
287	Change Password	2025-08-24 03:58:50.840169	en	2025-08-24 03:58:50.840169	134
288	Quản lý	2025-08-24 03:58:54.684376	vi	2025-08-24 03:58:54.684376	136
289	Đăng xuất	2025-08-24 03:58:54.684376	vi	2025-08-24 03:58:54.684376	135
290	Bảng nháp	2025-08-24 03:58:54.684376	vi	2025-08-24 03:58:54.684376	133
291	Đổi mật khẩu	2025-08-24 03:58:54.684376	vi	2025-08-24 03:58:54.684376	134
292	Unexpected response from server	2025-08-24 04:13:04.129765	en	2025-08-24 04:13:04.129765	137
293	Processing...	2025-08-24 04:13:04.129765	en	2025-08-24 04:13:04.129765	138
294	Forgot password?	2025-08-24 04:13:04.129765	en	2025-08-24 04:13:04.129765	139
295	Registration successful! Redirecting...	2025-08-24 04:13:04.129765	en	2025-08-24 04:13:04.129765	140
296	Don't have an account?	2025-08-24 04:13:04.129765	en	2025-08-24 04:13:04.129765	141
297	Already have an account?	2025-08-24 04:13:04.129765	en	2025-08-24 04:13:04.129765	142
298	Sign Up	2025-08-24 04:13:04.129765	en	2025-08-24 04:13:04.129765	143
299	Confirm Password	2025-08-24 04:13:04.129765	en	2025-08-24 04:13:04.129765	144
300	Username	2025-08-24 04:13:04.129765	en	2025-08-24 04:13:04.129765	145
301	Login successful!	2025-08-24 04:13:04.129765	en	2025-08-24 04:13:04.129765	146
302	Sign In	2025-08-24 04:13:04.129765	en	2025-08-24 04:13:04.129765	147
303	Passwords do not match	2025-08-24 04:13:04.129765	en	2025-08-24 04:13:04.129765	148
304	Close	2025-08-24 04:13:04.129765	en	2025-08-24 04:13:04.129765	149
305	Phản hồi không mong đợi từ máy chủ	2025-08-24 04:13:09.301977	vi	2025-08-24 04:13:09.301977	137
306	Đang xử lý...	2025-08-24 04:13:09.301977	vi	2025-08-24 04:13:09.301977	138
307	Quên mật khẩu?	2025-08-24 04:13:09.301977	vi	2025-08-24 04:13:09.301977	139
308	Đăng ký thành công! Đang chuyển hướng...	2025-08-24 04:13:09.301977	vi	2025-08-24 04:13:09.301977	140
309	Chưa có tài khoản?	2025-08-24 04:13:09.301977	vi	2025-08-24 04:13:09.301977	141
310	Đã có tài khoản?	2025-08-24 04:13:09.301977	vi	2025-08-24 04:13:09.301977	142
311	Đăng ký	2025-08-24 04:13:09.301977	vi	2025-08-24 04:13:09.301977	143
312	Xác nhận mật khẩu	2025-08-24 04:13:09.301977	vi	2025-08-24 04:13:09.301977	144
313	Tên đăng nhập	2025-08-24 04:13:09.301977	vi	2025-08-24 04:13:09.301977	145
314	Đăng nhập thành công!	2025-08-24 04:13:09.301977	vi	2025-08-24 04:13:09.301977	146
315	Đăng nhập	2025-08-24 04:13:09.301977	vi	2025-08-24 04:13:09.301977	147
316	Mật khẩu không khớp	2025-08-24 04:13:09.301977	vi	2025-08-24 04:13:09.301977	148
317	Đóng	2025-08-24 04:13:09.301977	vi	2025-08-24 04:13:09.301977	149
\.


--
-- Data for Name: user_activity_data; Type: TABLE DATA; Schema: public; Owner: postgres
--

COPY public.user_activity_data (id, activity_sequence, activity_type, additional_metadata, created_at, difficulty_level, programming_language, session_id, session_start_time, submission_id, time_spent_seconds, was_successful, problem_id, user_id) FROM stdin;
\.


--
-- Data for Name: user_solved_problems; Type: TABLE DATA; Schema: public; Owner: postgres
--

COPY public.user_solved_problems (id, solved_at, problem_id, user_id) FROM stdin;
1	2025-05-22 05:25:25.797726	6	14
2	2025-05-23 08:36:47.586627	6	1
3	2025-05-26 12:33:49.233697	2	13
4	2025-05-26 12:49:29.786511	14	1
5	2025-05-26 15:46:28.310889	6	16
6	2025-05-26 15:47:27.104425	14	16
7	2025-05-26 15:48:35.181329	14	15
8	2025-05-28 22:16:32.139467	5	15
9	2025-05-28 22:21:37.980323	6	15
10	2025-05-29 20:07:17.072426	1	16
11	2025-05-29 20:13:57.638537	1	15
12	2025-05-29 20:53:38.331734	3	15
13	2025-05-29 21:04:31.290471	4	15
14	2025-05-29 21:18:17.794293	17	15
15	2025-05-30 07:40:47.401249	1	1
16	2025-05-30 08:42:37.595242	6	17
17	2025-06-03 07:32:10.048821	17	1
18	2025-06-03 08:11:58.787917	18	1
19	2025-06-03 08:18:09.327403	3	1
20	2025-06-03 08:20:37.164937	4	1
21	2025-06-04 09:31:33.619864	22	1
22	2025-06-04 09:50:46.86904	22	15
23	2025-06-05 10:58:36.546563	26	1
24	2025-06-06 06:37:59.160508	3	16
25	2025-06-18 13:44:06.271297	40	1
26	2025-06-19 12:52:41.35878	41	1
27	2025-06-19 12:53:55.821835	42	1
28	2025-06-19 13:00:20.675545	43	1
29	2025-06-19 13:01:30.643537	44	1
30	2025-06-20 07:20:30.477764	50	1
31	2025-06-20 20:55:03.31418	91	1
32	2025-06-20 21:28:38.467236	45	1
33	2025-06-21 05:10:55.924458	88	1
34	2025-06-21 05:51:19.647683	90	1
35	2025-06-21 05:59:59.4849	86	1
36	2025-06-21 08:45:22.142513	43	16
37	2025-06-21 08:46:37.197232	40	16
38	2025-07-17 08:14:09.399593	40	15
39	2025-07-17 09:11:05.250794	43	15
\.


--
-- Data for Name: users; Type: TABLE DATA; Schema: public; Owner: postgres
--

COPY public.users (id, created_at, email, password, role, username) FROM stdin;
13	2025-05-21 09:23:11.247263	hihi@hihi.hihi	$2a$10$FtFOBJ9b731PJdtnLzKo2.eD3TEr3RjOnxI60mZE6PWeQGaJJEdAW	INSTRUCTOR	hihihihi
14	2025-05-22 05:21:23.653751	in@in.in	$2a$10$fLaXA0QYJs/uDPmYAuoGYeN5gIlkUCXPBKa3VN0QOy2.0QVYo5E76	INSTRUCTOR	instructor
18	2025-05-26 12:20:14.366736	t@t.tfff	$2a$10$2JIF/0KEZKZfuPyDYnPxmem/lTbGegI5.oOwBauJdQ.tqZHDy6lgm	ADMIN	abcddfadf
1	2025-05-21 06:47:38.495787	test@testtt.com	$2a$10$qBzZ5ysA/Bl2bdTJhU3Ms.i8mScIZhYOlH19q2wRyt2QzkbkAxjHi	ADMIN	nhatnguyen
15	2025-05-23 05:58:22.327581	hi@hi.hi	$2a$10$fNZ3O1aTJ6RSKbxs2u02AuQqpM2qRCBA9ib/WBYVB13BvrUoQtILO	USER	hihi
16	2025-05-25 08:48:25.360002	test@test.j	$2a$10$hD1YUdppEGVYaZ7hejad5ufD7ZjeYuhC716OVo0LUXNtbS01akr..	USER	abc
17	2025-05-25 08:48:48.990471	test@test.jjsfd	$2a$10$gvTP9hfOfB1YoLYA45R.KObKmvOy6mDxziIC6jTWe7xDQ9yub.pq6	USER	abcd
\.


--
-- Name: contest_chats_id_seq; Type: SEQUENCE SET; Schema: public; Owner: postgres
--

SELECT pg_catalog.setval('public.contest_chats_id_seq', 1, false);


--
-- Name: contest_registrations_id_seq; Type: SEQUENCE SET; Schema: public; Owner: postgres
--

SELECT pg_catalog.setval('public.contest_registrations_id_seq', 45, true);


--
-- Name: contests_id_seq; Type: SEQUENCE SET; Schema: public; Owner: postgres
--

SELECT pg_catalog.setval('public.contests_id_seq', 22, true);


--
-- Name: problem_comments_id_seq; Type: SEQUENCE SET; Schema: public; Owner: postgres
--

SELECT pg_catalog.setval('public.problem_comments_id_seq', 5, true);


--
-- Name: problem_reports_id_seq; Type: SEQUENCE SET; Schema: public; Owner: postgres
--

SELECT pg_catalog.setval('public.problem_reports_id_seq', 2, true);


--
-- Name: problem_translations_id_seq; Type: SEQUENCE SET; Schema: public; Owner: postgres
--

SELECT pg_catalog.setval('public.problem_translations_id_seq', 54, true);


--
-- Name: problems_id_seq; Type: SEQUENCE SET; Schema: public; Owner: postgres
--

SELECT pg_catalog.setval('public.problems_id_seq', 94, true);


--
-- Name: submissions_id_seq; Type: SEQUENCE SET; Schema: public; Owner: postgres
--

SELECT pg_catalog.setval('public.submissions_id_seq', 648, true);


--
-- Name: test_case_results_id_seq; Type: SEQUENCE SET; Schema: public; Owner: postgres
--

SELECT pg_catalog.setval('public.test_case_results_id_seq', 1683, true);


--
-- Name: test_cases_id_seq; Type: SEQUENCE SET; Schema: public; Owner: postgres
--

SELECT pg_catalog.setval('public.test_cases_id_seq', 248, true);


--
-- Name: translation_key_id_seq; Type: SEQUENCE SET; Schema: public; Owner: postgres
--

SELECT pg_catalog.setval('public.translation_key_id_seq', 149, true);


--
-- Name: translation_value_id_seq; Type: SEQUENCE SET; Schema: public; Owner: postgres
--

SELECT pg_catalog.setval('public.translation_value_id_seq', 317, true);


--
-- Name: user_activity_data_id_seq; Type: SEQUENCE SET; Schema: public; Owner: postgres
--

SELECT pg_catalog.setval('public.user_activity_data_id_seq', 1, false);


--
-- Name: user_solved_problems_id_seq; Type: SEQUENCE SET; Schema: public; Owner: postgres
--

SELECT pg_catalog.setval('public.user_solved_problems_id_seq', 39, true);


--
-- Name: users_id_seq; Type: SEQUENCE SET; Schema: public; Owner: postgres
--

SELECT pg_catalog.setval('public.users_id_seq', 18, true);


--
-- Name: contest_chats contest_chats_pkey; Type: CONSTRAINT; Schema: public; Owner: postgres
--

ALTER TABLE ONLY public.contest_chats
    ADD CONSTRAINT contest_chats_pkey PRIMARY KEY (id);


--
-- Name: contest_registrations contest_registrations_pkey; Type: CONSTRAINT; Schema: public; Owner: postgres
--

ALTER TABLE ONLY public.contest_registrations
    ADD CONSTRAINT contest_registrations_pkey PRIMARY KEY (id);


--
-- Name: contests contests_pkey; Type: CONSTRAINT; Schema: public; Owner: postgres
--

ALTER TABLE ONLY public.contests
    ADD CONSTRAINT contests_pkey PRIMARY KEY (id);


--
-- Name: problem_comments problem_comments_pkey; Type: CONSTRAINT; Schema: public; Owner: postgres
--

ALTER TABLE ONLY public.problem_comments
    ADD CONSTRAINT problem_comments_pkey PRIMARY KEY (id);


--
-- Name: problem_function_signatures problem_function_signatures_pkey; Type: CONSTRAINT; Schema: public; Owner: postgres
--

ALTER TABLE ONLY public.problem_function_signatures
    ADD CONSTRAINT problem_function_signatures_pkey PRIMARY KEY (problem_id, language);


--
-- Name: problem_reports problem_reports_pkey; Type: CONSTRAINT; Schema: public; Owner: postgres
--

ALTER TABLE ONLY public.problem_reports
    ADD CONSTRAINT problem_reports_pkey PRIMARY KEY (id);


--
-- Name: problem_supported_languages problem_supported_languages_pkey; Type: CONSTRAINT; Schema: public; Owner: postgres
--

ALTER TABLE ONLY public.problem_supported_languages
    ADD CONSTRAINT problem_supported_languages_pkey PRIMARY KEY (problem_id, language);


--
-- Name: problem_translations problem_translations_pkey; Type: CONSTRAINT; Schema: public; Owner: postgres
--

ALTER TABLE ONLY public.problem_translations
    ADD CONSTRAINT problem_translations_pkey PRIMARY KEY (id);


--
-- Name: problem_translations problem_translations_problem_id_language_key; Type: CONSTRAINT; Schema: public; Owner: postgres
--

ALTER TABLE ONLY public.problem_translations
    ADD CONSTRAINT problem_translations_problem_id_language_key UNIQUE (problem_id, language);


--
-- Name: problems problems_pkey; Type: CONSTRAINT; Schema: public; Owner: postgres
--

ALTER TABLE ONLY public.problems
    ADD CONSTRAINT problems_pkey PRIMARY KEY (id);


--
-- Name: submissions submissions_pkey; Type: CONSTRAINT; Schema: public; Owner: postgres
--

ALTER TABLE ONLY public.submissions
    ADD CONSTRAINT submissions_pkey PRIMARY KEY (id);


--
-- Name: test_case_results test_case_results_pkey; Type: CONSTRAINT; Schema: public; Owner: postgres
--

ALTER TABLE ONLY public.test_case_results
    ADD CONSTRAINT test_case_results_pkey PRIMARY KEY (id);


--
-- Name: test_cases test_cases_pkey; Type: CONSTRAINT; Schema: public; Owner: postgres
--

ALTER TABLE ONLY public.test_cases
    ADD CONSTRAINT test_cases_pkey PRIMARY KEY (id);


--
-- Name: translation_key translation_key_pkey; Type: CONSTRAINT; Schema: public; Owner: postgres
--

ALTER TABLE ONLY public.translation_key
    ADD CONSTRAINT translation_key_pkey PRIMARY KEY (id);


--
-- Name: translation_value translation_value_pkey; Type: CONSTRAINT; Schema: public; Owner: postgres
--

ALTER TABLE ONLY public.translation_value
    ADD CONSTRAINT translation_value_pkey PRIMARY KEY (id);


--
-- Name: users uk6dotkott2kjsp8vw4d0m25fb7; Type: CONSTRAINT; Schema: public; Owner: postgres
--

ALTER TABLE ONLY public.users
    ADD CONSTRAINT uk6dotkott2kjsp8vw4d0m25fb7 UNIQUE (email);


--
-- Name: contests uk8ass981wckg2uhhm0w2yr3420; Type: CONSTRAINT; Schema: public; Owner: postgres
--

ALTER TABLE ONLY public.contests
    ADD CONSTRAINT uk8ass981wckg2uhhm0w2yr3420 UNIQUE (contest_code);


--
-- Name: translation_key ukdp9glhcblr1apjc16c8w9rex3; Type: CONSTRAINT; Schema: public; Owner: postgres
--

ALTER TABLE ONLY public.translation_key
    ADD CONSTRAINT ukdp9glhcblr1apjc16c8w9rex3 UNIQUE (code);


--
-- Name: users ukr43af9ap4edm43mmtq01oddj6; Type: CONSTRAINT; Schema: public; Owner: postgres
--

ALTER TABLE ONLY public.users
    ADD CONSTRAINT ukr43af9ap4edm43mmtq01oddj6 UNIQUE (username);


--
-- Name: user_activity_data user_activity_data_pkey; Type: CONSTRAINT; Schema: public; Owner: postgres
--

ALTER TABLE ONLY public.user_activity_data
    ADD CONSTRAINT user_activity_data_pkey PRIMARY KEY (id);


--
-- Name: user_solved_problems user_solved_problems_pkey; Type: CONSTRAINT; Schema: public; Owner: postgres
--

ALTER TABLE ONLY public.user_solved_problems
    ADD CONSTRAINT user_solved_problems_pkey PRIMARY KEY (id);


--
-- Name: users users_pkey; Type: CONSTRAINT; Schema: public; Owner: postgres
--

ALTER TABLE ONLY public.users
    ADD CONSTRAINT users_pkey PRIMARY KEY (id);


--
-- Name: idx_activity_created_at; Type: INDEX; Schema: public; Owner: postgres
--

CREATE INDEX idx_activity_created_at ON public.user_activity_data USING btree (created_at);


--
-- Name: idx_activity_problem_id; Type: INDEX; Schema: public; Owner: postgres
--

CREATE INDEX idx_activity_problem_id ON public.user_activity_data USING btree (problem_id);


--
-- Name: idx_activity_session_id; Type: INDEX; Schema: public; Owner: postgres
--

CREATE INDEX idx_activity_session_id ON public.user_activity_data USING btree (session_id);


--
-- Name: idx_activity_type; Type: INDEX; Schema: public; Owner: postgres
--

CREATE INDEX idx_activity_type ON public.user_activity_data USING btree (activity_type);


--
-- Name: idx_activity_user_id; Type: INDEX; Schema: public; Owner: postgres
--

CREATE INDEX idx_activity_user_id ON public.user_activity_data USING btree (user_id);


--
-- Name: idx_problem_translations_problem_lang; Type: INDEX; Schema: public; Owner: postgres
--

CREATE INDEX idx_problem_translations_problem_lang ON public.problem_translations USING btree (problem_id, language);


--
-- Name: idx_translation_key_code; Type: INDEX; Schema: public; Owner: postgres
--

CREATE INDEX idx_translation_key_code ON public.translation_key USING btree (code);


--
-- Name: idx_translation_value_key_lang; Type: INDEX; Schema: public; Owner: postgres
--

CREATE INDEX idx_translation_value_key_lang ON public.translation_value USING btree (translation_key_id, language_code);


--
-- Name: idx_translation_value_language; Type: INDEX; Schema: public; Owner: postgres
--

CREATE INDEX idx_translation_value_language ON public.translation_value USING btree (language_code);


--
-- Name: translation_value fk15m2n8wid9314usk5rw7ntcty; Type: FK CONSTRAINT; Schema: public; Owner: postgres
--

ALTER TABLE ONLY public.translation_value
    ADD CONSTRAINT fk15m2n8wid9314usk5rw7ntcty FOREIGN KEY (translation_key_id) REFERENCES public.translation_key(id);


--
-- Name: contest_registrations fk1s8sjd7jay95uhocir4q6ueu1; Type: FK CONSTRAINT; Schema: public; Owner: postgres
--

ALTER TABLE ONLY public.contest_registrations
    ADD CONSTRAINT fk1s8sjd7jay95uhocir4q6ueu1 FOREIGN KEY (user_id) REFERENCES public.users(id);


--
-- Name: contest_problems fk1yhtamj20rnoiujl2ipd7xdoo; Type: FK CONSTRAINT; Schema: public; Owner: postgres
--

ALTER TABLE ONLY public.contest_problems
    ADD CONSTRAINT fk1yhtamj20rnoiujl2ipd7xdoo FOREIGN KEY (contest_id) REFERENCES public.contests(id);


--
-- Name: problem_comments fk2ejlxsd61ciq2emegbkfli3cw; Type: FK CONSTRAINT; Schema: public; Owner: postgres
--

ALTER TABLE ONLY public.problem_comments
    ADD CONSTRAINT fk2ejlxsd61ciq2emegbkfli3cw FOREIGN KEY (user_id) REFERENCES public.users(id);


--
-- Name: test_case_results fk3qr7gub8ibhtd0t32gl87e9x8; Type: FK CONSTRAINT; Schema: public; Owner: postgres
--

ALTER TABLE ONLY public.test_case_results
    ADD CONSTRAINT fk3qr7gub8ibhtd0t32gl87e9x8 FOREIGN KEY (submission_id) REFERENCES public.submissions(id);


--
-- Name: problem_reports fk67xguphjkmojevb3otcrpjkbe; Type: FK CONSTRAINT; Schema: public; Owner: postgres
--

ALTER TABLE ONLY public.problem_reports
    ADD CONSTRAINT fk67xguphjkmojevb3otcrpjkbe FOREIGN KEY (reviewed_by) REFERENCES public.users(id);


--
-- Name: contests fk6nqcigvocbjh5py2cgvgt7oea; Type: FK CONSTRAINT; Schema: public; Owner: postgres
--

ALTER TABLE ONLY public.contests
    ADD CONSTRAINT fk6nqcigvocbjh5py2cgvgt7oea FOREIGN KEY (created_by_id) REFERENCES public.users(id);


--
-- Name: submissions fk760bgu69957phd7hax608jdms; Type: FK CONSTRAINT; Schema: public; Owner: postgres
--

ALTER TABLE ONLY public.submissions
    ADD CONSTRAINT fk760bgu69957phd7hax608jdms FOREIGN KEY (user_id) REFERENCES public.users(id);


--
-- Name: user_solved_problems fk9nra8p52y65yyj1mnojrhnovt; Type: FK CONSTRAINT; Schema: public; Owner: postgres
--

ALTER TABLE ONLY public.user_solved_problems
    ADD CONSTRAINT fk9nra8p52y65yyj1mnojrhnovt FOREIGN KEY (user_id) REFERENCES public.users(id);


--
-- Name: user_activity_data fk9oxlc13wpoi10nkpw12rhfphf; Type: FK CONSTRAINT; Schema: public; Owner: postgres
--

ALTER TABLE ONLY public.user_activity_data
    ADD CONSTRAINT fk9oxlc13wpoi10nkpw12rhfphf FOREIGN KEY (user_id) REFERENCES public.users(id);


--
-- Name: user_activity_data fkassb9ryoven98hov6ntju0an9; Type: FK CONSTRAINT; Schema: public; Owner: postgres
--

ALTER TABLE ONLY public.user_activity_data
    ADD CONSTRAINT fkassb9ryoven98hov6ntju0an9 FOREIGN KEY (problem_id) REFERENCES public.problems(id);


--
-- Name: submissions fkcsxd8nolqrmnpwgulxeqy0is8; Type: FK CONSTRAINT; Schema: public; Owner: postgres
--

ALTER TABLE ONLY public.submissions
    ADD CONSTRAINT fkcsxd8nolqrmnpwgulxeqy0is8 FOREIGN KEY (contest_id) REFERENCES public.contests(id);


--
-- Name: contest_chats fkemcxgh5bkqm43eqh2rhup0huc; Type: FK CONSTRAINT; Schema: public; Owner: postgres
--

ALTER TABLE ONLY public.contest_chats
    ADD CONSTRAINT fkemcxgh5bkqm43eqh2rhup0huc FOREIGN KEY (contest_id) REFERENCES public.contests(id);


--
-- Name: problem_supported_languages fkff7t465du1ug40u4fjxurbtog; Type: FK CONSTRAINT; Schema: public; Owner: postgres
--

ALTER TABLE ONLY public.problem_supported_languages
    ADD CONSTRAINT fkff7t465du1ug40u4fjxurbtog FOREIGN KEY (problem_id) REFERENCES public.problems(id);


--
-- Name: contest_registrations fkhdpd7utl67hsa3w4piistvrjc; Type: FK CONSTRAINT; Schema: public; Owner: postgres
--

ALTER TABLE ONLY public.contest_registrations
    ADD CONSTRAINT fkhdpd7utl67hsa3w4piistvrjc FOREIGN KEY (contest_id) REFERENCES public.contests(id);


--
-- Name: problem_reports fkibvnjr89p5e12c2c9u1gjvgdv; Type: FK CONSTRAINT; Schema: public; Owner: postgres
--

ALTER TABLE ONLY public.problem_reports
    ADD CONSTRAINT fkibvnjr89p5e12c2c9u1gjvgdv FOREIGN KEY (problem_id) REFERENCES public.problems(id);


--
-- Name: user_solved_problems fkim0qy1die8xw9cwhatscpwus4; Type: FK CONSTRAINT; Schema: public; Owner: postgres
--

ALTER TABLE ONLY public.user_solved_problems
    ADD CONSTRAINT fkim0qy1die8xw9cwhatscpwus4 FOREIGN KEY (problem_id) REFERENCES public.problems(id);


--
-- Name: submissions fkj5kbdqokftgx992cx24x3s583; Type: FK CONSTRAINT; Schema: public; Owner: postgres
--

ALTER TABLE ONLY public.submissions
    ADD CONSTRAINT fkj5kbdqokftgx992cx24x3s583 FOREIGN KEY (problem_id) REFERENCES public.problems(id);


--
-- Name: activity_data_types fkl2ll6dmou60g2y5ni8d8r04se; Type: FK CONSTRAINT; Schema: public; Owner: postgres
--

ALTER TABLE ONLY public.activity_data_types
    ADD CONSTRAINT fkl2ll6dmou60g2y5ni8d8r04se FOREIGN KEY (activity_id) REFERENCES public.user_activity_data(id);


--
-- Name: problem_reports fklmy30fjiy6opw1iw1rcheo8fi; Type: FK CONSTRAINT; Schema: public; Owner: postgres
--

ALTER TABLE ONLY public.problem_reports
    ADD CONSTRAINT fklmy30fjiy6opw1iw1rcheo8fi FOREIGN KEY (reported_by) REFERENCES public.users(id);


--
-- Name: activity_topics fkmj4ooc0m1k5l9xa9agvebfiar; Type: FK CONSTRAINT; Schema: public; Owner: postgres
--

ALTER TABLE ONLY public.activity_topics
    ADD CONSTRAINT fkmj4ooc0m1k5l9xa9agvebfiar FOREIGN KEY (activity_id) REFERENCES public.user_activity_data(id);


--
-- Name: problems fkmnwvifcr9q5s3p7edw0cyctky; Type: FK CONSTRAINT; Schema: public; Owner: postgres
--

ALTER TABLE ONLY public.problems
    ADD CONSTRAINT fkmnwvifcr9q5s3p7edw0cyctky FOREIGN KEY (created_by) REFERENCES public.users(id);


--
-- Name: problem_topics fkof3n6jwq76v5l99882e77qdxm; Type: FK CONSTRAINT; Schema: public; Owner: postgres
--

ALTER TABLE ONLY public.problem_topics
    ADD CONSTRAINT fkof3n6jwq76v5l99882e77qdxm FOREIGN KEY (problem_id) REFERENCES public.problems(id);


--
-- Name: contest_chats fkomw67wktmfvmeswhu9ej2road; Type: FK CONSTRAINT; Schema: public; Owner: postgres
--

ALTER TABLE ONLY public.contest_chats
    ADD CONSTRAINT fkomw67wktmfvmeswhu9ej2road FOREIGN KEY (user_id) REFERENCES public.users(id);


--
-- Name: problem_comments fkovdvk5hncxyoo60liwm00wp8d; Type: FK CONSTRAINT; Schema: public; Owner: postgres
--

ALTER TABLE ONLY public.problem_comments
    ADD CONSTRAINT fkovdvk5hncxyoo60liwm00wp8d FOREIGN KEY (parent_comment_id) REFERENCES public.problem_comments(id);


--
-- Name: contest_problems fkqqps7ixp2sidn9ktk7h34pee; Type: FK CONSTRAINT; Schema: public; Owner: postgres
--

ALTER TABLE ONLY public.contest_problems
    ADD CONSTRAINT fkqqps7ixp2sidn9ktk7h34pee FOREIGN KEY (problem_id) REFERENCES public.problems(id);


--
-- Name: problem_comments fkr2qo0k64sn9ovbgr75nw7vi2r; Type: FK CONSTRAINT; Schema: public; Owner: postgres
--

ALTER TABLE ONLY public.problem_comments
    ADD CONSTRAINT fkr2qo0k64sn9ovbgr75nw7vi2r FOREIGN KEY (problem_id) REFERENCES public.problems(id);


--
-- Name: problem_function_signatures fkr8f7aj3xsb58t2sdlfksksl7q; Type: FK CONSTRAINT; Schema: public; Owner: postgres
--

ALTER TABLE ONLY public.problem_function_signatures
    ADD CONSTRAINT fkr8f7aj3xsb58t2sdlfksksl7q FOREIGN KEY (problem_id) REFERENCES public.problems(id);


--
-- Name: test_case_results fkrn45u7fwwlyncx1fqjupya6gm; Type: FK CONSTRAINT; Schema: public; Owner: postgres
--

ALTER TABLE ONLY public.test_case_results
    ADD CONSTRAINT fkrn45u7fwwlyncx1fqjupya6gm FOREIGN KEY (test_case_id) REFERENCES public.test_cases(id);


--
-- Name: test_cases fktddrw6qnmvhxky105cag980j3; Type: FK CONSTRAINT; Schema: public; Owner: postgres
--

ALTER TABLE ONLY public.test_cases
    ADD CONSTRAINT fktddrw6qnmvhxky105cag980j3 FOREIGN KEY (problem_id) REFERENCES public.problems(id);


--
-- Name: problem_translations problem_translations_problem_id_fkey; Type: FK CONSTRAINT; Schema: public; Owner: postgres
--

ALTER TABLE ONLY public.problem_translations
    ADD CONSTRAINT problem_translations_problem_id_fkey FOREIGN KEY (problem_id) REFERENCES public.problems(id) ON DELETE CASCADE;


--
-- PostgreSQL database dump complete
--

