--
-- PostgreSQL database dump
--

-- Dumped from database version 17.5 (Debian 17.5-1.pgdg120+1)
-- Dumped by pg_dump version 17.5 (Debian 17.5-1.pgdg120+1)

SET statement_timeout = 0;
SET lock_timeout = 0;
SET idle_in_transaction_session_timeout = 0;
SET transaction_timeout = 0;
SET client_encoding = 'UTF8';
SET standard_conforming_strings = on;
SELECT pg_catalog.set_config('search_path', '', false);
SET check_function_bodies = false;
SET xmloption = content;
SET client_min_messages = warning;
SET row_security = off;

SET default_tablespace = '';

SET default_table_access_method = heap;

--
-- Name: activity_data_types; Type: TABLE; Schema: public; Owner: postgres
--

CREATE TABLE public.activity_data_types (
    activity_id bigint NOT NULL,
    data_type character varying(50)
);


ALTER TABLE public.activity_data_types OWNER TO postgres;

--
-- Name: activity_topics; Type: TABLE; Schema: public; Owner: postgres
--

CREATE TABLE public.activity_topics (
    activity_id bigint NOT NULL,
    topic character varying(100)
);


ALTER TABLE public.activity_topics OWNER TO postgres;

--
-- Name: contest_problems; Type: TABLE; Schema: public; Owner: postgres
--

CREATE TABLE public.contest_problems (
    problem_id bigint NOT NULL,
    contest_id bigint NOT NULL
);


ALTER TABLE public.contest_problems OWNER TO postgres;

--
-- Name: contest_registrations; Type: TABLE; Schema: public; Owner: postgres
--

CREATE TABLE public.contest_registrations (
    id bigint NOT NULL,
    registered_at timestamp(6) without time zone,
    status character varying(255) NOT NULL,
    total_score double precision,
    contest_id bigint NOT NULL,
    user_id bigint NOT NULL,
    CONSTRAINT contest_registrations_status_check CHECK (((status)::text = ANY ((ARRAY['PENDING'::character varying, 'APPROVED'::character varying, 'REJECTED'::character varying])::text[])))
);


ALTER TABLE public.contest_registrations OWNER TO postgres;

--
-- Name: contest_registrations_id_seq; Type: SEQUENCE; Schema: public; Owner: postgres
--

ALTER TABLE public.contest_registrations ALTER COLUMN id ADD GENERATED BY DEFAULT AS IDENTITY (
    SEQUENCE NAME public.contest_registrations_id_seq
    START WITH 1
    INCREMENT BY 1
    NO MINVALUE
    NO MAXVALUE
    CACHE 1
);


--
-- Name: contests; Type: TABLE; Schema: public; Owner: postgres
--

CREATE TABLE public.contests (
    id bigint NOT NULL,
    created_at timestamp(6) without time zone,
    description text,
    end_time timestamp(6) without time zone NOT NULL,
    is_public boolean,
    max_participants integer,
    start_time timestamp(6) without time zone NOT NULL,
    status character varying(255) NOT NULL,
    title character varying(255) NOT NULL,
    created_by_id bigint NOT NULL,
    deleted_at timestamp(6) without time zone,
    deleted_by bigint,
    deleted boolean DEFAULT false NOT NULL,
    CONSTRAINT contests_status_check CHECK (((status)::text = ANY ((ARRAY['DRAFT'::character varying, 'UPCOMING'::character varying, 'ONGOING'::character varying, 'COMPLETED'::character varying, 'CANCELLED'::character varying])::text[])))
);


ALTER TABLE public.contests OWNER TO postgres;

--
-- Name: contests_id_seq; Type: SEQUENCE; Schema: public; Owner: postgres
--

ALTER TABLE public.contests ALTER COLUMN id ADD GENERATED BY DEFAULT AS IDENTITY (
    SEQUENCE NAME public.contests_id_seq
    START WITH 1
    INCREMENT BY 1
    NO MINVALUE
    NO MAXVALUE
    CACHE 1
);


--
-- Name: problem_function_signatures; Type: TABLE; Schema: public; Owner: postgres
--

CREATE TABLE public.problem_function_signatures (
    problem_id bigint NOT NULL,
    signature text,
    language character varying(255) NOT NULL
);


ALTER TABLE public.problem_function_signatures OWNER TO postgres;

--
-- Name: problem_supported_languages; Type: TABLE; Schema: public; Owner: postgres
--

CREATE TABLE public.problem_supported_languages (
    problem_id bigint NOT NULL,
    is_supported boolean,
    language character varying(255) NOT NULL
);


ALTER TABLE public.problem_supported_languages OWNER TO postgres;

--
-- Name: problem_topics; Type: TABLE; Schema: public; Owner: postgres
--

CREATE TABLE public.problem_topics (
    problem_id bigint NOT NULL,
    topic character varying(255)
);


ALTER TABLE public.problem_topics OWNER TO postgres;

--
-- Name: problem_translations; Type: TABLE; Schema: public; Owner: postgres
--

CREATE TABLE public.problem_translations (
    id bigint NOT NULL,
    problem_id bigint NOT NULL,
    language character varying(10) NOT NULL,
    title character varying(255),
    description text,
    constraints text,
    created_at timestamp without time zone DEFAULT now(),
    updated_at timestamp without time zone DEFAULT now()
);


ALTER TABLE public.problem_translations OWNER TO postgres;

--
-- Name: problem_translations_id_seq; Type: SEQUENCE; Schema: public; Owner: postgres
--

CREATE SEQUENCE public.problem_translations_id_seq
    AS integer
    START WITH 1
    INCREMENT BY 1
    NO MINVALUE
    NO MAXVALUE
    CACHE 1;


ALTER SEQUENCE public.problem_translations_id_seq OWNER TO postgres;

--
-- Name: problem_translations_id_seq; Type: SEQUENCE OWNED BY; Schema: public; Owner: postgres
--

ALTER SEQUENCE public.problem_translations_id_seq OWNED BY public.problem_translations.id;


--
-- Name: problems; Type: TABLE; Schema: public; Owner: postgres
--

CREATE TABLE public.problems (
    id bigint NOT NULL,
    constraints text,
    contest_id bigint,
    created_at timestamp(6) without time zone,
    default_memory_limit integer,
    default_time_limit integer,
    description text,
    difficulty character varying(255),
    title character varying(255) NOT NULL,
    created_by bigint,
    updated_at timestamp(6) without time zone,
    deleted_at timestamp(6) without time zone,
    deleted_by bigint,
    deleted boolean DEFAULT false NOT NULL
);


ALTER TABLE public.problems OWNER TO postgres;

--
-- Name: problems_id_seq; Type: SEQUENCE; Schema: public; Owner: postgres
--

ALTER TABLE public.problems ALTER COLUMN id ADD GENERATED BY DEFAULT AS IDENTITY (
    SEQUENCE NAME public.problems_id_seq
    START WITH 1
    INCREMENT BY 1
    NO MINVALUE
    NO MAXVALUE
    CACHE 1
);


--
-- Name: submissions; Type: TABLE; Schema: public; Owner: postgres
--

CREATE TABLE public.submissions (
    id bigint NOT NULL,
    compile_error text,
    completed_at timestamp(6) without time zone,
    execution_environment character varying(255),
    language character varying(255) NOT NULL,
    memory_used_kb integer,
    passed_test_cases integer,
    queue_message_id character varying(255),
    runtime_ms integer,
    score double precision,
    source_code text NOT NULL,
    status character varying(255) NOT NULL,
    submitted_at timestamp(6) without time zone NOT NULL,
    total_test_cases integer,
    contest_id bigint,
    problem_id bigint NOT NULL,
    user_id bigint NOT NULL,
    CONSTRAINT submissions_status_check CHECK (((status)::text = ANY ((ARRAY['PENDING'::character varying, 'PROCESSING'::character varying, 'ACCEPTED'::character varying, 'WRONG_ANSWER'::character varying, 'RUNTIME_ERROR'::character varying, 'TIME_LIMIT_EXCEEDED'::character varying, 'MEMORY_LIMIT_EXCEEDED'::character varying, 'COMPILE_ERROR'::character varying, 'SYSTEM_ERROR'::character varying])::text[])))
);


ALTER TABLE public.submissions OWNER TO postgres;

--
-- Name: submissions_id_seq; Type: SEQUENCE; Schema: public; Owner: postgres
--

ALTER TABLE public.submissions ALTER COLUMN id ADD GENERATED BY DEFAULT AS IDENTITY (
    SEQUENCE NAME public.submissions_id_seq
    START WITH 1
    INCREMENT BY 1
    NO MINVALUE
    NO MAXVALUE
    CACHE 1
);


--
-- Name: test_case_results; Type: TABLE; Schema: public; Owner: postgres
--

CREATE TABLE public.test_case_results (
    id bigint NOT NULL,
    error_message text,
    is_hidden boolean,
    memory_used_kb integer,
    runtime_ms integer,
    score double precision,
    status character varying(255) NOT NULL,
    user_output text,
    submission_id bigint NOT NULL,
    test_case_id bigint NOT NULL,
    CONSTRAINT test_case_results_status_check CHECK (((status)::text = ANY ((ARRAY['PASSED'::character varying, 'FAILED'::character varying, 'RUNTIME_ERROR'::character varying, 'TIME_LIMIT_EXCEEDED'::character varying, 'MEMORY_LIMIT_EXCEEDED'::character varying, 'COMPILE_ERROR'::character varying, 'SYSTEM_ERROR'::character varying])::text[])))
);


ALTER TABLE public.test_case_results OWNER TO postgres;

--
-- Name: test_case_results_id_seq; Type: SEQUENCE; Schema: public; Owner: postgres
--

ALTER TABLE public.test_case_results ALTER COLUMN id ADD GENERATED BY DEFAULT AS IDENTITY (
    SEQUENCE NAME public.test_case_results_id_seq
    START WITH 1
    INCREMENT BY 1
    NO MINVALUE
    NO MAXVALUE
    CACHE 1
);


--
-- Name: test_cases; Type: TABLE; Schema: public; Owner: postgres
--

CREATE TABLE public.test_cases (
    id bigint NOT NULL,
    comparison_mode character varying(255),
    depends_on bigint,
    description text,
    epsilon double precision,
    expected_output_data jsonb,
    input_data jsonb,
    input_type character varying(255),
    is_example boolean,
    is_hidden boolean,
    memory_limit integer,
    output_type character varying(255),
    test_order integer,
    time_limit integer,
    weight double precision,
    problem_id bigint NOT NULL
);


ALTER TABLE public.test_cases OWNER TO postgres;

--
-- Name: test_cases_id_seq; Type: SEQUENCE; Schema: public; Owner: postgres
--

ALTER TABLE public.test_cases ALTER COLUMN id ADD GENERATED BY DEFAULT AS IDENTITY (
    SEQUENCE NAME public.test_cases_id_seq
    START WITH 1
    INCREMENT BY 1
    NO MINVALUE
    NO MAXVALUE
    CACHE 1
);


--
-- Name: user_activity_data; Type: TABLE; Schema: public; Owner: postgres
--

CREATE TABLE public.user_activity_data (
    id bigint NOT NULL,
    activity_sequence integer,
    activity_type character varying(20) NOT NULL,
    additional_metadata jsonb,
    created_at timestamp(6) without time zone NOT NULL,
    difficulty_level character varying(20),
    programming_language character varying(50),
    session_id character varying(255) NOT NULL,
    session_start_time timestamp(6) without time zone,
    submission_id bigint,
    time_spent_seconds bigint,
    was_successful boolean,
    problem_id bigint NOT NULL,
    user_id bigint NOT NULL,
    CONSTRAINT user_activity_data_activity_type_check CHECK (((activity_type)::text = ANY ((ARRAY['VIEW'::character varying, 'ATTEMPT'::character varying, 'SOLVE'::character varying, 'HEARTBEAT'::character varying])::text[])))
);


ALTER TABLE public.user_activity_data OWNER TO postgres;

--
-- Name: user_activity_data_id_seq; Type: SEQUENCE; Schema: public; Owner: postgres
--

ALTER TABLE public.user_activity_data ALTER COLUMN id ADD GENERATED BY DEFAULT AS IDENTITY (
    SEQUENCE NAME public.user_activity_data_id_seq
    START WITH 1
    INCREMENT BY 1
    NO MINVALUE
    NO MAXVALUE
    CACHE 1
);


--
-- Name: user_solved_problems; Type: TABLE; Schema: public; Owner: postgres
--

CREATE TABLE public.user_solved_problems (
    id bigint NOT NULL,
    solved_at timestamp(6) without time zone,
    problem_id bigint,
    user_id bigint
);


ALTER TABLE public.user_solved_problems OWNER TO postgres;

--
-- Name: user_solved_problems_id_seq; Type: SEQUENCE; Schema: public; Owner: postgres
--

ALTER TABLE public.user_solved_problems ALTER COLUMN id ADD GENERATED BY DEFAULT AS IDENTITY (
    SEQUENCE NAME public.user_solved_problems_id_seq
    START WITH 1
    INCREMENT BY 1
    NO MINVALUE
    NO MAXVALUE
    CACHE 1
);


--
-- Name: users; Type: TABLE; Schema: public; Owner: postgres
--

CREATE TABLE public.users (
    id bigint NOT NULL,
    created_at timestamp(6) without time zone,
    email character varying(50) NOT NULL,
    password character varying(120) NOT NULL,
    role character varying(255),
    username character varying(20) NOT NULL
);


ALTER TABLE public.users OWNER TO postgres;

--
-- Name: users_id_seq; Type: SEQUENCE; Schema: public; Owner: postgres
--

ALTER TABLE public.users ALTER COLUMN id ADD GENERATED BY DEFAULT AS IDENTITY (
    SEQUENCE NAME public.users_id_seq
    START WITH 1
    INCREMENT BY 1
    NO MINVALUE
    NO MAXVALUE
    CACHE 1
);


--
-- Name: problem_translations id; Type: DEFAULT; Schema: public; Owner: postgres
--

ALTER TABLE ONLY public.problem_translations ALTER COLUMN id SET DEFAULT nextval('public.problem_translations_id_seq'::regclass);


--
-- Data for Name: activity_data_types; Type: TABLE DATA; Schema: public; Owner: postgres
--

COPY public.activity_data_types (activity_id, data_type) FROM stdin;
\.


--
-- Data for Name: activity_topics; Type: TABLE DATA; Schema: public; Owner: postgres
--

COPY public.activity_topics (activity_id, topic) FROM stdin;
\.


--
-- Data for Name: contest_problems; Type: TABLE DATA; Schema: public; Owner: postgres
--

COPY public.contest_problems (problem_id, contest_id) FROM stdin;
5	7
3	9
5	9
1	9
6	6
2	10
3	10
4	10
6	2
6	14
16	14
1	3
3	3
3	8
4	8
5	8
1	8
6	12
3	15
6	15
3	16
6	16
1	16
5	18
5	19
1	1
2	1
2	4
3	4
4	5
5	5
\.


--
-- Data for Name: contest_registrations; Type: TABLE DATA; Schema: public; Owner: postgres
--

COPY public.contest_registrations (id, registered_at, status, total_score, contest_id, user_id) FROM stdin;
3	2025-05-21 09:24:13.669843	REJECTED	0	2	13
4	2025-05-21 09:41:45.847649	APPROVED	0	7	13
7	2025-05-23 05:59:00.867656	APPROVED	0	7	14
9	2025-05-23 08:00:14.256187	REJECTED	0	10	14
5	2025-05-22 19:55:06.510856	APPROVED	6	2	14
10	2025-05-25 07:23:55.405282	APPROVED	0	10	15
11	2025-05-28 22:20:20.695271	APPROVED	0	3	15
17	2025-05-28 23:07:00.2067	APPROVED	0	7	15
21	2025-05-28 23:17:02.488556	APPROVED	0	8	15
22	2025-05-29 08:09:16.336441	APPROVED	6	15	15
23	2025-05-29 08:28:08.198156	APPROVED	6	12	15
24	2025-05-29 08:32:57.085423	APPROVED	5	2	15
25	2025-05-29 09:10:29.61935	APPROVED	6	2	16
27	2025-05-29 09:17:20.367793	REJECTED	0	12	16
28	2025-05-29 09:20:34.561476	APPROVED	5	15	16
29	2025-05-29 20:12:34.202837	APPROVED	10	16	15
30	2025-05-30 07:42:10.262102	APPROVED	6	15	1
31	2025-05-30 08:51:02.018902	APPROVED	6	2	17
32	2025-05-30 08:52:00.703987	APPROVED	0	12	17
34	2025-06-04 09:42:53.855037	APPROVED	1	17	15
33	2025-06-03 08:17:59.332563	APPROVED	4	16	1
35	2025-06-05 17:44:07.081165	APPROVED	0	10	1
36	2025-06-06 06:37:07.784373	APPROVED	6	16	16
37	2025-06-06 09:25:41.279591	APPROVED	0	10	16
\.


--
-- Data for Name: contests; Type: TABLE DATA; Schema: public; Owner: postgres
--

COPY public.contests (id, created_at, description, end_time, is_public, max_participants, start_time, status, title, created_by_id, deleted_at, deleted_by, deleted) FROM stdin;
10	2025-05-21 08:35:52.09471	Cuộc thi kéo dài nhiều ngày	2025-12-07 23:59:59	f	500	2025-12-01 00:00:00	UPCOMING	Cuộc thi dài ngày - UPCOMING	1	\N	\N	f
8	2025-05-21 08:35:38.03472	Cuộc thi bao gồm tất cả bài toán	2025-06-01 17:00:00	t	200	2025-06-01 09:00:00	COMPLETED	Cuộc thi lớn - ONGOING	1	\N	\N	f
12	2025-05-23 06:19:10.970006	Mô tả	2025-05-30 20:10:27	f	10	2025-05-23 00:00:00	COMPLETED	tiêu đề cuộc thi	14	\N	\N	f
16	2025-05-29 20:10:48.90008	instructor	2025-06-20 00:00:00	t	100	2025-05-29 00:00:00	ONGOING	cuộc thi của instructor	14	\N	\N	f
1	2025-05-21 08:32:40.554111	Cuộc thi lập trình tháng 6	2025-06-01 12:00:00	f	50	2025-06-01 10:00:00	DRAFT	Cuộc thi tháng 6 :3	1	\N	\N	f
18	2025-06-05 17:45:56.983554	bc	2025-06-20 00:00:00	t	100	2025-06-04 00:00:00	ONGOING	abc	1	\N	\N	f
15	2025-05-28 23:10:34.122479	adsfadsf	2025-05-31 00:00:00	t	2	2025-05-28 00:00:00	COMPLETED	adfadsfas	1	2025-06-05 21:35:50.537552	1	t
4	2025-05-21 08:35:03.726834	Cuộc thi lập trình tháng 5 đã hoàn thành	2025-05-26 07:12:00	f	20	2025-05-26 00:00:00	COMPLETED	Cuộc thi tháng 5 	1	\N	\N	f
5	2025-05-21 08:35:10.223944	Cuộc thi lập trình tháng 9 bị hủy	2025-09-01 12:00:00	t	40	2025-09-01 10:00:00	CANCELLED	Cuộc thi tháng 9 - CANCELLED	1	\N	\N	f
7	2025-05-21 08:35:27.830339	Cuộc thi chỉ có một bài toán	2025-11-01 10:00:00	t	60	2025-11-01 08:00:00	UPCOMING	Cuộc thi tháng 11 - UPCOMING	1	\N	\N	f
9	2025-05-21 08:35:43.98637	Cuộc thi riêng tư với số lượng tham gia giới hạn	2025-12-01 12:00:00	t	10	2025-12-01 10:00:00	DRAFT	Cuộc thi riêng tư - DRAFT	1	2025-06-06 09:28:38.133283	1	t
6	2025-05-21 08:35:18.842428	Cuộc thi không có bài toán để kiểm tra	2025-10-01 12:00:00	f	25	2025-10-01 10:00:00	DRAFT	Cuộc thi không bài toán - DRAFT	1	\N	\N	f
17	2025-06-04 09:36:01.227904	Cuộc thi đang diễn ra ở trạng thái public	2025-06-07 09:00:00	f	1	2025-05-09 08:10:08	COMPLETED	Cuộc thi đang diễn ra 	14	\N	\N	f
19	2025-06-06 09:27:41.013574	abc	2025-06-14 00:00:00	t	100	2025-06-05 00:00:00	COMPLETED	abcdfg	1	\N	\N	f
3	2025-05-21 08:34:55.346505	Cuộc thi lập trình tháng 8 ở trạng thái ONGOING	2071-07-12 00:00:00	t	100	2034-10-08 00:00:00	UPCOMING	Cuộc thi tháng 8 - ONGOING	1	\N	\N	f
14	2025-05-25 07:52:48.37538	tesyt	2025-05-29 00:00:09	f	9	2025-05-27 00:00:00	COMPLETED	test	1	2025-05-29 08:49:41.408302	1	t
2	2025-05-21 08:34:23.256165	Cuộc thi lập trình tháng 7 ở trạng thái UPCOMING	2025-05-30 11:00:22	t	30	2025-05-01 09:00:00	COMPLETED	Cuộc thi tháng 5 	1	\N	\N	f
\.


--
-- Data for Name: problem_function_signatures; Type: TABLE DATA; Schema: public; Owner: postgres
--

COPY public.problem_function_signatures (problem_id, signature, language) FROM stdin;
3	{"functionName":"find_pair","parameterTypes":["List[int]","int"],"returnType":"List[int]"}	python
3	{"functionName":"findPair","parameterTypes":["vector<int>","int"],"returnType":"vector<int>"}	cpp
3	{"functionName":"findPair","parameterTypes":["int[]","int"],"returnType":"int[]"}	java
3	{"functionName":"findPair","parameterTypes":["number[]","number"],"returnType":"number[]"}	javascript
4	{"functionName":"is_palindrome","parameterTypes":["str"],"returnType":"bool"}	python
4	{"functionName":"isPalindrome","parameterTypes":["string"],"returnType":"bool"}	cpp
4	{"functionName":"isPalindrome","parameterTypes":["string"],"returnType":"boolean"}	java
4	{"functionName":"isPalindrome","parameterTypes":["string"],"returnType":"boolean"}	javascript
5	{"functionName":"find_second_max","parameterTypes":["List[int]"],"returnType":"int"}	python
5	{"functionName":"findSecondMax","parameterTypes":["vector<int>"],"returnType":"int"}	cpp
5	{"functionName":"findSecondMax","parameterTypes":["int[]"],"returnType":"int"}	java
5	{"functionName":"findSecondMax","parameterTypes":["number[]"],"returnType":"number"}	javascript
6	{"functionName":"sum","parameterTypes":["int","int"],"returnType":"int"}	python
6	{"functionName":"sum","parameterTypes":["int","int"],"returnType":"int"}	cpp
6	{"functionName":"sum","parameterTypes":["int","int"],"returnType":"int"}	java
6	{"functionName":"sum","parameterTypes":["number","number"],"returnType":"number"}	javascript
7	{"functionName":"findTargetInRange","parameterTypes":["int","int"],"returnType":"boolean"}	java
1	{"functionName":"findMax","parameterTypes":["List[int]"],"returnType":"int"}	python
1	{"functionName":"findMax","parameterTypes":["int[]"],"returnType":"int"}	java
2	{"functionName":"reverseString","parameterTypes":["String"],"returnType":"String"}	java
14	{"functionName":"reverse_string","parameterTypes":["str"],"returnType":"str"}	python
14	{"functionName":"reverseString","parameterTypes":["string"],"returnType":"string"}	cpp
14	{"functionName":"reverseString","parameterTypes":["String"],"returnType":"String"}	java
14	{"functionName":"reverseString","parameterTypes":["string"],"returnType":"string"}	javascript
15	{"functionName":"dfdasd","parameterTypes":["String"],"returnType":"String"}	java
16	{"functionName":"fadafs","parameterTypes":["String"],"returnType":"String"}	java
17	{"functionName":"sumEvenNumber","parameterTypes":["List[int]"],"returnType":"int"}	python
17	{"functionName":"sumEvenNumber","parameterTypes":["int[]"],"returnType":"int"}	java
18	{"functionName":"max_subarray_sum","parameterTypes":["List[int]"],"returnType":"int"}	python
18	{"functionName":"max_subarray_sum","parameterTypes":["int[]"],"returnType":"int"}	java
19	{"functionName":"laDoiXung","parameterTypes":["int[]"],"returnType":"boolean"}	java
20	{"functionName":"laDoiXung","parameterTypes":["int[]"],"returnType":"boolean"}	java
21	{"functionName":"laDoiXung","parameterTypes":["int[]"],"returnType":"boolean"}	java
22	{"functionName":"laDoiXung","parameterTypes":["int[]"],"returnType":"boolean"}	java
23	{"functionName":"fdadfasdf","parameterTypes":["int[]"],"returnType":"boolean"}	java
24	{"functionName":"tong","parameterTypes":["int"],"returnType":"int"}	java
25	{"functionName":"fdfffasdfsad","parameterTypes":["int"],"returnType":"int"}	java
26	{"functionName":"findLongestIncreasingSubsequence","parameterTypes":["int[]"],"returnType":"int"}	java
27	{"functionName":"findLongestIncreasingSubsequence","parameterTypes":["int[]"],"returnType":"int"}	java
28	{"functionName":"findLongestIncreasingSubsequence","parameterTypes":["int[]"],"returnType":"int"}	java
29	{"functionName":"acsdc","parameterTypes":["int[]"],"returnType":"int"}	java
30	{"functionName":"fadfa","parameterTypes":["Object"],"returnType":"int[]"}	java
31	{"functionName":"tongmang","parameterTypes":["int[]"],"returnType":"int"}	java
32	{"functionName":"tongmang","parameterTypes":["int[]"],"returnType":"int"}	java
33	{"functionName":"tongmang","parameterTypes":["int[]"],"returnType":"int"}	java
34	{"functionName":"tongmang","parameterTypes":["int[]"],"returnType":"int"}	java
35	{"functionName":"fadfas","parameterTypes":["int[]"],"returnType":"int"}	java
36	{"functionName":"tongmang","parameterTypes":["int[]"],"returnType":"int"}	java
37	{"functionName":"tongmang","parameterTypes":["int[]"],"returnType":"int"}	java
39	{"functionName":"twoSum","parameterTypes":["int[]","int"],"returnType":"int[]"}	java
39	{"functionName":"twoSum","parameterTypes":["List[int]","int"],"returnType":"List[int]"}	python
39	{"functionName":"twoSum","parameterTypes":["Array<number>","number"],"returnType":"Array<number>"}	javascript
39	{"functionName":"twoSum","parameterTypes":["vector<int>","int"],"returnType":"vector<int>"}	cpp
40	{"functionName":"twoSum","parameterTypes":["int[]","int"],"returnType":"int[]"}	java
40	{"functionName":"twoSum","parameterTypes":["List[int]","int"],"returnType":"List[int]"}	python
40	{"functionName":"twoSum","parameterTypes":["Array<number>","number"],"returnType":"Array<number>"}	javascript
40	{"functionName":"twoSum","parameterTypes":["vector<int>","int"],"returnType":"vector<int>"}	cpp
41	{"functionName":"lengthOfLongestSubstring","parameterTypes":["String"],"returnType":"int"}	java
41	{"functionName":"lengthOfLongestSubstring","parameterTypes":["str"],"returnType":"int"}	python
41	{"functionName":"lengthOfLongestSubstring","parameterTypes":["string"],"returnType":"number"}	javascript
41	{"functionName":"lengthOfLongestSubstring","parameterTypes":["string"],"returnType":"int"}	cpp
42	{"functionName":"isValid","parameterTypes":["String"],"returnType":"boolean"}	java
42	{"functionName":"isValid","parameterTypes":["str"],"returnType":"bool"}	python
42	{"functionName":"isValid","parameterTypes":["string"],"returnType":"boolean"}	javascript
42	{"functionName":"isValid","parameterTypes":["string"],"returnType":"bool"}	cpp
43	{"functionName":"maxSubArray","parameterTypes":["int[]"],"returnType":"int"}	java
43	{"functionName":"maxSubArray","parameterTypes":["List[int]"],"returnType":"int"}	python
43	{"functionName":"maxSubArray","parameterTypes":["Array<number>"],"returnType":"number"}	javascript
43	{"functionName":"maxSubArray","parameterTypes":["vector<int>"],"returnType":"int"}	cpp
44	{"functionName":"isPalindrome","parameterTypes":["int"],"returnType":"boolean"}	java
44	{"functionName":"isPalindrome","parameterTypes":["int"],"returnType":"bool"}	python
44	{"functionName":"isPalindrome","parameterTypes":["number"],"returnType":"boolean"}	javascript
44	{"functionName":"isPalindrome","parameterTypes":["int"],"returnType":"bool"}	cpp
45	{"functionName":"reverse","parameterTypes":["int"],"returnType":"int"}	java
45	{"functionName":"reverse","parameterTypes":["int"],"returnType":"int"}	python
45	{"functionName":"reverse","parameterTypes":["number"],"returnType":"number"}	javascript
45	{"functionName":"reverse","parameterTypes":["int"],"returnType":"int"}	cpp
46	{"functionName":"maxProfit","parameterTypes":["int[]"],"returnType":"int"}	java
46	{"functionName":"maxProfit","parameterTypes":["List[int]"],"returnType":"int"}	python
46	{"functionName":"maxProfit","parameterTypes":["Array<number>"],"returnType":"number"}	javascript
46	{"functionName":"maxProfit","parameterTypes":["vector<int>"],"returnType":"int"}	cpp
47	{"functionName":"containsDuplicate","parameterTypes":["int[]"],"returnType":"boolean"}	java
47	{"functionName":"containsDuplicate","parameterTypes":["List[int]"],"returnType":"bool"}	python
47	{"functionName":"containsDuplicate","parameterTypes":["Array<number>"],"returnType":"boolean"}	javascript
47	{"functionName":"containsDuplicate","parameterTypes":["vector<int>"],"returnType":"bool"}	cpp
\.


--
-- Data for Name: problem_supported_languages; Type: TABLE DATA; Schema: public; Owner: postgres
--

COPY public.problem_supported_languages (problem_id, is_supported, language) FROM stdin;
3	t	python
3	t	cpp
3	t	java
3	t	javascript
4	t	python
4	t	cpp
4	t	java
4	t	javascript
5	t	python
5	t	cpp
5	t	java
5	t	javascript
6	t	python
6	t	cpp
6	t	java
6	t	javascript
7	f	cpp
7	f	python
7	t	java
7	f	javascript
1	t	python
1	f	cpp
1	t	java
1	f	javascript
2	t	python
2	t	cpp
2	t	java
2	t	javascript
14	t	python
14	t	cpp
14	t	java
14	t	javascript
15	f	python
15	f	cpp
15	t	java
15	f	javascript
16	f	python
16	f	cpp
16	t	java
16	f	javascript
17	t	python
17	f	cpp
17	t	java
17	f	javascript
18	t	python
18	f	cpp
18	t	java
18	f	javascript
19	f	python
19	f	cpp
19	t	java
19	f	javascript
20	f	python
20	f	cpp
20	t	java
20	f	javascript
21	f	python
21	f	cpp
21	t	java
21	f	javascript
22	f	python
22	f	cpp
22	t	java
22	f	javascript
23	f	python
23	f	cpp
23	t	java
23	f	javascript
24	f	python
24	f	cpp
24	t	java
24	f	javascript
25	f	python
25	f	cpp
25	t	java
25	f	javascript
26	f	python
26	f	cpp
26	t	java
26	f	javascript
27	t	python
27	f	cpp
27	t	java
27	f	javascript
28	f	python
28	f	cpp
28	t	java
28	f	javascript
29	f	python
29	f	cpp
29	t	java
29	f	javascript
30	f	python
30	f	cpp
30	t	java
30	f	javascript
31	t	java
31	f	python
31	f	javascript
31	f	cpp
32	t	java
32	f	python
32	f	javascript
32	f	cpp
33	t	java
33	f	python
33	f	javascript
33	f	cpp
34	f	python
34	f	cpp
34	t	java
34	f	javascript
35	f	python
35	f	cpp
35	t	java
35	f	javascript
36	f	python
36	f	cpp
36	t	java
36	f	javascript
37	f	python
37	f	cpp
37	t	java
37	f	javascript
39	t	java
39	t	python
39	t	javascript
39	t	cpp
40	t	java
40	t	python
40	t	javascript
40	t	cpp
41	t	java
41	t	python
41	t	javascript
41	t	cpp
42	t	java
42	t	python
42	t	javascript
42	t	cpp
43	t	java
43	t	python
43	t	javascript
43	t	cpp
44	t	java
44	t	python
44	t	javascript
44	t	cpp
45	t	java
45	t	python
45	t	javascript
45	t	cpp
46	t	java
46	t	python
46	t	javascript
46	t	cpp
47	t	java
47	t	python
47	t	javascript
47	t	cpp
\.


--
-- Data for Name: problem_topics; Type: TABLE DATA; Schema: public; Owner: postgres
--

COPY public.problem_topics (problem_id, topic) FROM stdin;
3	hash table
3	array
3	algorithm
4	string
4	two pointers
4	algorithm
5	array
5	iteration
5	algorithm
6	arithmetic
6	math
6	basic
7	math 
7	basic
1	array
1	iteration
1	basic
2	string
2	basic
2	algorithm
14	string
14	basic
14	algorithm
17	array
18	array
18	dynamic programming
19	array 
19	two pointers
20	wo pointers
20	array 
22	àasdf
24	fdsfdf
35	string
35	math
35	Arrays
36	hash table
37	arithmetic
3	Array
3	Binary Search
39	Array
39	Hash Table
40	Array
40	Hash Table
41	String
41	Hash Table
41	Sliding Window
42	String
42	Stack
43	Array
43	Dynamic Programming
43	Divide and Conquer
44	Math
45	Math
46	Array
46	Dynamic Programming
47	Array
47	Hash Table
47	Sorting
\.


--
-- Data for Name: problem_translations; Type: TABLE DATA; Schema: public; Owner: postgres
--

COPY public.problem_translations (id, problem_id, language, title, description, constraints, created_at, updated_at) FROM stdin;
1	40	vi	Hai Tổng	Cho một mảng các số nguyên nums và một số nguyên target, trả về các chỉ số của hai số sao cho tổng của chúng bằng target. Bạn có thể cho rằng mỗi đầu vào sẽ có đúng một giải pháp và bạn không được sử dụng cùng một phần tử hai lần. Bạn có thể trả về câu trả lời theo bất kỳ thứ tự nào. **Ví dụ 1:** Đầu vào: nums = [2,7,11,15], target = 9 Đầu ra: [0,1] Giải thích: Vì nums[0] + nums[1] == 9, chúng ta trả về [0, 1]. **Ví dụ 2:** Đầu vào: nums = [3,2,4], target = 6 Đầu ra: [1,2] **Ví dụ 3:** Đầu vào: nums = [3,3], target = 6 Đầu ra: [0,1]	2 &lt;= nums.length &lt;= 10^4 -10^9 &lt;= nums[i] &lt;= 10^9 -10^9 &lt;= target &lt;= 10^9 Chỉ có một câu trả lời hợp lệ.	2025-06-18 13:11:34.571649	\N
2	41	vi	Chuỗi con dài nhất không có ký tự lặp lại	Cho một chuỗi s, tìm độ dài của chuỗi con dài nhất mà không có các ký tự lặp lại. **Ví dụ 1:** Đầu vào: s = &quot;abcabcbb&quot; Đầu ra: 3 Giải thích: Câu trả lời là &quot;abc&quot;, với độ dài là 3. **Ví dụ 2:** Đầu vào: s = &quot;bbbbb&quot; Đầu ra: 1 Giải thích: Câu trả lời là &quot;b&quot;, với độ dài là 1. **Ví dụ 3:** Đầu vào: s = &quot;pwwkew&quot; Đầu ra: 3 Giải thích: Câu trả lời là &quot;wke&quot;, với độ dài là 3. Lưu ý rằng câu trả lời phải là một chuỗi con, &quot;pwke&quot; là một dãy con chứ không phải là một chuỗi con.	0 &lt;= s.length &lt;= 5 * 10^4 s bao gồm các chữ cái tiếng Anh, chữ số, ký hiệu và khoảng trắng.	2025-06-18 13:11:35.227601	\N
3	42	vi	Dấu ngoặc đơn hợp lệ	Cho một chuỗi s chỉ chứa các ký tự &#39;(&#39;, &#39;)&#39;, &#39;{&#39;, &#39;}&#39;, &#39;[&#39; và &#39;]&#39;, hãy xác định xem chuỗi đầu vào có hợp lệ không. Một chuỗi đầu vào hợp lệ nếu: 1. Các dấu ngoặc mở phải được đóng bằng cùng loại dấu ngoặc. 2. Các dấu ngoặc mở phải được đóng theo đúng thứ tự. 3. Mỗi dấu ngoặc đóng có một dấu ngoặc mở tương ứng cùng loại. **Ví dụ 1:** Đầu vào: s = &quot;()&quot; Đầu ra: true **Ví dụ 2:** Đầu vào: s = &quot;()[]{}&quot; Đầu ra: true **Ví dụ 3:** Đầu vào: s = &quot;(]&quot; Đầu ra: false	1 &lt;= s.length &lt;= 10^4 s chỉ bao gồm dấu ngoặc đơn &#39;()[]{}&#39;.	2025-06-18 13:11:35.777489	\N
4	43	vi	Mảng con tối đa	Cho một mảng số nguyên nums, hãy tìm mảng con có tổng lớn nhất và trả về tổng của mảng đó. **Ví dụ 1:** Đầu vào: nums = [-2,1,-3,4,-1,2,1,-5,4] Đầu ra: 6 Giải thích: Mảng con [4,-1,2,1] có tổng lớn nhất là 6. **Ví dụ 2:** Đầu vào: nums = [1] Đầu ra: 1 Giải thích: Mảng con [1] có tổng lớn nhất là 1. **Ví dụ 3:** Đầu vào: nums = [5,4,-1,7,8] Đầu ra: 23 Giải thích: Mảng con [5,4,-1,7,8] có tổng lớn nhất là 23.	1 &lt;= số.chiều dài &lt;= 10^5 -10^4 &lt;= số[i] &lt;= 10^4	2025-06-18 13:11:36.405406	\N
5	44	vi	Số Palindrome	Cho một số nguyên x, trả về true nếu x là số palindrome, và false nếu không. **Ví dụ 1:** Đầu vào: x = 121 Đầu ra: true Giải thích: 121 đọc là 121 từ trái sang phải và từ phải sang trái. **Ví dụ 2:** Đầu vào: x = -121 Đầu ra: false Giải thích: Từ trái sang phải, nó đọc là -121. Từ phải sang trái, nó trở thành 121-. Do đó, nó không phải là số palindrome. **Ví dụ 3:** Đầu vào: x = 10 Đầu ra: false Giải thích: Đọc là 01 từ phải sang trái. Do đó, nó không phải là số palindrome. **Tiếp theo:** Bạn có thể giải bài toán này mà không cần chuyển đổi số nguyên thành chuỗi không?	-2^31 &lt;= x &lt;= 2^31 - 1	2025-06-18 13:11:36.948717	\N
6	45	vi	Số nguyên đảo ngược	Cho một số nguyên 32 bit có dấu x, trả về x với các chữ số bị đảo ngược. Nếu đảo ngược x khiến giá trị nằm ngoài phạm vi số nguyên 32 bit có dấu [-2^31, 2^31 - 1], thì trả về 0. Giả sử môi trường không cho phép bạn lưu trữ số nguyên 64 bit (có dấu hoặc không dấu). **Ví dụ 1:** Đầu vào: x = 123 Đầu ra: 321 **Ví dụ 2:** Đầu vào: x = -123 Đầu ra: -321 **Ví dụ 3:** Đầu vào: x = 120 Đầu ra: 21	-2^31 &lt;= x &lt;= 2^31 - 1	2025-06-18 13:11:37.478568	\N
7	46	vi	Thời điểm tốt nhất để mua và bán cổ phiếu	Bạn được cung cấp một mảng prices trong đó prices[i] là giá của một cổ phiếu nhất định vào ngày thứ i. Bạn muốn tối đa hóa lợi nhuận của mình bằng cách chọn một ngày duy nhất để mua một cổ phiếu và chọn một ngày khác trong tương lai để bán cổ phiếu đó. Trả về lợi nhuận tối đa bạn có thể đạt được từ giao dịch này. Nếu bạn không đạt được bất kỳ lợi nhuận nào, hãy trả về 0. **Ví dụ 1:** Đầu vào: prices = [7,1,5,3,6,4] Đầu ra: 5 Giải thích: Mua vào ngày thứ 2 (giá = 1) và bán vào ngày thứ 5 (giá = 6), lợi nhuận = 6-1 = 5. Lưu ý rằng không được phép mua vào ngày thứ 2 và bán vào ngày thứ 1 vì bạn phải mua trước khi bán. **Ví dụ 2:** Đầu vào: prices = [7,6,4,3,1] Đầu ra: 0 Giải thích: Trong trường hợp này, không có giao dịch nào được thực hiện và lợi nhuận tối đa = 0.	1 &lt;= giá.chiều dài &lt;= 10^5 0 &lt;= giá[i] &lt;= 10^4	2025-06-18 13:11:38.098646	\N
8	47	vi	Chứa trùng lặp	Cho một mảng số nguyên nums, trả về true nếu bất kỳ giá trị nào xuất hiện ít nhất hai lần trong mảng và trả về false nếu mọi phần tử đều khác biệt. **Ví dụ 1:** Đầu vào: nums = [1,2,3,1] Đầu ra: true **Ví dụ 2:** Đầu vào: nums = [1,2,3,4] Đầu ra: false **Ví dụ 3:** Đầu vào: nums = [1,1,1,3,3,4,3,2,4,2] Đầu ra: true	1 &lt;= số.chiều dài &lt;= 10^5 -10^9 &lt;= số[i] &lt;= 10^9	2025-06-18 13:11:38.591042	\N
\.


--
-- Data for Name: problems; Type: TABLE DATA; Schema: public; Owner: postgres
--

COPY public.problems (id, constraints, contest_id, created_at, default_memory_limit, default_time_limit, description, difficulty, title, created_by, updated_at, deleted_at, deleted_by, deleted) FROM stdin;
17	0 ≤ nums.length ≤ 10^4\n-10^4 ≤ nums[i] ≤ 10^4	\N	2025-05-29 21:12:33.144232	262144	1000	Cho một mảng số nguyên, hãy tính và trả về tổng của tất cả các số chẵn trong mảng. Nếu mảng không chứa số chẵn nào, trả về 0.\n\nĐầu vào:\n\nMột mảng số nguyên nums (0 ≤ nums.length ≤ 10^4, -10^4 ≤ nums[i] ≤ 10^4).\nĐầu ra:\n\nMột số nguyên là tổng của tất cả các số chẵn trong mảng.\nVí dụ:\n\nVí dụ 1:\n\nĐầu vào: nums = [1, 2, 3, 4, 6]\n\nĐầu ra: 12\n\n\nGiải thích: Các số chẵn là 2, 4, 6. Tổng = 2 + 4 + 6 = 12.\n\n\n\nVí dụ 2:\n\nĐầu vào: nums = [1, 3, 5]\n\nĐầu ra: 0\n\nGiải thích: Không có số chẵn nào, trả về 0.\n\nVí dụ 3:\nĐầu vào: nums = []\n\nĐầu ra: 0\n\nGiải thích: Mảng rỗng, trả về 0.\n	EASY	Tổng các số chẵn trong mảng	14	\N	2025-06-18 11:03:55.47013	1	t
16	dfadsf	\N	2025-05-28 21:29:08.39322	262144	1000	fasdfads	MEDIUM	adfadwfa	1	\N	2025-05-28 21:30:06.469775	1	t
18	- 1 ≤ a.length ≤ 10^5 \n\n- 10^4 ≤ a[i] ≤ 10^4\n\n- Dãy con liên tiếp phải có ít nhất một phần tử	\N	2025-06-03 08:05:28.649546	262144	1000	Cho một mảng số nguyên . Hãy tìm dãy con liên tiếp có tổng lớn nhất và trả về giá trị tổng đó. Dãy con liên tiếp phải có ít nhất một phần tử.\n\n### Input\n\n- Một mảng số nguyên `a` (1 ≤ a.length ≤ 10^5).\n- Các phần tử trong mảng `a[i]` nằm trong khoảng (-10^4 ≤ a[i] ≤ 10^4).\n\n### Output\n\n\n- Một số nguyên là tổng lớn nhất của dãy con liên tiếp.	MEDIUM	Tìm dãy con có tổng lớn nhất	1	\N	2025-06-18 11:03:59.135776	1	t
2	- 0 ≤ s.length ≤ 10^5\n- Chuỗi chỉ chứa ký tự ASCII	\N	2025-05-21 08:29:44.332277	262144	1000	Cho một chuỗi `s`. Hãy trả về chuỗi đảo ngược của nó.\n\n### Input\nMột chuỗi `s` (0 ≤ s.length ≤ 10^5, chỉ chứa ký tự ASCII).\n\n### Output\nChuỗi đảo ngược của `s`.	MEDIUM	Đảo ngược chuỗi	1	2025-05-26 12:37:49.547065	2025-05-28 20:55:45.74201	\N	t
15	fasdfad	\N	2025-05-28 21:12:46.271285	262144	1000	dfadsf	EASY	gadsfasdf	1	\N	2025-05-28 21:15:46.449078	1	t
7	- -10^9 ≤ a, b ≤ 10^9\n- Kết quả đảm bảo nằm trong phạm vi số nguyên 32-bit	\N	2025-05-23 05:47:16.272151	262144	1000	Cho hai số nguyên `a` và `b`. Hãy tính hiệu của chúng.\n Input\nHai số nguyên `a` và `b` (-10^9 ≤ a, b ≤ 10^9).\n\n Output\nHiệu của hai số `a` và `b`.	EASY	Hiệu 2 số nguyên 	14	2025-05-23 22:09:33.065652	2025-05-28 21:17:14.630197	1	t
14	- 0 ≤ s.length ≤ 10^5\n- Chuỗi chỉ chứa ký tự ASCII	\N	2025-05-26 12:44:44.866311	262144	1000	Cho một chuỗi `s`. Hãy trả về chuỗi đảo ngược của nó.\n\n### Input\nMột chuỗi `s` (0 ≤ s.length ≤ 10^5, chỉ chứa ký tự ASCII).\n\n### Output\nChuỗi đảo ngược của `s`.	easy	Đảo ngược chuỗi	1	\N	2025-05-28 21:25:32.390769	1	t
19	0 ≤ a.length ≤ 10^5\n-10^9 ≤ a[i] ≤ 10^9	\N	2025-06-04 09:01:31.287226	262144	1000	Cho một mảng số nguyên hãy kiểm tra xem mảng có đối xứng hay không\n\nInput: Một mảng số nguyên a (0 ≤ a.length ≤ 10^5, -10^9 ≤ a[i] ≤ 10^9).\n\noutput: true nếu mảng là đối xứng, false nếu không.	MEDIUM	Kiểm tra mảng đối xứng	1	\N	2025-06-04 09:13:26.225942	1	t
20	0 ≤ nums.length ≤ 10^5\n-10^9 ≤ nums[i] ≤ 10^9	\N	2025-06-04 09:16:31.687274	262144	1000	Cho một mảng số nguyên . Kiểm tra xem mảng có phải là đối xứng hay không.\n\nInput: Một mảng số nguyên nums (0 ≤ nums.length ≤ 10^5, -10^9 ≤ nums[i] ≤ 10^9).\n\n\nOutput: true nếu mảng là palindrome, false nếu không.	MEDIUM	Kiểm tra mảng đối xứng	1	\N	2025-06-04 09:21:47.938672	1	t
21	0 ≤ nums.length ≤ 10^5\n-10^9 ≤ nums[i] ≤ 10^9	\N	2025-06-04 09:23:13.127963	262144	1000	Cho một mảng số nguyên nums. Kiểm tra xem mảng có phải là palindrome hay không (tức là các phần tử đối xứng qua tâm mảng).	MEDIUM	Kiểm tra mảng đối xứng	1	\N	2025-06-04 09:28:49.810281	1	t
22	dfadfas	\N	2025-06-04 09:29:48.527896	262144	1000	fadfa	MEDIUM	adfads	1	\N	2025-06-04 10:00:24.301495	1	t
23	dfasdf	\N	2025-06-04 10:21:28.2399	262144	1000	dfasdfads	MEDIUM	fadsfds	14	\N	2025-06-04 10:21:59.202253	14	t
24	dáfgag	\N	2025-06-04 10:44:47.301338	262144	1000	gagsaf	MEDIUM	dfasgfsd	1	\N	2025-06-04 10:46:05.87132	1	t
4	- 0 ≤ s.length ≤ 10^5\n- Chuỗi chỉ chứa ký tự ASCII	\N	2025-05-21 08:30:11.220701	262144	1000	Cho một chuỗi `s`. Kiểm tra xem chuỗi có phải là palindrome hay không, bỏ qua khoảng trắng và phân biệt hoa thường.\n\n### Input\nMột chuỗi `s` (0 ≤ s.length ≤ 10^5, chỉ chứa ký tự ASCII).\n\n### Output\n`true` nếu chuỗi là palindrome, `false` nếu không.	medium	Kiểm tra chuỗi Palindrome	1	\N	2025-06-18 11:03:40.270233	1	t
5	- 1 ≤ nums.length ≤ 10^5\n- -10^9 ≤ nums[i] ≤ 10^9	\N	2025-05-21 08:30:57.045938	262144	1000	Cho một mảng số nguyên `nums`. Hãy tìm và trả về giá trị lớn thứ hai trong mảng. Nếu không có giá trị lớn thứ hai (mảng có ít hơn 2 phần tử khác nhau), trả về giá trị lớn nhất.\n\n### Input\nMột mảng số nguyên `nums` (1 ≤ nums.length ≤ 10^5, -10^9 ≤ nums[i] ≤ 10^9).\n\n### Output\nGiá trị lớn thứ hai hoặc giá trị lớn nhất nếu không tồn tại giá trị lớn thứ hai.	hard	Tìm giá trị lớn thứ hai trong mảng	1	\N	2025-06-18 11:03:43.913787	1	t
6	- -10^9 ≤ a, b ≤ 10^9\n- Kết quả đảm bảo nằm trong phạm vi số nguyên 32-bit	\N	2025-05-21 13:19:35.40094	262144	1000	Cho hai số nguyên `a` và `b`. Hãy tính tổng của chúng.\n\n### Input\nHai số nguyên `a` và `b` (-10^9 ≤ a, b ≤ 10^9).\n\n### Output\nTổng của hai số `a` và `b`.	easy	Tổng hai số nguyên	1	\N	2025-06-18 11:03:47.291053	1	t
1	- 1 ≤ nums.length ≤ 10^5\n- -10^9 ≤ nums[i] ≤ 10^9	\N	2025-05-21 08:29:33.274366	262144	1000	Cho một mảng số nguyên `nums`. Hãy tìm và trả về số lớn nhất trong mảng.\n\n### Input\nMột mảng số nguyên `nums` (1 ≤ nums.length ≤ 10^5, -10^9 ≤ nums[i] ≤ 10^9).\n\n### Output\nSố lớn nhất trong mảng.	EASY	Tìm số lớn nhất trong mảng số nguyên	1	2025-05-24 23:12:54.690171	2025-06-18 11:03:51.520201	1	t
25	dfasdfads	\N	2025-06-04 10:47:39.846908	262144	1000	adfds	MEDIUM	fadfdsaf	1	\N	2025-06-05 10:57:21.944564	1	t
27		\N	2025-06-05 14:43:17.738203	262144	1000	Cho một mảng số nguyên arr gồm n phần tử. Nhiệm vụ của bạn là tìm độ dài của dãy con tăng dài nhất (LIS - Longest Increasing Subsequence) trong mảng.\n\n\n·   \tDãy con tăng là một dãy các phần tử không nhất thiết phải liên tiếp, nhưng phải theo thứ tự tăng dần.\n\n\n·   \tVí dụ: Với mảng [10, 22, 9, 33, 21, 50, 41, 60, 80], dãy con tăng dài nhất là [10, 22, 33, 50, 60, 80] với độ dài là 6.	MEDIUM	Tìm Dãy Con Tăng Dài Nhất	1	\N	2025-06-05 14:46:00.744505	1	t
26		\N	2025-06-05 10:50:47.931256	262144	1000	Cho một mảng số nguyên arr gồm n phần tử. Nhiệm vụ của bạn là tìm độ dài của dãy con tăng dài nhất (LIS - Longest Increasing Subsequence) trong mảng.\n•\tDãy con tăng là một dãy các phần tử không nhất thiết phải liên tiếp, nhưng phải theo thứ tự tăng dần.\n•\tVí dụ: Với mảng [10, 22, 9, 33, 21, 50, 41, 60, 80], dãy con tăng dài nhất là [10, 22, 33, 50, 60, 80] với độ dài là 6.	MEDIUM	Tìm Dãy Con Tăng Dài Nhất	1	\N	2025-06-05 21:34:33.879703	1	t
28		\N	2025-06-05 17:36:59.791269	262144	1000	Cho một mảng số nguyên arr gồm n phần tử. Nhiệm vụ của bạn là tìm độ dài của dãy con tăng dài nhất (LIS - Longest Increasing Subsequence) trong mảng.\n\n\n·   \tDãy con tăng là một dãy các phần tử không nhất thiết phải liên tiếp, nhưng phải theo thứ tự tăng dần.\n\n\n·   \tVí dụ: Với mảng [10, 22, 9, 33, 21, 50, 41, 60, 80], dãy con tăng dài nhất là [10, 22, 33, 50, 60, 80] với độ dài là 6.	MEDIUM	Tìm Dãy Con Tăng Dài Nhất	1	\N	2025-06-05 21:34:39.852305	1	t
29	fdasfs	\N	2025-06-06 09:10:51.455822	262144	1000	ádfadsf	MEDIUM	fasdfsd	1	\N	2025-06-06 09:15:50.926952	1	t
31	fasfsaf	\N	2025-06-11 20:29:00.931744	262144	1000	Tổng mảng	EASY	Tổng mảng	1	\N	2025-06-11 20:29:20.517468	1	t
30		\N	2025-06-10 19:31:11.807073	262144	1000	fadfasd	MEDIUM	ầdsfd	1	\N	2025-06-11 20:30:26.801024	1	t
32	fafasdfas	\N	2025-06-11 20:31:26.349359	262144	1000	fadsfasdfa	EASY	Tổng mảng	1	\N	2025-06-11 20:31:58.889486	1	t
33	tổng	\N	2025-06-11 21:21:19.390561	262144	1000	tổng	MEDIUM	tổng các số trong mảng	1	\N	2025-06-11 21:24:22.328433	1	t
34		\N	2025-06-11 21:41:49.502502	262144	1000	tong mang	MEDIUM	tong mang	1	\N	2025-06-11 21:43:11.285001	1	t
40	2 <= nums.length <= 10^4\n             -10^9 <= nums[i] <= 10^9\n             -10^9 <= target <= 10^9\n             Only one valid answer exists.	\N	2025-06-18 04:02:42.258368	262144	5000	Given an array of integers nums and an integer target, return indices of the two numbers such that they add up to target.\n\n             You may assume that each input would have exactly one solution, and you may not use the same element twice.\n\n             You can return the answer in any order.\n\n             **Example 1:**\n             Input: nums = [2,7,11,15], target = 9\n             Output: [0,1]\n             Explanation: Because nums[0] + nums[1] == 9, we return [0, 1].\n\n             **Example 2:**\n             Input: nums = [3,2,4], target = 6\n             Output: [1,2]\n\n             **Example 3:**\n             Input: nums = [3,3], target = 6\n             Output: [0,1]	EASY	Two Sum	\N	\N	\N	\N	f
3	- 2 ≤ nums.length ≤ 10^4\n- -10^9 ≤ nums[i], target ≤ 10^9\n- Đảm bảo có đúng một cặp số thỏa mãn	\N	2025-05-21 08:29:59.078994	262144	1000	Cho một mảng số nguyên `nums` và một số nguyên `target`. Hãy trả về chỉ số của hai số trong mảng có tổng bằng `target`. Đảm bảo rằng luôn có đúng một cặp số thỏa mãn và không sử dụng cùng một phần tử hai lần.\n\n### Input\n- Một mảng số nguyên `nums` (2 ≤ nums.length ≤ 10^4).\n- Một số nguyên `target` (-10^9 ≤ target ≤ 10^9).\n\n### Output\nMảng chứa hai chỉ số `[i,j]` của hai số có tổng bằng `target`.	medium	Tìm cặp số có tổng bằng mục tiêu	1	\N	2025-06-18 11:03:36.546975	1	t
35	fsdafa	\N	2025-06-11 22:01:40.503699	262144	1000	fadsfasd	MEDIUM	fafasd	1	\N	2025-06-11 22:02:57.604724	1	t
36	fadfadsfadsfsdf	\N	2025-06-12 07:05:25.253038	262144	1000	fasdfadsfdasf	MEDIUM	dấdfdasfasdf	1	\N	2025-06-12 07:06:26.276185	1	t
37	fdasfasd	\N	2025-06-12 08:03:06.26823	262144	1000	fdsafadssd	MEDIUM	fadsfdsafdsa	1	\N	2025-06-12 08:03:25.597858	1	t
39	2 <= nums.length <= 10^4\n             -10^9 <= nums[i] <= 10^9\n             -10^9 <= target <= 10^9\n             Only one valid answer exists.	\N	2025-06-18 04:02:38.532135	262144	5000	Given an array of integers nums and an integer target, return indices of the two numbers such that they add up to target.\n\n             You may assume that each input would have exactly one solution, and you may not use the same element twice.\n\n             You can return the answer in any order.\n\n             **Example 1:**\n             Input: nums = [2,7,11,15], target = 9\n             Output: [0,1]\n             Explanation: Because nums[0] + nums[1] == 9, we return [0, 1].\n\n             **Example 2:**\n             Input: nums = [3,2,4], target = 6\n             Output: [1,2]\n\n             **Example 3:**\n             Input: nums = [3,3], target = 6\n             Output: [0,1]	EASY	Two Sum	\N	\N	2025-06-18 11:04:02.914562	1	t
38	1 <= nums.length <= 10^4\n         -10^4 < nums[i], target < 10^4\n         All the integers in nums are unique.\n         nums is sorted in ascending order.	\N	2025-06-18 03:56:33.973646	262144	5000	Given an array of integers nums which is sorted in ascending order, and an integer target, write a function to search target in nums. If target exists, then return its index. Otherwise, return -1.\n\n         You must write an algorithm with O(log n) runtime complexity.\n\n         **Example 1:**\n         Input: nums = [-1,0,3,5,9,12], target = 9\n         Output: 4\n         Explanation: 9 exists in nums and its index is 4\n\n         **Example 2:**\n         Input: nums = [-1,0,3,5,9,12], target = 2\n         Output: -1\n         Explanation: 2 does not exist in nums so return -1	EASY	Binary Search	\N	\N	2025-06-18 11:04:06.189007	1	t
41	0 <= s.length <= 5 * 10^4\n             s consists of English letters, digits, symbols and spaces.	\N	2025-06-18 04:04:27.80747	262144	5000	Given a string s, find the length of the longest substring without repeating characters.\n\n             **Example 1:**\n             Input: s = "abcabcbb"\n             Output: 3\n             Explanation: The answer is "abc", with the length of 3.\n\n             **Example 2:**\n             Input: s = "bbbbb"\n             Output: 1\n             Explanation: The answer is "b", with the length of 1.\n\n             **Example 3:**\n             Input: s = "pwwkew"\n             Output: 3\n             Explanation: The answer is "wke", with the length of 3.\n             Notice that the answer must be a substring, "pwke" is a subsequence and not a substring.	MEDIUM	Longest Substring Without Repeating Characters	\N	\N	\N	\N	f
42	1 <= s.length <= 10^4\n             s consists of parentheses only '()[]{}'.	\N	2025-06-18 04:04:39.336831	262144	5000	Given a string s containing just the characters '(', ')', '{', '}', '[' and ']', determine if the input string is valid.\n\n             An input string is valid if:\n             1. Open brackets must be closed by the same type of brackets.\n             2. Open brackets must be closed in the correct order.\n             3. Every close bracket has a corresponding open bracket of the same type.\n\n             **Example 1:**\n             Input: s = "()"\n             Output: true\n\n             **Example 2:**\n             Input: s = "()[]{}"\n             Output: true\n\n             **Example 3:**\n             Input: s = "(]"\n             Output: false	EASY	Valid Parentheses	\N	\N	\N	\N	f
43	1 <= nums.length <= 10^5\n             -10^4 <= nums[i] <= 10^4	\N	2025-06-18 04:04:59.108127	262144	5000	Given an integer array nums, find the subarray with the largest sum, and return its sum.\n\n             **Example 1:**\n             Input: nums = [-2,1,-3,4,-1,2,1,-5,4]\n             Output: 6\n             Explanation: The subarray [4,-1,2,1] has the largest sum 6.\n\n             **Example 2:**\n             Input: nums = [1]\n             Output: 1\n             Explanation: The subarray [1] has the largest sum 1.\n\n             **Example 3:**\n             Input: nums = [5,4,-1,7,8]\n             Output: 23\n             Explanation: The subarray [5,4,-1,7,8] has the largest sum 23.	MEDIUM	Maximum Subarray	\N	\N	\N	\N	f
44	-2^31 <= x <= 2^31 - 1	\N	2025-06-18 04:07:28.733695	262144	5000	Given an integer x, return true if x is a palindrome, and false otherwise.\n\n             **Example 1:**\n             Input: x = 121\n             Output: true\n             Explanation: 121 reads as 121 from left to right and from right to left.\n\n             **Example 2:**\n             Input: x = -121\n             Output: false\n             Explanation: From left to right, it reads -121. From right to left, it becomes 121-. Therefore it is not a palindrome.\n\n             **Example 3:**\n             Input: x = 10\n             Output: false\n             Explanation: Reads 01 from right to left. Therefore it is not a palindrome.\n\n             **Follow up:** Could you solve it without converting the integer to a string?	EASY	Palindrome Number	\N	\N	\N	\N	f
45	-2^31 <= x <= 2^31 - 1	\N	2025-06-18 04:07:39.752477	262144	5000	Given a signed 32-bit integer x, return x with its digits reversed. If reversing x causes the value to go outside the signed 32-bit integer range [-2^31, 2^31 - 1], then return 0.\n\n             Assume the environment does not allow you to store 64-bit integers (signed or unsigned).\n\n             **Example 1:**\n             Input: x = 123\n             Output: 321\n\n             **Example 2:**\n             Input: x = -123\n             Output: -321\n\n             **Example 3:**\n             Input: x = 120\n             Output: 21	MEDIUM	Reverse Integer	\N	\N	\N	\N	f
46	1 <= prices.length <= 10^5\n             0 <= prices[i] <= 10^4	\N	2025-06-18 04:07:47.736166	262144	5000	You are given an array prices where prices[i] is the price of a given stock on the ith day.\n\n             You want to maximize your profit by choosing a single day to buy one stock and choosing a different day in the future to sell that stock.\n\n             Return the maximum profit you can achieve from this transaction. If you cannot achieve any profit, return 0.\n\n             **Example 1:**\n             Input: prices = [7,1,5,3,6,4]\n             Output: 5\n             Explanation: Buy on day 2 (price = 1) and sell on day 5 (price = 6), profit = 6-1 = 5.\n             Note that buying on day 2 and selling on day 1 is not allowed because you must buy before you sell.\n\n             **Example 2:**\n             Input: prices = [7,6,4,3,1]\n             Output: 0\n             Explanation: In this case, no transactions are done and the max profit = 0.	EASY	Best Time to Buy and Sell Stock	\N	\N	\N	\N	f
47	1 <= nums.length <= 10^5\n             -10^9 <= nums[i] <= 10^9	\N	2025-06-18 04:07:57.547929	262144	5000	Given an integer array nums, return true if any value appears at least twice in the array, and return false if every element is distinct.\n\n             **Example 1:**\n             Input: nums = [1,2,3,1]\n             Output: true\n\n             **Example 2:**\n             Input: nums = [1,2,3,4]\n             Output: false\n\n             **Example 3:**\n             Input: nums = [1,1,1,3,3,4,3,2,4,2]\n             Output: true	EASY	Contains Duplicate	\N	\N	\N	\N	f
\.


--
-- Data for Name: submissions; Type: TABLE DATA; Schema: public; Owner: postgres
--

COPY public.submissions (id, compile_error, completed_at, execution_environment, language, memory_used_kb, passed_test_cases, queue_message_id, runtime_ms, score, source_code, status, submitted_at, total_test_cases, contest_id, problem_id, user_id) FROM stdin;
16		2025-05-21 19:26:22.639579	\N	java	0	0	fa58dea0-b8cb-4343-878c-08927164a3f1	0	0	public class Solution {\n    public int sum(int a, int b) {\n        return a + b;\n    }\n}	WRONG_ANSWER	2025-05-21 19:26:16.905387	6	\N	6	1
7		2025-05-21 17:14:56.456741	java-runner	java	0	0	28d0d28d-570b-400f-9745-a6aa6e0eb724	1348	0	public class Solution {\n    public int sum(int a, int b) {\n        return a + b;\n    }\n}	WRONG_ANSWER	2025-05-21 17:10:39.676127	6	\N	6	1
2		2025-05-21 12:11:18.690424	java-runner	java	0	0	83f46bdf-b0b5-4928-822a-014d087a51ae	2655	0	public class Solution {\n    public int findMax(int[] nums) {\n        int max = nums[0];\n        for (int num : nums) {\n            if (num > max) max = num;\n        }\n        return max;\n    }\n}	WRONG_ANSWER	2025-05-21 11:08:14.127135	4	\N	1	1
1		2025-05-21 12:11:21.082337	java-runner	java	0	0	87363372-c0ee-4310-9a4f-a8574e7a9477	1917	0	public class Solution {\n    public int findMax(int[] nums) {\n        int max = nums[0];\n        for (int num : nums) {\n            if (num > max) max = num;\n        }\n        return max;\n    }\n}	WRONG_ANSWER	2025-05-21 11:06:26.4335	4	\N	1	1
8		2025-05-21 17:15:32.143669	java-runner	java	0	6	968a97b1-7a7e-4943-8096-b6a6c6fbfc04	807	6	public class Solution {\n    public int sum(int a, int b) {\n        return a + b;\n    }\n}	ACCEPTED	2025-05-21 17:15:21.633725	6	\N	6	1
4		2025-05-21 17:07:51.753933	java-runner	java	0	0	65421724-707f-4e82-8eab-0cb1813b1a5c	2930	0	public class Solution {\n    public int sum(int a, int b) {\n        return a + b;\n    }\n}	WRONG_ANSWER	2025-05-21 13:24:21.464995	6	\N	6	1
19		2025-05-21 19:31:54.081058	\N	java	0	1	10fbe34b-97be-4cb8-ac3b-cb477396fa57	1112	1	public class Solution {\n    public int sum(int a, int b) {\n        return a + b;\n    }\n}	WRONG_ANSWER	2025-05-21 19:31:41.692883	6	\N	6	1
5		2025-05-21 17:08:00.371389	java-runner	java	0	0	7fa2d206-1884-4c64-b324-f8b5af027e17	1022	0	public class Solution {\n    public int sum(int a, int b) {\n        return a + b;\n    }\n}	WRONG_ANSWER	2025-05-21 17:07:53.774397	6	\N	6	1
10		2025-05-21 19:07:03.787014	java-runner	java	0	0	622403a2-e052-42f1-854c-9586d4890c06	1233	0	public class Solution {\n    public int sum(int a, int b) {\n        return a + b;\n    }\n}	WRONG_ANSWER	2025-05-21 18:47:52.140648	6	\N	6	1
6		2025-05-21 17:08:15.712882	java-runner	java	0	6	36a8b425-99c4-4fd4-acc4-18e590fb2768	811	6	public class Solution {\n    public int sum(int a, int b) {\n        return a + b;\n    }\n}	ACCEPTED	2025-05-21 17:08:05.457245	6	\N	6	1
17		2025-05-21 19:29:40.708658	\N	java	0	4	06fde54c-1d1d-4c14-a80a-29e585f4d730	1235	4	public class Solution {\n    public int sum(int a, int b) {\n        return a + b;\n    }\n}	WRONG_ANSWER	2025-05-21 19:29:26.857269	6	\N	6	1
14		2025-05-21 19:25:36.722796	\N	java	0	0	2bd8ff3e-2ba9-4ac9-a07f-908a6cc06648	0	0	public class Solution {\n    public int sum(int a, int b) {\n        return a + b;\n    }\n}	WRONG_ANSWER	2025-05-21 19:19:19.690539	6	\N	6	1
9		2025-05-21 19:07:09.005923	java-runner	java	0	4	43d9bb5a-ed1a-4736-a32d-ec05c117b4bb	886	4	public class Solution {\n    public int sum(int a, int b) {\n        return a + b;\n    }\n}	WRONG_ANSWER	2025-05-21 18:47:36.596915	6	\N	6	1
13		2025-05-21 19:25:37.257632	\N	java	0	0	0a36a0ac-a6bd-4b17-aaa7-0944d16f8b57	0	0	public class Solution {\n    public int sum(int a, int b) {\n        return a +b;\n    }\n}	WRONG_ANSWER	2025-05-21 19:18:28.585479	6	\N	6	13
3		2025-05-21 19:25:37.693223	cpp-runner	cpp	0	0	29060ca7-ab4e-4b49-8628-3cc85da82c07	0	0	#include <vector>\nusing namespace std;\n\nclass Solution {\npublic:\n    int findMax(vector<int> nums) {\n        int max = nums[0];\n        for (int num : nums) {\n            if (num > max) {\n                max = num;\n            }\n        }\n        return max;\n    }\n};	WRONG_ANSWER	2025-05-21 13:16:03.209225	4	\N	1	1
11		2025-05-21 19:07:36.372893	cpp-runner	cpp	0	0	616c6955-40a3-4dcb-b157-bcde763c73b7	695	0	int sum(int a, int b) {\n    return a + b;\n}	WRONG_ANSWER	2025-05-21 19:07:30.153653	6	\N	6	13
12		2025-05-21 19:25:38.080203	\N	java	0	0	54c3e714-4783-4bdc-9143-c6e966ab2742	0	0	public class Solution {\n    public int sum(int a, int b) {\n        return a + b;\n    }\n}	WRONG_ANSWER	2025-05-21 19:07:58.008623	6	\N	6	13
21		2025-05-21 19:56:45.554323	\N	java	6144	2	f2875187-d8eb-4939-9a53-42ae8d180eff	1160	2	public class Solution {\n    public int sum(int a, int b) {\n        return a + b;\n    }\n}	WRONG_ANSWER	2025-05-21 19:56:32.3268	6	\N	6	1
15		2025-05-21 19:25:48.66615	\N	java	0	0	2cbbfd21-9e6b-43a6-bf65-275aafcfcc15	0	0	public class Solution {\n    public int sum(int a, int b) {\n        return a + b;\n    }\n}	WRONG_ANSWER	2025-05-21 19:23:42.756153	6	\N	6	1
18		2025-05-21 19:30:59.944795	\N	java	0	5	f9b5010d-41b9-44cc-803e-cbc2063c12e2	869	5	public class Solution {\n    public int sum(int a, int b) {\n        return a + b;\n    }\n}	WRONG_ANSWER	2025-05-21 19:30:48.800458	6	\N	6	13
20		2025-05-21 19:44:15.968962	\N	java	6144	5	420e04b5-ad53-4b63-8fab-17d5d67e2cce	939	5	public class Solution {\n    public int sum(int a, int b) {\n        return a + b;\n    }\n}	WRONG_ANSWER	2025-05-21 19:44:04.385393	6	\N	6	1
25		2025-05-21 20:15:22.869137	\N	java	6144	2	feddbd53-4438-4efd-b1c4-53e5e5c88481	1136	2	public class Solution {\n    public int sum(int a, int b) {\n        return a + b;\n    }\n}	WRONG_ANSWER	2025-05-21 20:15:09.884359	6	\N	6	13
23		2025-05-21 20:02:41.754695	\N	java	6144	5	3dabdec7-9617-4f5d-b7d4-e3990d11ac80	944	5	public class Solution {\n    public int sum(int a, int b) {\n        return a +b ;\n    }\n}	WRONG_ANSWER	2025-05-21 20:02:30.642784	6	\N	6	13
22		2025-05-21 20:01:57.406183	\N	cpp	6144	0	78528ca7-130f-46e3-9eae-5dcaefbe9c4a	528	0	int sum(int a, int b) {\n    return a +b ;\n}	WRONG_ANSWER	2025-05-21 20:01:48.335873	6	\N	6	13
24		2025-05-21 20:08:06.479511	\N	cpp	6144	0	008fb02b-f0b9-45c4-a8ff-9291fafb6253	495	0	int sum(int a, int b) {\n    return a +b ;\n}	WRONG_ANSWER	2025-05-21 20:07:57.516654	6	\N	6	13
26		2025-05-21 20:20:06.818688	\N	cpp	6144	0	20e70ee2-906a-45c6-b948-d4f1184686db	747	0	int sum(int a, int b) {\n    return a +b;\n}	WRONG_ANSWER	2025-05-21 20:19:56.32913	6	\N	6	13
27		2025-05-21 20:20:42.343863	\N	java	6144	3	23f7926a-3889-47e8-99d5-cade4db32a90	1134	3	public class Solution {\n    public int sum(int a, int b) {\n        return a +b;\n    }\n}	WRONG_ANSWER	2025-05-21 20:20:30.02325	6	\N	6	13
28		2025-05-21 20:23:18.939024	\N	java	6144	4	a7467d14-aa23-4d51-8482-f6c7b895e80b	1051	4	public class Solution {\n    public int sum(int a, int b) {\n        return a +b ;\n    }\n}	WRONG_ANSWER	2025-05-21 20:23:06.635639	6	\N	6	13
29		2025-05-22 05:25:25.78905	\N	java	6144	6	6aab5f35-bf4b-43d5-91c6-ae5fa8853b5e	1113	6	public class Solution {\n    public int sum(int a, int b) {\n        return a + b;\n    }\n}	ACCEPTED	2025-05-22 05:25:12.867607	6	\N	6	14
41		2025-05-22 20:48:36.486592	\N	java	6144	6	1b661806-163f-4e09-b1c2-792c1dc4de88	1327	6	public class Solution {\n    public int sum(int a, int b) {\n        return a +b;\n    }\n}	ACCEPTED	2025-05-22 20:48:22.399835	6	\N	6	14
30		2025-05-22 05:40:10.114452	\N	cpp	6144	0	993c5b3c-49ea-4d38-a342-8860384a507c	615	0	int sum(int a, int b) {\n    return a +b ;\n}	WRONG_ANSWER	2025-05-22 05:40:00.28692	6	\N	6	14
36		2025-05-22 20:08:05.836667	\N	cpp	6144	0	4f78d69a-f7c0-415a-b501-6e6157caf5d2	7182	0	int sum(int a, int b) {\n    return a +b;\n}	WRONG_ANSWER	2025-05-22 20:07:16.783677	6	\N	6	14
31		2025-05-22 06:23:45.017592	\N	java	6144	6	ef0a2771-97b2-49e5-9722-01f9a8a308cb	1137	6	public class Solution {\n    public int sum(int a, int b) {\n        return a +b;\n    }\n}	ACCEPTED	2025-05-22 06:23:32.185531	6	\N	6	14
45		2025-05-22 21:33:22.732509	\N	python	6144	0	7e660997-72bc-4643-a8c8-ea520ecd2500	409	0	def sum(a: int, b: int):\n    return a +b 	WRONG_ANSWER	2025-05-22 21:33:14.411211	6	\N	6	14
32		2025-05-22 07:52:44.257272	\N	java	6144	6	b1a9fc64-2837-4966-988d-9be1c0010f58	1125	6	public class Solution {\n    public int sum(int a, int b) {\n        return a +b ;\n    }\n}	ACCEPTED	2025-05-22 07:52:31.032562	6	\N	6	14
37		2025-05-22 20:08:59.309548	\N	java	6144	6	dde7a51b-f52c-4af4-9e6c-a5d8a98785b2	939	6	public class Solution {\n    public int sum(int a, int b) {\n        return a +b;\n    }\n}	ACCEPTED	2025-05-22 20:08:47.805371	6	\N	6	14
33		2025-05-22 08:00:26.917806	\N	java	6144	6	bea85777-fdd1-4f4c-a99d-b1a14f792e0e	950	6	public class Solution {\n    public int sum(int a, int b) {\n        return a + b;\n    }\n}	ACCEPTED	2025-05-22 08:00:15.298338	6	\N	6	14
42		2025-05-22 20:54:13.757298	\N	java	6144	6	e5ca55dd-3ac2-4e06-8ac6-d22639ff416c	1048	6	public class Solution {\n    public int sum(int a, int b) {\n        return a +b ;\n    }\n}	ACCEPTED	2025-05-22 20:54:01.479981	6	\N	6	14
34		2025-05-22 08:12:14.130771	\N	java	6144	6	15dc624d-f1de-4f23-997e-49f37dec16f2	914	6	public class Solution {\n    public int sum(int a, int b) {\n        return a + b;\n    }\n}	ACCEPTED	2025-05-22 08:12:02.55789	6	\N	6	14
38		2025-05-22 20:18:13.767325	\N	java	6144	6	814c3cf8-b03b-4d73-84fa-91830339dc80	1028	6	public class Solution {\n    public int sum(int a, int b) {\n        return a +b;\n    }\n}	ACCEPTED	2025-05-22 20:18:01.650724	6	\N	6	14
35		2025-05-22 20:06:33.742739	\N	java	4096	2	220a26e4-d9f2-4b9f-a988-f9ced6661074	1117	2	public class Solution {\n    public int findSecondMax(int[] a) {\n        // Khởi tạo giá trị lớn nhất và lớn thứ hai\n        Integer first = null;\n        Integer second = null;\n\n        for (int num : a) {\n            if (first == null || num > first) {\n                second = first;\n                first = num;\n            } else if (num != first && (second == null || num > second)) {\n                second = num;\n            }\n        }\n\n        // Nếu không có giá trị lớn thứ hai, trả về giá trị lớn nhất\n        return (second != null) ? second : first;\n    }\n}\n	WRONG_ANSWER	2025-05-22 20:06:23.27648	4	\N	5	14
39		2025-05-22 20:26:59.089066	\N	java	6144	6	b551b4b6-9f6b-47a7-a8ad-c94e2bca93d9	1415	6	public class Solution {\n    public int sum(int a, int b) {\n        return a +b;\n    }\n}	ACCEPTED	2025-05-22 20:26:44.32589	6	\N	6	14
43		2025-05-22 21:05:30.239198	\N	java	6144	6	cb232585-1983-4fb3-ab5c-2c53d1beed63	1586	6	public class Solution {\n    public int sum(int a, int b) {\n       return a +b ;\n    }\n}	ACCEPTED	2025-05-22 21:05:14.499231	6	2	6	14
40		2025-05-22 20:29:20.283503	\N	java	6144	6	427d030f-92a1-4d81-9249-3c12f8ec8f3f	1157	6	public class Solution {\n    public int sum(int a, int b) {\n        return a +b ;\n    }\n}	ACCEPTED	2025-05-22 20:29:07.031132	6	\N	6	14
46		2025-05-22 21:34:07.423205	\N	python	6144	0	c0619df8-02bc-4453-bd9b-374de4b0acf7	386	0	def sum(a: int, b: int):\n    return a +b 	WRONG_ANSWER	2025-05-22 21:33:59.185187	6	\N	6	14
51		2025-05-22 21:56:24.47263	\N	cpp	6144	0	ab65dc8f-bc01-4898-a65d-a51f7161b8f7	766	0	int sum(int a, int b) {\n   return a +b ;\n}	WRONG_ANSWER	2025-05-22 21:56:13.830446	6	\N	6	14
44		2025-05-22 21:05:43.987401	\N	java	6144	6	1f96a76c-3911-4a88-9101-10058db111c5	1002	6	public class Solution {\n    public int sum(int a, int b) {\n       return a +b ;\n    }\n}	ACCEPTED	2025-05-22 21:05:32.426767	6	2	6	14
49		2025-05-22 21:38:53.162107	\N	python	6144	0	968ad69a-8beb-4fb5-9091-dbe029bccd0b	253	0	def sum(a: int, b: int):\n   return a +b	WRONG_ANSWER	2025-05-22 21:38:45.894457	6	\N	6	14
47		2025-05-22 21:35:21.562298	\N	javascript	6144	0	fc15d5b9-7f5e-49e6-847a-c7a0335bfb20	250	0	function sum(a, b) {\n    return a + b;\n}	WRONG_ANSWER	2025-05-22 21:35:14.201153	6	\N	6	14
54		2025-05-23 08:36:06.168626	\N	java	0	0	732d5d61-c074-4bb5-a6f0-e1a8c0bc5221	0	0	public class Solution {\n    public int sum(int a, int b) {\n        return a -b ;\n    }\n}	WRONG_ANSWER	2025-05-23 08:35:59.03728	6	\N	6	1
48		2025-05-22 21:37:39.323013	\N	cpp	6144	0	47f73202-709a-4c14-be22-1a0ff5bb7ae4	402	0	int sum(int a, int b) {\n    return a + b;\n}	WRONG_ANSWER	2025-05-22 21:37:31.006305	6	\N	6	14
50		2025-05-22 21:40:02.973939	\N	cpp	6144	0	82fd173b-1891-46bc-a041-d67a1fb5d83d	353	0	int sum(int a, int b) {\n    return a +b ;\n}	WRONG_ANSWER	2025-05-22 21:39:55.044458	6	\N	6	14
55		2025-05-23 08:36:47.575354	\N	java	6144	6	acbec008-8de6-45d1-9668-98e4aafb6d54	831	6	public class Solution {\n    public int sum(int a, int b) {\n       return a +b;\n    }\n}	ACCEPTED	2025-05-23 08:36:37.056166	6	\N	6	1
53		2025-05-23 08:08:58.341337	\N	python	1024	0	486a1ee6-f4f5-4f1f-9282-40148d9349f9	987	0	def sub(a: int):\n    return a -b;	WRONG_ANSWER	2025-05-23 08:08:51.433	1	\N	7	1
52		2025-05-22 21:56:59.501942	\N	python	6144	6	3b585443-e76e-4e67-91c4-8ac16a290c19	642	6	def sum(a: int, b: int):\n    return a +b;	ACCEPTED	2025-05-22 21:56:49.989144	6	\N	6	14
56		2025-05-23 08:38:49.703653	\N	java	6144	5	510fa366-8e19-427b-bef0-c37d96e8ea02	814	5	public class Solution {\n    public int sum(int a, int b) {\n       return a +b ;\n    }\n}	WRONG_ANSWER	2025-05-23 08:38:38.999286	6	2	6	14
57		2025-05-23 08:39:47.315387	\N	java	6144	5	a699f592-9d37-4280-a632-741ed80303b6	809	5	public class Solution {\n    public int sum(int a, int b) {\n        return a +b ;\n    }\n}	WRONG_ANSWER	2025-05-23 08:39:36.683636	6	\N	6	15
76		2025-05-25 03:37:31.469551	\N	python	6144	6	31fd2c82-7b8d-4cd6-92c8-083d83354d11	201	6	def sum(a: int, b: int):\n    return a + b;	ACCEPTED	2025-05-25 03:37:24.82494	6	2	6	14
58		2025-05-23 08:40:02.521787	\N	java	6144	5	b41629a9-717c-4150-8863-947c1b41b0e6	975	5	public class Solution {\n    public int sum(int a, int b) {\n        return a +b ;\n    }\n}	WRONG_ANSWER	2025-05-23 08:39:51.148905	6	\N	6	15
66		2025-05-24 18:37:47.554284	\N	cpp	6144	0	047e2123-0a56-472d-9235-b69154097ea9	519	0	int sum(int a, int b) {\n   return a + b;\n}	WRONG_ANSWER	2025-05-24 18:37:38.40876	6	\N	6	1
59		2025-05-23 08:51:08.367607	\N	java	6144	5	d7888904-351c-4bb3-a81b-a870dcbacdfa	931	5	public class Solution {\n    public int sum(int a, int b) {\n        return a +b ;\n    }\n}	WRONG_ANSWER	2025-05-23 08:50:56.833525	6	\N	6	1
72		2025-05-25 02:59:35.306218	\N	java	1024	0	9d742da0-d49c-4972-86ee-2ef542ab2d47	923	0	public class Solution {\n    public int sum(int a, int b) {\n        return a;\n    }\n}	WRONG_ANSWER	2025-05-25 02:59:27.894594	6	\N	6	1
60		2025-05-23 08:51:59.861384	\N	java	6144	6	72442b58-f067-483f-9574-70d32bf7ec7b	932	6	public class Solution {\n    public int sum(int a, int b) {\n       return a +b ;\n    }\n}	ACCEPTED	2025-05-23 08:51:48.751996	6	\N	6	1
67		2025-05-24 18:38:59.347955	\N	cpp	6144	0	be93bd2f-b141-4585-beb7-27883e6d29ce	503	0	int sum(int a, int b) {\n    // Write your code here\n}	WRONG_ANSWER	2025-05-24 18:38:50.422677	6	\N	6	1
61		2025-05-23 10:54:21.780948	\N	java	6144	5	bae4e52a-6b57-4b09-b624-5ec113a910cd	979	5	public class Solution {\n    public int sum(int a, int b) {\n        return a +b ;\n    }\n}	WRONG_ANSWER	2025-05-23 10:54:09.918591	6	\N	6	1
78		2025-05-26 12:34:48.781288	\N	java	4096	0	37676690-5f2d-44d8-9e5a-a30fa28d75af	819	0	public class Solution {\n    public string reverseString(string a) {\n        char[] chars = a.toCharArray();\n        int left = 0, right = a.length() - 1;\n        while (left < right) {\n            char temp = chars[left];\n            chars[left] = chars[right];\n            chars[right] = temp;\n            left++;\n            right--;\n        }\n        return new String(chars);\n    }\n}	WRONG_ANSWER	2025-05-26 12:34:40.004282	4	\N	2	13
62		2025-05-23 10:54:36.046174	\N	java	6144	5	19d5356d-de58-42f3-b64e-56b97fbb1a99	881	5	public class Solution {\n    public int sum(int a, int b) {\n        return a +b ;\n    }\n}	WRONG_ANSWER	2025-05-23 10:54:25.219316	6	\N	6	1
68		2025-05-24 18:39:12.027127	\N	java	6144	6	55850f90-1e15-4b4e-9bb4-b947136ae453	851	6	public class Solution {\n    public int sum(int a, int b) {\n       return a +b;\n    }\n}	ACCEPTED	2025-05-24 18:39:01.394584	6	\N	6	1
63		2025-05-23 10:55:28.525051	\N	java	6144	6	cfc8e6e0-0ab2-4794-9775-1cfd507a872f	816	6	public class Solution {\n    public int sum(int a, int b) {\n     return a +b ;\n    }\n}	ACCEPTED	2025-05-23 10:55:18.008829	6	2	6	14
73		2025-05-25 03:35:27.548269	\N	python	1024	0	aeb432c0-3602-4a78-b9ee-b08703870c77	659	0	def sum(a: int, b: int):\n    return a ;	WRONG_ANSWER	2025-05-25 03:35:20.902235	6	2	6	14
64		2025-05-23 22:10:33.639792	\N	java	2048	0	8ac0dc8c-a41d-47a0-8580-635ac8e900f6	1277	0	public class Solution {\n    public boolean findTargetInRange(int a, int b) {\n        return a -b;\n    }\n}	WRONG_ANSWER	2025-05-23 22:10:25.217727	2	\N	7	1
69		2025-05-24 18:40:13.620605	\N	java	1024	0	6fd8153a-a068-42f0-979e-ec954ae1af2e	872	0	public class Solution {\n    public int sum(int a, int b) {\n       return a ;\n    }\n}	WRONG_ANSWER	2025-05-24 18:40:06.457955	6	\N	6	1
65		2025-05-23 22:13:33.530879	\N	java	2048	0	335702ba-46bd-4a81-8434-c14190fab8cf	2873	0	public class Solution {\n    public boolean findTargetInRange(int a, int b) {\n      return a -b ;\n    }\n}	WRONG_ANSWER	2025-05-23 22:13:21.459685	2	\N	7	1
77		2025-05-26 12:33:49.219248	\N	python	4096	4	0d3cea6e-9410-4dc7-9d35-4c40b51098f4	423	4	def reverse_string(a: str):\n    return a[::-1]	ACCEPTED	2025-05-26 12:33:41.651069	4	\N	2	13
70		2025-05-25 02:57:00.940543	\N	java	6144	5	a1d726c8-c076-430e-b597-6d029780403c	951	5	public class Solution {\n    public int sum(int a, int b) {\n        return a +b;\n    }\n}	WRONG_ANSWER	2025-05-25 02:56:49.20683	6	\N	6	1
74		2025-05-25 03:35:39.946526	\N	python	1024	0	74278dc8-1b9c-4ff1-9556-cfbf02512f0f	286	0	def sum(a: int, b: int):\n    return a ;	WRONG_ANSWER	2025-05-25 03:35:34.15105	6	2	6	14
71		2025-05-25 02:57:15.486177	\N	java	6144	6	4003fe81-51fc-4df0-8118-70ab0b6b164f	771	6	public class Solution {\n    public int sum(int a, int b) {\n        return a +b;\n    }\n}	ACCEPTED	2025-05-25 02:57:05.33933	6	\N	6	1
79		2025-05-26 12:36:20.471394	\N	java	4096	0	9faf264b-d3e8-48d8-8e44-4b681e939793	785	0	public class Solution {\n    public String reverseString(String s) {\n        char[] chars = s.toCharArray();\n        int left = 0, right = s.length() - 1;\n        while (left < right) {\n            char temp = chars[left];\n            chars[left] = chars[right];\n            chars[right] = temp;\n            left++;\n            right--;\n        }\n        return new String(chars);\n    }\n}	WRONG_ANSWER	2025-05-26 12:36:11.525978	4	\N	2	13
75		2025-05-25 03:37:19.754985	\N	python	6144	6	956a9eff-7f4b-49b6-9273-ce411bd59fdc	245	6	def sum(a: int, b: int):\n    return a + b;	ACCEPTED	2025-05-25 03:37:12.422606	6	2	6	14
80		2025-05-26 12:41:26.38585	\N	java	4096	2	c442d5a1-9e7e-45fa-ba01-966d5e81f867	1032	2	public class Solution {\n    public String reverseString(String s) {\n        char[] chars = s.toCharArray();\n        int left = 0, right = s.length() - 1;\n        while (left < right) {\n            char temp = chars[left];\n            chars[left] = chars[right];\n            chars[right] = temp;\n            left++;\n            right--;\n        }\n        return new String(chars);\n    }\n}	WRONG_ANSWER	2025-05-26 12:41:16.189404	4	\N	2	1
81		2025-05-26 12:45:25.318755	\N	java	6144	3	ec70db6d-4bf9-4453-bd0a-5b83785cdb6f	1158	3	public class Solution {\n    public String reverseString(String s) {\n        char[] chars = s.toCharArray();\n        int left = 0, right = s.length() - 1;\n        while (left < right) {\n            char temp = chars[left];\n            chars[left] = chars[right];\n            chars[right] = temp;\n            left++;\n            right--;\n        }\n        return new String(chars);\n    }\n}	WRONG_ANSWER	2025-05-26 12:45:12.571911	6	\N	14	1
217		2025-06-15 13:16:31.910599	\N	python	6144	0	5772a724-5c8a-498d-bc8a-7776317832aa	349	0	def sum(a: int, b: int):\n    # Write your code here	WRONG_ANSWER	2025-06-15 13:16:23.924745	6	\N	6	1
218		2025-06-15 13:18:57.865617	\N	python	6144	6	fb343593-2042-4d7f-9ae4-8cd6ed5c7b0d	303	6	def sum(a: int, b: int):\n    return a +b 	ACCEPTED	2025-06-15 13:18:50.184958	6	\N	6	1
89		2025-05-26 15:47:27.097966	\N	python	6144	6	9c6d9656-7c1d-4a82-b87a-296e2ae78074	366	6	def reverse_string(a: str):\n    return a[::-1]	ACCEPTED	2025-05-26 15:47:19.209435	6	\N	14	16
82		2025-05-26 12:47:42.471271	\N	java	6144	3	98fd97a0-01f6-49f1-937c-e55f5c989450	1132	3	public class Solution {\n    public String reverseString(String s) {\n        char[] chars = s.toCharArray();\n        int left = 0, right = s.length() - 1;\n        while (left < right) {\n            char temp = chars[left];\n            chars[left] = chars[right];\n            chars[right] = temp;\n            left++;\n            right--;\n        }\n        return new String(chars);\n    }\n}	WRONG_ANSWER	2025-05-26 12:46:59.856588	6	\N	14	1
83		2025-05-26 12:49:29.74304	\N	python	6144	6	66923b01-8db5-4402-b4a3-f37c82a85e63	319	6	def reverse_string(a: str):\n    return a[::-1]	ACCEPTED	2025-05-26 12:48:51.977042	6	\N	14	1
90		2025-05-26 15:48:35.174913	\N	python	6144	6	b2a2a784-f4d9-4cc3-88ed-bb18a1d9cc0f	479	6	def reverse_string(a: str):\n    return a[::-1]	ACCEPTED	2025-05-26 15:48:26.407601	6	\N	14	15
84		2025-05-26 15:44:20.417857	\N	java	2048	0	afc2164a-3600-4fad-a969-dac67b067fb8	1678	0	public class Solution {\n    public boolean findTargetInRange(int a, int b) {\n        return a - b; \n    }\n}	WRONG_ANSWER	2025-05-26 15:44:11.163544	2	\N	7	1
94		2025-05-28 20:22:48.249094	\N	python	6144	5	984e36ac-b96e-401b-a4bc-9e9e236a0a0e	506	5	def sum(a: int, b: int):\n   return a  + b	WRONG_ANSWER	2025-05-28 19:56:43.322854	6	2	6	16
85		2025-05-26 15:44:38.501994	\N	java	2048	0	fd8d3fc6-3a0f-461e-9fe2-cd8c2ca6dd89	1075	0	public class Solution {\n    public boolean findTargetInRange(int a, int b) {\n        return a -b;\n    }\n}	WRONG_ANSWER	2025-05-26 15:44:31.057544	2	\N	7	1
86		2025-05-26 15:45:44.524342	\N	java	6144	5	7a721b4c-5e22-4d44-aa5a-1e00f0e7b7b2	1115	5	public class Solution {\n    public int sum(int a, int b) {\n        return a +b ;\n    }\n}	WRONG_ANSWER	2025-05-26 15:45:31.859765	6	\N	6	16
99		2025-05-28 21:47:55.121835	\N	python	4096	0	7163282c-a0e6-4616-82a9-a41445a91332	359	0	def find_pair(a: list[int], b: int):\n    num_dict = {}\n    for i, num in enumerate(a):\n        diff = b - num\n        if diff in num_dict:\n            return [num_dict[diff], i]\n        num_dict[num] = i\n    return []	WRONG_ANSWER	2025-05-28 21:47:47.951334	4	\N	3	1
87		2025-05-26 15:46:28.294871	\N	java	6144	6	e0fb3020-4c84-442e-9980-d0cc66458d77	873	6	public class Solution {\n    public int sum(int a, int b) {\n       return a + b;\n    }\n}	ACCEPTED	2025-05-26 15:46:17.584998	6	\N	6	16
95		2025-05-28 20:22:51.639371	\N	python	6144	6	81b20d1c-057b-4427-9b14-b24d3d7c0739	435	6	def sum(a: int, b: int):\n   return a  + b	ACCEPTED	2025-05-28 20:04:40.795188	6	2	6	16
88		2025-05-26 15:46:42.292995	\N	python	6144	6	e7a78a42-5357-43fd-ae86-ead0d727ee3b	204	6	def sum(a: int, b: int):\n    return a +b	ACCEPTED	2025-05-26 15:46:35.586061	6	\N	6	16
92		2025-05-28 20:23:00.267298	\N	java	6144	5	a53ec175-364f-4e77-8c8a-564c3dabc424	1245	5	public class Solution {\n    public int sum(int a, int b) {\n        return a +b;\n    }\n}	WRONG_ANSWER	2025-05-28 19:54:13.376632	6	2	6	1
91		2025-05-28 20:23:03.006516	\N	python	6144	6	e22a082b-62ac-450d-86a7-c94adede940b	339	6	def sum(a: int, b: int):\n    return a + b;	ACCEPTED	2025-05-28 19:53:17.30784	6	2	6	1
103		2025-05-28 21:51:44.396783	\N	java	4096	0	abd2b3f9-2a0d-4744-aadd-2661e98df159	1255	0	public class Solution {\n    public int[] findPair(int[] a, int b) {\n        HashMap<Integer, Integer> numMap = new HashMap<>();\n        for (int i = 0; i < a.length; i++) {\n            int num = a[i];\n            int diff = b - num;\n            if (numMap.containsKey(diff)) {\n                return new int[] {numMap.get(diff), i};\n            }\n            numMap.put(num, i);\n        }\n        return new int[] {};\n    }\n}	WRONG_ANSWER	2025-05-28 21:51:33.5809	4	\N	3	1
100		2025-05-28 21:48:55.849293	\N	python	4096	0	57589267-caa0-4e33-a891-9e21a4cd75e1	339	0	def find_pair(a: List[int], b: int):\n    num_dict = {}\n    for i, num in enumerate(a):\n        num = int(num)  # Chuyển chuỗi thành số nguyên\n        diff = b - num\n        if diff in num_dict:\n            return [num_dict[diff], i]\n        num_dict[num] = i\n    return []	WRONG_ANSWER	2025-05-28 21:48:48.783603	4	\N	3	1
97		2025-05-28 20:40:30.613755	\N	python	6144	6	42f032cf-af8e-4716-9f44-a1711ff90e71	441	6	def sum(a: int, b: int):\n    return a + b	ACCEPTED	2025-05-28 20:40:21.623293	6	\N	6	1
101		2025-05-28 21:49:35.773426	\N	python	4096	0	57456d68-985d-4946-bcd1-05a227557fe7	303	0	def find_pair(a: list[int], b: int):\n    num_dict = {}\n    for i, num in enumerate(a):\n        num = int(num)  # Chuyển chuỗi thành số nguyên\n        diff = b - num\n        if diff in num_dict:\n            return [num_dict[diff], i]\n        num_dict[num] = i\n    return []	WRONG_ANSWER	2025-05-28 21:49:29.076741	4	\N	3	1
93		2025-05-28 19:55:32.394846	\N	python	6144	6	3b1e6246-d71d-4e43-b56f-0f69fd4eddb2	217	6	def sum(a: int, b: int):\n    return a +b ;	ACCEPTED	2025-05-28 19:55:25.258965	6	\N	6	16
98		2025-05-28 21:46:21.495227	\N	python	4096	0	54116e9d-8f96-4f3f-87a2-e2e1ba074bf5	510	0	def find_pair(a: List[int], b: int):\n    num_dict = {}\n    for i, num in enumerate(a):\n        diff = b - num\n        if diff in num_dict:\n            return [num_dict[diff], i]\n        num_dict[num] = i\n    return []	WRONG_ANSWER	2025-05-28 21:46:13.546941	4	\N	3	1
102		2025-05-28 21:50:06.653444	\N	python	4096	0	51588e86-5c35-46dc-9847-55e661a9b8bc	298	0	def find_pair(a: list[int], b: int):\n    num_dict = {}\n    for i, num in enumerate(a):\n        num = int(num)  # Chuyển chuỗi thành số nguyên\n        diff = b - num\n        if diff in num_dict:\n            return [num_dict[diff], i]\n        num_dict[num] = i\n    return []	WRONG_ANSWER	2025-05-28 21:49:59.442061	4	\N	3	1
96		2025-05-28 20:22:43.728406	\N	python	6144	5	3c3e67fd-10f8-435c-8a4b-71a44d411f9f	1182	5	def sum(a: int, b: int):\n    return a + b	WRONG_ANSWER	2025-05-28 20:10:40.774715	6	2	6	1
104		2025-05-28 21:55:52.494243	\N	java	4096	3	c66c02a9-3a53-4077-bbde-620838e9630e	1154	3	public class Solution {\n    public int[] findPair(int[] a, int b) {\n        for (int i = 0; i < a.length; i++) {\n            for (int j = i + 1; j < a.length; j++) {\n                if (a[i] + a[j] == b) {\n                    return new int[] {i, j};\n                }\n            }\n        }\n        return new int[] {};\n    }\n}	WRONG_ANSWER	2025-05-28 21:55:42.025533	4	\N	3	1
126		2025-05-29 20:15:25.685723	\N	python	4096	0	11b7178b-4915-458b-8872-5c7c32536388	319	0	def findMax(a: List[int]) -> int:\n    # Khởi tạo max với phần tử đầu tiên của mảng\n    max_val = a[0]\n    \n    # Duyệt qua mảng từ phần tử thứ hai\n    for num in a[1:]:\n        if num > max_val:\n            max_val = num  # Cập nhật max nếu tìm thấy số lớn hơn\n    \n    return max_val	WRONG_ANSWER	2025-05-29 20:15:18.680756	4	\N	1	15
115		2025-05-29 08:33:05.373878	\N	python	6144	6	42a719ac-ced5-41aa-89f7-8775b00fa275	373	6	def sum(a: int, b: int):\n    return a + b	ACCEPTED	2025-05-29 08:32:57.128092	6	2	6	15
105		2025-05-28 22:14:23.934239	\N	java	4096	0	186da985-3871-4fac-a34b-41fd737f6a49	1222	0	public class Solution {\n    public int findSecondMax(int[] nums) {\n       f (nums.length < 1) return 0; // Đề đảm bảo length ≥ 1, nhưng thêm kiểm tra cho an toàn\n        \n        long max = Long.MIN_VALUE; // Giá trị lớn nhất\n        long secondMax = Long.MIN_VALUE; // Giá trị lớn thứ hai\n        \n        for (int num : nums) {\n            if (num > max) {\n                secondMax = max;\n                max = num;\n            } else if (num < max && num > secondMax) {\n                secondMax = num;\n            }\n        }\n        \n        // Nếu không có giá trị lớn thứ hai, trả về max\n        return secondMax == Long.MIN_VALUE ? (int) max : (int) secondMax;\n    }\n}	WRONG_ANSWER	2025-05-28 22:14:13.194636	4	\N	5	15
107		2025-05-28 22:16:32.080506	\N	java	4096	4	5f3a2a6d-f4d4-4a1e-bb0c-eb1395cc6dc4	1212	4	public class Solution {\n    public int findSecondMax(int[] nums) {\n        if (nums.length < 1) return 0; // Đề đảm bảo length ≥ 1, nhưng thêm kiểm tra cho an toàn\n        \n        long max = Long.MIN_VALUE; // Giá trị lớn nhất\n        long secondMax = Long.MIN_VALUE; // Giá trị lớn thứ hai\n        \n        for (int num : nums) {\n            if (num > max) {\n                secondMax = max;\n                max = num;\n            } else if (num < max && num > secondMax) {\n                secondMax = num;\n            }\n        }\n        \n        // Nếu không có giá trị lớn thứ hai, trả về max\n        return secondMax == Long.MIN_VALUE ? (int) max : (int) secondMax;\n    }\n}	ACCEPTED	2025-05-28 22:16:21.400798	4	\N	5	15
106		2025-05-28 22:15:06.50369	\N	java	4096	3	0da0deb9-669c-4319-a209-60d9c6da787e	963	3	public class Solution {\n    public int findSecondMax(int[] nums) {\n        if (nums.length < 1) return 0; // Đề đảm bảo length ≥ 1, nhưng thêm kiểm tra cho an toàn\n        \n        long max = Long.MIN_VALUE; // Giá trị lớn nhất\n        long secondMax = Long.MIN_VALUE; // Giá trị lớn thứ hai\n        \n        for (int num : nums) {\n            if (num > max) {\n                secondMax = max;\n                max = num;\n            } else if (num < max && num > secondMax) {\n                secondMax = num;\n            }\n        }\n        \n        // Nếu không có giá trị lớn thứ hai, trả về max\n        return secondMax == Long.MIN_VALUE ? (int) max : (int) secondMax;\n    }\n}	WRONG_ANSWER	2025-05-28 22:14:57.214832	4	\N	5	15
111		2025-05-29 08:14:26.332754	\N	python	6144	6	25f20ce5-9f2a-40a5-a50c-4ecf43e1568b	376	6	def sum(a: int, b: int):\n    return a + b	ACCEPTED	2025-05-29 08:14:18.102191	6	15	6	15
108		2025-05-28 22:21:37.958676	\N	python	6144	6	4d81a625-c726-4abb-ba24-2d6ee4c9ab3f	352	6	def sum(a: int, b: int):\n    return a + b;	ACCEPTED	2025-05-28 22:21:29.945886	6	2	6	15
122		2025-05-29 20:07:17.026634	\N	java	4096	4	ca5448ea-6bcb-466d-919a-502ce797ffe8	1106	4	public class Solution {\n    public int findMax(int[] a) {\n        // Khởi tạo max với phần tử đầu tiên của mảng\n        int max = a[0];\n        \n        // Duyệt qua mảng từ phần tử thứ hai\n        for (int i = 1; i < a.length; i++) {\n            if (a[i] > max) {\n                max = a[i]; // Cập nhật max nếu tìm thấy số lớn hơn\n            }\n        }\n        \n        return max;\n    }\n}	ACCEPTED	2025-05-29 20:07:06.7418	4	\N	1	16
109		2025-05-28 23:11:53.580823	\N	python	6144	5	09a75824-b24b-4b19-847d-45dc39a65506	571	5	def sum(a: int, b: int):\n    return a + b ;	WRONG_ANSWER	2025-05-28 23:11:43.959677	6	15	6	15
119		2025-05-29 19:59:36.829537	\N	java	6144	5	223a558c-92ba-411f-8557-385bae1b80eb	1529	5	public class Solution {\n    public int sum(int a, int b) {\n        return a + b;\n    }\n}	WRONG_ANSWER	2025-05-29 19:59:21.177144	6	\N	6	1
116		2025-05-29 09:09:08.563442	\N	python	6144	5	9fcbda77-ca29-4684-b71e-f385e38c9faf	575	5	def sum(a: int, b: int):\n    return a+b	WRONG_ANSWER	2025-05-29 09:08:58.962682	6	2	6	15
110		2025-05-29 08:09:24.470688	\N	python	6144	6	942d25af-0f58-48b3-92e5-237f7af975d0	351	6	def sum(a: int, b: int):\n    return a + b	ACCEPTED	2025-05-29 08:09:16.428175	6	15	6	15
112		2025-05-29 08:28:23.513793	\N	java	6144	0	89ea3922-2bf1-483c-8423-b378946ea624	1407	0	public class Solution {\n    public static void main(String[] args) {\n        System.out.println("Hello World");\n    }\n}	WRONG_ANSWER	2025-05-29 08:28:08.41708	6	12	6	15
113		2025-05-29 08:28:39.112315	\N	python	6144	0	d1bdae42-ec13-4ab1-ab40-b7471961e78e	329	0	def sum(a: int, b: int):\nreturn a + b	WRONG_ANSWER	2025-05-29 08:28:31.518642	6	12	6	15
121		2025-05-29 20:05:22.667896	\N	java	4096	0	daa44b9c-0bc5-4515-b1bf-e2b1c2d7becf	1205	0	public class Solution {\n    public int findMax(int[] a) {\n        int max = a[0];\n\n        for(int i = 1; i < a.length  ; i ++) {\n            if( a[i] < max){\n                max = a[i];\n            }\n        }\n\n        return max;\n    }\n}	WRONG_ANSWER	2025-05-29 20:05:11.938711	4	\N	1	16
117		2025-05-29 09:10:37.519575	\N	python	6144	6	fba60ed8-17d4-4858-b3b7-22df777b4b79	344	6	def sum(a: int, b: int):\n    return a+b	ACCEPTED	2025-05-29 09:10:29.655258	6	2	6	16
114		2025-05-29 08:28:51.701894	\N	python	6144	6	b4b6d7cc-baf9-45be-a6ed-1514e69c0e04	272	6	def sum(a: int, b: int):\n    return a + b	ACCEPTED	2025-05-29 08:28:44.586953	6	12	6	15
120		2025-05-29 20:03:23.820932	\N	python	6144	6	52cb628c-213d-42ee-a04c-95737e2097f1	552	6	def sum(a: int, b: int):\n    return a + b	ACCEPTED	2025-05-29 20:03:14.5397	6	\N	6	16
118		2025-05-29 09:20:44.97607	\N	python	6144	5	f5637ae8-6b2a-49b5-aeaf-5c71f4f35d74	675	5	def sum(a: int, b: int):\n   return a + b	WRONG_ANSWER	2025-05-29 09:20:34.598617	6	15	6	16
123		2025-05-29 20:12:41.568478	\N	python	6144	6	ebe2c9e8-485b-4583-8518-9f0ad6b964c2	215	6	def sum(a: int, b: int):\n    return a + b	ACCEPTED	2025-05-29 20:12:34.225825	6	16	6	15
124		2025-05-29 20:13:22.75669	\N	python	4096	0	2daeb6ca-bcf9-4f17-8cf6-ba08e17dcc16	243	0	def findMax(a: List[int]):\n\n    max_val = a[0]\n\n    for num in a[1:]:\n        if num > max_val:\n            max_val = num \n    \n    return max_val	WRONG_ANSWER	2025-05-29 20:13:16.333736	4	16	1	15
219		2025-06-15 13:24:30.350361	\N	python	1024	0	61c5a267-889c-4f91-b504-4fe5a41debcf	570	0	def sum(a: int, b: int):\n    return a 	WRONG_ANSWER	2025-06-15 13:24:23.849369	6	\N	6	1
220		2025-06-15 13:30:53.789467	\N	python	1024	0	e7ad2106-2ff7-4c3b-a174-572e3b298f1c	731	0	def sum(a: int, b: int):\n    return a	WRONG_ANSWER	2025-06-15 13:30:46.820383	6	\N	6	1
125		2025-05-29 20:13:57.634615	\N	java	4096	4	01ddc520-3c23-430e-9619-e50a598b3e3c	855	4	public class Solution {\n    public int findMax(int[] a) {\n        // Khởi tạo max với phần tử đầu tiên của mảng\n        int max = a[0];\n        \n        // Duyệt qua mảng từ phần tử thứ hai\n        for (int i = 1; i < a.length; i++) {\n            if (a[i] > max) {\n                max = a[i]; // Cập nhật max nếu tìm thấy số lớn hơn\n            }\n        }\n        \n        return max;\n    }\n}	ACCEPTED	2025-05-29 20:13:48.532018	4	16	1	15
131		2025-05-29 20:31:02.491871	\N	python	4096	0	d90b4087-0d2a-475e-b5c0-c07b472d4af0	426	0	def findMax(a: List[int]) -> int:\n    # Khởi tạo max với phần tử đầu tiên của mảng\n    max_val = a[0]\n    \n    # Duyệt qua mảng từ phần tử thứ hai\n    for num in a[1:]:\n        if num > max_val:\n            max_val = num  # Cập nhật max nếu tìm thấy số lớn hơn\n    \n    return max_val	WRONG_ANSWER	2025-05-29 20:30:54.98039	4	\N	1	15
127		2025-05-29 20:24:31.379142	\N	python	4096	0	dcb8f54b-16b3-4333-87c4-f08bacb0a436	390	0	def findMax(a: List[int]) -> int:\n    # Khởi tạo max với phần tử đầu tiên của mảng\n    max_val = a[0]\n    \n    # Duyệt qua mảng từ phần tử thứ hai\n    for num in a[1:]:\n        if num > max_val:\n            max_val = num  # Cập nhật max nếu tìm thấy số lớn hơn\n    \n    return max_val	WRONG_ANSWER	2025-05-29 20:24:23.962085	4	\N	1	15
128		2025-05-29 20:25:14.138321	\N	python	6144	6	2d730182-fc3e-4549-855b-f09087378c59	401	6	def sum(a: int, b: int):\n    return a + b	ACCEPTED	2025-05-29 20:25:05.959361	6	\N	6	1
134		2025-05-29 20:34:52.540346	\N	python	0	0	281ce65d-398e-4cc7-9860-22f8eb3fc9d1	0	0	def find_pair(a: List[int], b: int) -> List[int]:\n    # Tạo dictionary để lưu giá trị và chỉ số\n    num_dict = {}\n    \n    # Duyệt qua mảng\n    for i, num in enumerate(a):\n        # Tìm số bổ sung cần để đạt target\n        complement = b - num\n        # Nếu số bổ sung đã có trong dictionary, trả về cặp chỉ số\n        if complement in num_dict:\n            return [num_dict[complement], i]\n        # Lưu số hiện tại và chỉ số vào dictionary\n        num_dict[num] = i\n    \n    # Đảm bảo có một cặp thỏa mãn, nên không cần kiểm tra trường hợp không tìm thấy\n    return []	WRONG_ANSWER	2025-05-29 20:34:45.450526	4	\N	3	15
132		2025-05-29 20:33:22.269241	\N	python	4096	4	67eb2791-651c-4ca7-85d3-c07c72f1fc18	349	4	def findMax(a: List[int]) -> int:\n    # Khởi tạo max với phần tử đầu tiên của mảng\n    max_val = a[0]\n    \n    # Duyệt qua mảng từ phần tử thứ hai\n    for num in a[1:]:\n        if num > max_val:\n            max_val = num  # Cập nhật max nếu tìm thấy số lớn hơn\n    \n    return max_val	ACCEPTED	2025-05-29 20:33:14.97941	4	\N	1	15
129		2025-05-29 20:27:57.46933	\N	python	4096	0	5cc215b8-5617-4a7c-9334-070cfabc5928	1239	0	def findMax(a: List[int]):\n    # Write your code here	WRONG_ANSWER	2025-05-29 20:27:46.21081	4	\N	1	15
136		2025-05-29 20:37:17.510677	\N	java	4096	0	709c2cf7-3237-4afe-81af-08e518b6ca3a	1096	0	public class Solution {\n    public int[] findPair(int[] a, int b) {\n        // Create array of [value, index] pairs\n        int n = a.length;\n        int[][] pairs = new int[n][2];\n        for (int i = 0; i < n; i++) {\n            pairs[i][0] = a[i]; // value\n            pairs[i][1] = i;    // index\n        }\n        \n        // Sort pairs by value\n        Arrays.sort(pairs, (x, y) -> Integer.compare(x[0], y[0]));\n        \n        // Use two pointers to find the pair\n        int left = 0;\n        int right = n - 1;\n        while (left < right) {\n            int sum = pairs[left][0] + pairs[right][0];\n            if (sum == b) {\n                // Return indices in ascending order\n                return new int[] {Math.min(pairs[left][1], pairs[right][1]), \n                                Math.max(pairs[left][1], pairs[right][1])};\n            } else if (sum < b) {\n                left++;\n            } else {\n                right--;\n            }\n        }\n        \n        // Problem guarantees a solution, so this line won't be reached\n        return new int[] {};\n    }\n}	WRONG_ANSWER	2025-05-29 20:37:07.371085	4	\N	3	15
130		2025-05-29 20:28:50.400668	\N	python	4096	0	a051e1ea-77a9-4460-9a1d-27b8fa70d8ef	310	0	def findMax(a: List[int]) -> int:\n    # Khởi tạo max với phần tử đầu tiên của mảng\n    max_val = a[0]\n    \n    # Duyệt qua mảng từ phần tử thứ hai\n    for num in a[1:]:\n        if num > max_val:\n            max_val = num  # Cập nhật max nếu tìm thấy số lớn hơn\n    \n    return max_val	WRONG_ANSWER	2025-05-29 20:28:43.70822	4	\N	1	15
135		2025-05-29 20:36:10.384766	\N	java	4096	0	8bab6a1c-db9e-49cc-80eb-d3afed3499a4	878	0	public class Solution {\n    public int[] findPair(int[] a, int b) {\n        // Create a HashMap to store number and its index\n        HashMap<Integer, Integer> numMap = new HashMap<>();\n        \n        // Iterate through the array\n        for (int i = 0; i < a.length; i++) {\n            int complement = b - a[i];\n            // Check if complement exists in the map\n            if (numMap.containsKey(complement)) {\n                // Return the indices of the pair\n                return new int[] {numMap.get(complement), i};\n            }\n            // Store current number and its index\n            numMap.put(a[i], i);\n        }\n        \n        // Problem guarantees a solution, so this line won't be reached\n        return new int[] {};\n    }\n}	WRONG_ANSWER	2025-05-29 20:36:01.124859	4	\N	3	15
133		2025-05-29 20:33:49.076364	\N	python	4096	4	031a1b50-471a-4da5-a993-45e785304d93	341	4	def findMax(a: List[int]) -> int:\n    # Khởi tạo max với phần tử đầu tiên của mảng\n    max_val = a[0]\n    \n    # Duyệt qua mảng từ phần tử thứ hai\n    for num in a[1:]:\n        if num > max_val:\n            max_val = num  # Cập nhật max nếu tìm thấy số lớn hơn\n    \n    return max_val	ACCEPTED	2025-05-29 20:33:42.263678	4	16	1	15
147		2025-05-29 21:04:31.268589	\N	python	4096	4	8ff8d4b3-3c36-4e63-a4d7-dec2c6d69d03	338	4	def is_palindrome(a: str):\n    # Convert to lowercase and remove spaces\n    s = a.lower().replace(" ", "")\n    \n    # Initialize two pointers\n    left = 0\n    right = len(s) - 1\n    \n    # Compare characters from both ends\n    while left < right:\n        if s[left] != s[right]:\n            return False\n        left += 1\n        right -= 1\n    \n    return True	ACCEPTED	2025-05-29 21:04:24.139656	4	\N	4	15
149		2025-05-29 21:15:34.305287	\N	python	0	0	ec28cf38-6eaf-42aa-bb02-2f2adaf97208	0	0	def sumEvenNumber(a: List[int]):\n    sum = 0\n    for i in a:\n        if i % 2 == 0:\n            sum += i\n    return sum	WRONG_ANSWER	2025-05-29 21:15:28.411673	2	\N	17	15
150		2025-05-29 21:17:16.926626	\N	python	2048	1	30ea7d5d-7a7f-4e13-9971-8f7c8fdd4eaf	368	1	def sumEvenNumber(a: List[int]):\n    sum = 0\n    for i in a:\n        if i % 2 == 0:\n            sum += i\n    return sum	WRONG_ANSWER	2025-05-29 21:17:10.409171	2	\N	17	15
137		2025-05-29 20:43:50.71487	\N	java	4096	0	267fed56-9ec3-4eca-88b1-a14570fbcf85	1780	0	public class Solution {\n    public int[] findPair(int[] a, int b) {\n        // Create a HashMap to store number and its index\n        HashMap<Integer, Integer> numMap = new HashMap<>();\n        \n        // Iterate through the array\n        for (int i = 0; i < a.length; i++) {\n            int complement = b - a[i];\n            // Check if complement exists in the map\n            if (numMap.containsKey(complement)) {\n                // Return the indices of the pair\n                return new int[] {numMap.get(complement), i};\n            }\n            // Store current number and its index\n            numMap.put(a[i], i);\n        }\n        \n        // Problem guarantees a solution, so this line won't be reached\n        return new int[] {};\n    }\n}	WRONG_ANSWER	2025-05-29 20:43:37.490949	4	\N	3	15
139		2025-05-29 20:53:38.316608	\N	java	4096	4	500e1049-e847-4892-9ddf-c13320c901b5	1073	4	public class Solution {\n    public int[] findPair(int[] a, int b) {\n        // Create a HashMap to store number and its index\n        HashMap<Integer, Integer> numMap = new HashMap<>();\n        \n        // Iterate through the array\n        for (int i = 0; i < a.length; i++) {\n            int complement = b - a[i];\n            // Check if complement exists in the map\n            if (numMap.containsKey(complement)) {\n                // Return the indices of the pair\n                return new int[] {numMap.get(complement), i};\n            }\n            // Store current number and its index\n            numMap.put(a[i], i);\n        }\n        \n        // Problem guarantees a solution, so this line won't be reached\n        return new int[] {};\n    }\n}	ACCEPTED	2025-05-29 20:53:28.191859	4	\N	3	15
138		2025-05-29 20:50:26.484201	\N	java	4096	0	fd15ff18-b10d-4501-acfe-7a27d5e2519d	1285	0	public class Solution {\n    public int[] findPair(int[] a, int b) {\n        // Create a HashMap to store number and its index\n        HashMap<Integer, Integer> numMap = new HashMap<>();\n        \n        // Iterate through the array\n        for (int i = 0; i < a.length; i++) {\n            int complement = b - a[i];\n            // Check if complement exists in the map\n            if (numMap.containsKey(complement)) {\n                // Return the indices of the pair\n                return new int[] {numMap.get(complement), i};\n            }\n            // Store current number and its index\n            numMap.put(a[i], i);\n        }\n        \n        // Problem guarantees a solution, so this line won't be reached\n        return new int[] {};\n    }\n}	WRONG_ANSWER	2025-05-29 20:50:15.293247	4	\N	3	15
145		2025-05-29 21:01:37.030494	\N	python	0	0	c298dcce-1eb8-439f-9896-24c8fdb97771	0	0	def is_palindrome(a: str):\n    # Convert to lowercase and remove spaces\n    s = a.lower().replace(" ", "")\n    \n    # Initialize two pointers\n    left = 0\n    right = len(s) - 1\n    \n    # Compare characters from both ends\n    while left < right:\n        if s[left] != s[right]:\n            return False\n        left += 1\n        right -= 1\n    \n    return True	WRONG_ANSWER	2025-05-29 21:01:30.893505	4	\N	4	15
143		2025-05-29 20:59:22.623663	\N	python	0	0	23edfd75-ac59-47bc-85e0-e12055418f4e	0	0	def is_palindrome(a: str):\n    # Convert to lowercase and remove spaces\n    s = a.lower().replace(" ", "")\n    \n    # Initialize two pointers\n    left = 0\n    right = len(s) - 1\n    \n    # Compare characters from both ends\n    while left < right:\n        if s[left] != s[right]:\n            return False\n        left += 1\n        right -= 1\n    \n    return True	WRONG_ANSWER	2025-05-29 20:59:16.480158	4	\N	4	15
141		2025-05-29 20:57:34.857319	\N	python	4096	4	37c6cdda-e799-4f48-8eb2-a1433eb4375e	359	4	def find_pair(a: List[int], b: int) -> List[int]:\n    # Tạo dictionary để lưu giá trị và chỉ số\n    num_dict = {}\n    \n    # Duyệt qua mảng\n    for i, num in enumerate(a):\n        # Tìm số bổ sung cần để đạt target\n        complement = b - num\n        # Nếu số bổ sung đã có trong dictionary, trả về cặp chỉ số\n        if complement in num_dict:\n            return [num_dict[complement], i]\n        # Lưu số hiện tại và chỉ số vào dictionary\n        num_dict[num] = i\n    \n    # Đảm bảo có một cặp thỏa mãn, nên không cần kiểm tra trường hợp không tìm thấy\n    return []	ACCEPTED	2025-05-29 20:57:27.611725	4	\N	3	15
140		2025-05-29 20:54:15.175139	\N	python	0	0	4cd44a62-78e4-4673-bd63-3d59a3685a1b	0	0	def find_pair(a: List[int], b: int) -> List[int]:\n    # Tạo dictionary để lưu giá trị và chỉ số\n    num_dict = {}\n    \n    # Duyệt qua mảng\n    for i, num in enumerate(a):\n        # Tìm số bổ sung cần để đạt target\n        complement = b - num\n        # Nếu số bổ sung đã có trong dictionary, trả về cặp chỉ số\n        if complement in num_dict:\n            return [num_dict[complement], i]\n        # Lưu số hiện tại và chỉ số vào dictionary\n        num_dict[num] = i\n    \n    # Đảm bảo có một cặp thỏa mãn, nên không cần kiểm tra trường hợp không tìm thấy\n    return []	WRONG_ANSWER	2025-05-29 20:54:09.44879	4	\N	3	15
142		2025-05-29 20:58:17.92463	\N	python	0	0	3ee1d0f5-d4fe-48b9-ade3-50909578cfd3	0	0	def is_palindrome(a: str) -> bool:\n    # Convert string to lowercase and remove spaces\n    s = a.lower().replace(" ", "")\n    \n    # Initialize two pointers\n    left = 0\n    right = len(s) - 1\n    \n    # Compare characters from both ends\n    while left < right:\n        if s[left] != s[right]:\n            return False\n        left += 1\n        right -= 1\n    \n    return True	WRONG_ANSWER	2025-05-29 20:58:12.037851	4	\N	4	15
144		2025-05-29 21:00:34.434729	\N	python	1024	0	44dded4e-25a1-44dc-b671-f0cd43375e1a	522	0	def is_palindrome(a: str):\n    # Convert to lowercase and remove spaces\n    s = a.lower().replace(" ", "")\n    \n    # Initialize two pointers\n    left = 0\n    right = len(s) - 1\n    \n    # Compare characters from both ends\n    while left < right:\n        if s[left] != s[right]:\n            return False\n        left += 1\n        right -= 1\n    \n    return true	WRONG_ANSWER	2025-05-29 21:00:27.956606	4	\N	4	15
146		2025-05-29 21:04:01.162613	\N	python	0	0	a2a4f268-b3a8-4377-b00e-a66a68b67b81	0	0	def is_palindrome(a: str):\n    # Convert to lowercase and remove spaces\n    s = a.lower().replace(" ", "")\n    \n    # Initialize two pointers\n    left = 0\n    right = len(s) - 1\n    \n    # Compare characters from both ends\n    while left < right:\n        if s[left] != s[right]:\n            return False\n        left += 1\n        right -= 1\n    \n    return True	WRONG_ANSWER	2025-05-29 21:03:54.891175	4	\N	4	15
148		2025-05-29 21:14:46.387023	\N	python	2048	0	9da55021-c293-447c-a50e-047e9cd446e2	1957	0	def sumEvenNumber(a: List[int]):\n    sum = 0\n    for i in a:\n        if i % 2 == 0:\n            sum += num\n    return sum	WRONG_ANSWER	2025-05-29 21:14:36.47367	2	\N	17	15
205		2025-06-06 08:58:06.538026	\N	java	6144	6	72f47011-1cb9-44e7-8284-ece2933526c7	833	6	public class Solution {\n    public int sum(int a, int b) {\n        return a + b;\n    }\n}	ACCEPTED	2025-06-06 08:57:56.031192	6	\N	6	16
151		2025-05-29 21:18:17.788591	\N	python	2048	2	b94c6791-002d-4541-8fe0-023ee2a3ec1c	352	2	def sumEvenNumber(a: List[int]):\n    sum = 0\n    for i in a:\n        if i % 2 == 0:\n            sum += i\n    return sum	ACCEPTED	2025-05-29 21:18:11.511008	2	\N	17	15
158		2025-06-03 07:29:59.399036	\N	java	2048	0	9c98a6fd-824d-4ef5-a492-186875c6ccaf	903	0	public class Solution {\n    public int sumEvenNumber(int[] a) {\n        int sum;\n\n        for (int i = 0 ; i < a.length() ; i++ ) {\n            if(a[i] % 2 ==0) sum += a[i]\n        }\n        return sum;\n    }\n}	WRONG_ANSWER	2025-06-03 07:29:51.723568	2	\N	17	1
152		2025-05-29 21:22:36.357176	\N	python	2048	0	2aeb10de-90e7-4873-9f54-e0e6d72ec62a	379	0	def sumEvenNumber(a: List[int]):\n   def sum_even_numbers(nums: List[int]) -> int:\n    sum = 0\n    for num in nums:\n        if num % 2 == 0:\n            sum += num\n    return sum	WRONG_ANSWER	2025-05-29 21:22:29.979743	2	\N	17	15
163		2025-06-03 07:33:44.202502	\N	java	1024	1	07683380-dc36-40ed-95f3-292889f7c1e7	1072	1	public class Solution {\n    public int findSecondMax(int[] a) {\n\n        if (a == null || a.length < 2) {\n            return 0;\n        }\n\n        int max = Integer.MIN_VALUE;\n        int secondMax = Integer.MIN_VALUE;\n\n        for (int num : a) {\n            if (num > max) {\n                secondMax = max;\n                max = num;\n            } else if (num > secondMax && num < max) {\n                secondMax = num;\n            }\n        }\n\n        if (secondMax == Integer.MIN_VALUE) {\n            throw new IllegalArgumentException("Không có số lớn thứ hai hợp lệ.");\n        }\n\n        return secondMax;\n\n    }\n}	WRONG_ANSWER	2025-06-03 07:33:36.261389	4	\N	5	1
153		2025-05-30 07:40:47.389663	\N	java	4096	4	4a6a4f70-c53a-40e2-8d87-eab7ad231dc8	926	4	public class Solution {\n    public int findMax(int[] a) {\n        int max = a[0];\n        for(int i = 1 ; i < a.length ; i++ ) {\n            if(a[i] > max) max = a[i];\n        }\n\n        return max;\n    }\n}	ACCEPTED	2025-05-30 07:40:37.751849	4	\N	1	1
159		2025-06-03 07:30:34.605794	\N	java	2048	0	c4ed8324-3e5b-45dd-b03c-723efe09954f	804	0	public class Solution {\n    public int sumEvenNumber(int[] a) {\n        int sum;\n\n        for (int i = 0 ; i < a.length() ; i++ ) {\n            if(a[i] % 2 ==0) sum += a[i];\n        }\n        return sum;\n    }\n}	WRONG_ANSWER	2025-06-03 07:30:27.689817	2	\N	17	1
154		2025-05-30 07:42:18.152337	\N	python	6144	6	9e6a9b05-f24c-4364-827e-f90af7a9e04e	299	6	def sum(a: int, b: int):\n   return a + b	ACCEPTED	2025-05-30 07:42:10.280361	6	15	6	1
162		2025-06-03 07:32:10.035586	\N	java	2048	2	10c570ca-653e-4951-949f-b1209863cc5f	845	2	public class Solution {\n    public int sumEvenNumber(int[] a) {\n        int sum = 0;\n\n        for (int i = 0; i < a.length; i++) {\n            if (a[i] % 2 == 0) {\n                sum += a[i];\n            }\n        }\n\n        return sum;\n    }\n}\n	ACCEPTED	2025-06-03 07:32:02.698228	2	\N	17	1
155		2025-05-30 08:41:58.865684	\N	java	2048	0	a2e83d4d-2948-498c-8ab2-fbceab686608	1158	0	public class Solution {\n    public int sumEvenNumber(int[] a) {\n        int sum = 0;\n        for( int i = 0 ; i < a.length ; i++) {\n            if(a[i] % 2 == 0) {\n                sum +=. a[i];\n            }\n        }\n\n        return sum;\n    }\n}	WRONG_ANSWER	2025-05-30 08:41:50.694144	2	\N	17	17
160		2025-06-03 07:31:20.003566	\N	java	2048	0	1470faeb-e558-47a1-8658-c7c07bec19e2	792	0	public class Solution {\n    public int sumEvenNumber(int[] a) {\n        int sum;\n\n        for (int i = 0 ; i < a.length ; i++ ) {\n            if(a[i] % 2 ==0) sum += a[i];\n        }\n        return sum;\n    }\n}	WRONG_ANSWER	2025-06-03 07:31:13.097411	2	\N	17	1
156		2025-05-30 08:42:37.564867	\N	python	6144	6	d40d8f46-d369-4bba-a9b8-63da00d28ec0	330	6	def sum(a: int, b: int):\n   return a + b	ACCEPTED	2025-05-30 08:42:29.707149	6	\N	6	17
164		2025-06-03 07:34:58.788952	\N	java	1024	1	209a5bc6-514d-4bcd-8d75-41bb9f9c1992	1127	1	public class Solution {\n    public int findSecondMax(int[] a) {\n        if (a == null || a.length < 2) return -1;\n\n        int max = Integer.MIN_VALUE;\n        int secondMax = Integer.MIN_VALUE;\n\n        for (int num : a) {\n            if (num > max) {\n                secondMax = max;\n                max = num;\n            } else if (num < max && num > secondMax) {\n                secondMax = num;\n            }\n        }\n\n        // Nếu không tìm được số lớn thứ hai thực sự (tức là secondMax chưa được cập nhật)\n        if (secondMax == Integer.MIN_VALUE) return -1;\n\n        return secondMax;\n    }\n}\n	WRONG_ANSWER	2025-06-03 07:34:51.113933	4	\N	5	1
157		2025-05-30 08:51:09.501619	\N	python	6144	6	e144a020-f09a-4861-85de-02bc78e40264	280	6	def sum(a: int, b: int):\n    return a + b	ACCEPTED	2025-05-30 08:51:02.057617	6	2	6	17
161		2025-06-03 07:31:51.634037	\N	java	2048	0	e4f8fd02-bf8d-4b9b-9ca5-6285e8bd83f9	804	0	public class Solution {\n    public int sumEvenNumber(int[] a) {\n        int sum = 0;\n\n        for (int i = 0 ; i < a.length() ; i++ ) {\n            if(a[i] % 2 ==0) sum += a[i];\n        }\n        return sum;\n    }\n}	WRONG_ANSWER	2025-06-03 07:31:44.691473	2	\N	17	1
165		2025-06-03 08:06:27.795481	\N	python	0	0	7c3d24b1-2991-4488-bb61-522f6f3cfd88	0	0	def max_subarray_sum(a: List[int]):\n    max_so_far = a[0]  # Lưu tổng lớn nhất tìm thấy\n    max_ending_here = a[0]  # Lưu tổng của dãy con kết thúc tại vị trí hiện tại\n    \n    for i in range(1, len(a)):\n        # Lựa chọn giữa bắt đầu dãy mới từ a[i] hoặc tiếp tục dãy cũ\n        max_ending_here = max(a[i], max_ending_here + a[i])\n        # Cập nhật tổng lớn nhất nếu cần\n        max_so_far = max(max_so_far, max_ending_here)\n    \n    return max_so_far	WRONG_ANSWER	2025-06-03 08:06:21.444739	4	\N	18	1
207		2025-06-06 08:59:46.634471	\N	python	6144	6	08f5241d-3fab-4bf2-a996-37c28c26e6d8	276	6	def sum(a: int, b: int):\n   return a + b	ACCEPTED	2025-06-06 08:59:39.157064	6	16	6	16
206		2025-06-06 08:58:24.382345	\N	java	6144	0	5c6d811a-e51a-4bed-8b29-51d7b4be7a2d	809	0	public class Solution {\n    public int sum(int a, int b) {\n        return a + b\n    }\n}	WRONG_ANSWER	2025-06-06 08:58:14.036118	6	\N	6	16
224		2025-06-15 15:34:32.463272	\N	python	6144	5	f084f080-063d-467f-a4e2-438cbeb974c8	556	5	def sum(a: int, b: int):\n    return a + b 	WRONG_ANSWER	2025-06-15 15:34:23.059474	6	\N	6	1
221		2025-06-15 13:32:02.630014	\N	python	6144	0	eff4ca59-7d00-4af0-bf4d-c918d7ab37e2	532	0	def sum(a: int, b: int):\n    # Write your code here	WRONG_ANSWER	2025-06-15 13:31:53.48494	6	\N	6	1
225		2025-06-15 15:37:32.387417	\N	python	6144	6	b8d4a3ad-4fa8-4098-805a-c6829aeaf9c3	298	6	def sum(a: int, b: int):\n    return a + b	ACCEPTED	2025-06-15 15:37:24.582432	6	\N	6	1
226		2025-06-15 15:46:38.993808	\N	python	6144	6	3cfd8bfd-4aef-4e10-b6f0-2c389cd464e0	303	6	def sum(a: int, b: int):\n    return a + b	ACCEPTED	2025-06-15 15:46:31.257128	6	\N	6	1
166		2025-06-03 08:08:46.686444	\N	java	4096	0	8d7cf2ce-ff1d-4d9e-9878-fbc6db1e8b4d	826	0	class Solution {\n    public int maxSubarraySum(int[] nums) {\n        int maxSoFar = nums[0]; // Lưu tổng lớn nhất tìm thấy\n        int maxEndingHere = nums[0]; // Lưu tổng của dãy con kết thúc tại vị trí hiện tại\n        \n        for (int i = 1; i < nums.length; i++) {\n            // Lựa chọn giữa bắt đầu dãy mới từ nums[i] hoặc tiếp tục dãy cũ\n            maxEndingHere = Math.max(nums[i], maxEndingHere + nums[i]);\n            // Cập nhật tổng lớn nhất nếu cần\n            maxSoFar = Math.max(maxSoFar, maxEndingHere);\n        }\n        \n        return maxSoFar;\n    }\n}	WRONG_ANSWER	2025-06-03 08:08:37.525439	4	\N	18	1
169		2025-06-03 08:11:58.773975	\N	python	4096	4	e2ec0831-4da6-4534-ac7a-dd2e6fac0ee4	288	4	def max_subarray_sum(a: List[int]) -> int:\n    max_so_far = a[0]  # Lưu tổng lớn nhất tìm thấy\n    max_ending_here = a[0]  # Lưu tổng của dãy con kết thúc tại vị trí hiện tại\n    \n    for i in range(1, len(a)):\n        # Lựa chọn giữa bắt đầu dãy mới từ a[i] hoặc tiếp tục dãy cũ\n        max_ending_here = max(a[i], max_ending_here + a[i])\n        # Cập nhật tổng lớn nhất nếu cần\n        max_so_far = max(max_so_far, max_ending_here)\n    \n    return max_so_far	ACCEPTED	2025-06-03 08:11:51.777424	4	\N	18	1
167		2025-06-03 08:09:35.026598	\N	java	4096	0	40b68d16-d76b-4249-8013-286a4d9d989a	757	0	class Solution {\n    public int maxSubarraySum(int[] a) {\n        int maxSoFar = a[0]; // Lưu tổng lớn nhất tìm thấy\n        int maxEndingHere = a[0]; // Lưu tổng của dãy con kết thúc tại vị trí hiện tại\n        \n        for (int i = 1; i < a.length; i++) {\n            // Lựa chọn giữa bắt đầu dãy mới từ nums[i] hoặc tiếp tục dãy cũ\n            maxEndingHere = Math.max(a[i], maxEndingHere + a[i]);\n            // Cập nhật tổng lớn nhất nếu cần\n            maxSoFar = Math.max(maxSoFar, maxEndingHere);\n        }\n        \n        return maxSoFar;\n    }\n}	WRONG_ANSWER	2025-06-03 08:09:26.619425	4	\N	18	1
168		2025-06-03 08:10:08.689759	\N	python	1024	1	cd71527b-caad-4145-8297-ce09f7e3cb96	359	1	def max_subarray_sum(a: List[int]) -> int:\n    max_so_far = a[0]  # Lưu tổng lớn nhất tìm thấy\n    max_ending_here = a[0]  # Lưu tổng của dãy con kết thúc tại vị trí hiện tại\n    \n    for i in range(1, len(a)):\n        # Lựa chọn giữa bắt đầu dãy mới từ a[i] hoặc tiếp tục dãy cũ\n        max_ending_here = max(a[i], max_ending_here + a[i])\n        # Cập nhật tổng lớn nhất nếu cần\n        max_so_far = max(max_so_far, max_ending_here)\n    \n    return max_so_far	WRONG_ANSWER	2025-06-03 08:10:02.622365	4	\N	18	1
172		2025-06-03 08:18:09.296972	\N	java	4096	4	43d32d1a-5589-4f47-a8f1-46b43bd1a0d6	1040	4	public class Solution {\n    public int[] findPair(int[] a, int b) {\n        // Tạo HashMap để lưu giá trị và chỉ số\n        HashMap<Integer, Integer> map = new HashMap<>();\n        \n        // Duyệt qua mảng\n        for (int i = 0; i < a.length; i++) {\n            int complement = b - a[i]; // Tìm giá trị cần để đạt target\n            if (map.containsKey(complement)) {\n                // Nếu tìm thấy complement, trả về cặp chỉ số\n                return new int[] {map.get(complement), i};\n            }\n            // Lưu giá trị hiện tại và chỉ số của nó\n            map.put(a[i], i);\n        }\n        \n        // Đảm bảo có một cặp thỏa mãn, nên không cần kiểm tra trường hợp không tìm thấy\n        return new int[0];\n    }\n}	ACCEPTED	2025-06-03 08:17:59.361507	4	16	3	1
171		2025-06-03 08:13:52.290804	\N	java	4096	4	dc1f5f44-3da3-4cdf-ab56-26a9b950516c	889	4	public class Solution {\n    public int max_subarray_sum(int[] a) {\n        int maxSoFar = a[0]; // Lưu tổng lớn nhất tìm thấy\n        int maxEndingHere = a[0]; // Lưu tổng của dãy con kết thúc tại vị trí hiện tại\n        \n        for (int i = 1; i < a.length; i++) {\n            // Lựa chọn giữa bắt đầu dãy mới từ a[i] hoặc tiếp tục dãy cũ\n            if (a[i] > maxEndingHere + a[i]) {\n                maxEndingHere = a[i];\n            } else {\n                maxEndingHere = maxEndingHere + a[i];\n            }\n            // Cập nhật tổng lớn nhất nếu cần\n            if (maxEndingHere > maxSoFar) {\n                maxSoFar = maxEndingHere;\n            }\n        }\n        \n        return maxSoFar;\n    }\n}	ACCEPTED	2025-06-03 08:13:43.272009	4	\N	18	1
170		2025-06-03 08:13:17.690246	\N	java	4096	3	9e4b866c-567c-4e75-ac18-56ff771480b3	922	3	public class Solution {\n    public int max_subarray_sum(int[] a) {\n        int maxSoFar = a[0]; // Lưu tổng lớn nhất tìm thấy\n        int maxEndingHere = a[0]; // Lưu tổng của dãy con kết thúc tại vị trí hiện tại\n        \n        for (int i = 1; i < a.length; i++) {\n            // Lựa chọn giữa bắt đầu dãy mới từ a[i] hoặc tiếp tục dãy cũ\n            if (a[i] > maxEndingHere + a[i]) {\n                maxEndingHere = a[i];\n            } else {\n                maxEndingHere = maxEndingHere + a[i];\n            }\n            // Cập nhật tổng lớn nhất nếu cần\n            if (maxEndingHere > maxSoFar) {\n                maxSoFar = maxEndingHere;\n            }\n        }\n        \n        return maxSoFar;\n    }\n}	WRONG_ANSWER	2025-06-03 08:13:08.24854	4	\N	18	1
208		2025-06-10 18:42:57.284019	\N	python	6144	6	fc7f5b37-a59b-4d2d-b759-e15de8a420d2	389	6	def sum(a: int, b: int):\n    return a + b	ACCEPTED	2025-06-10 18:42:48.859388	6	\N	6	1
210		2025-06-10 20:13:49.694442	\N	python	6144	6	bada6ce0-2d21-4b55-8e2b-45d87e2ea972	410	6	def sum(a: int, b: int):\n    return a +b	ACCEPTED	2025-06-10 20:13:41.252895	6	\N	6	1
211		2025-06-10 20:14:19.529555	\N	python	1024	0	781075b5-32f2-45ec-a85a-17a05b320c65	465	0	def sum(a: int, b: int):\n    return a	WRONG_ANSWER	2025-06-10 20:14:13.388156	6	\N	6	1
212		2025-06-15 12:32:54.603121	\N	python	6144	5	2aefd5e9-cc66-49a9-b57c-4b5f6f0c1ddd	956	5	def sum(a: int, b: int):\n    return a + b;	WRONG_ANSWER	2025-06-15 12:32:41.548344	6	\N	6	1
222		2025-06-15 13:49:34.773743	\N	python	6144	6	98034d7e-6c9a-4b00-9e6d-035915385200	399	6	def sum(a: int, b: int):\n    return a + b	ACCEPTED	2025-06-15 13:49:26.250791	6	\N	6	1
213		2025-06-15 12:45:54.665539	\N	python	6144	6	0bbd225d-9c9a-44f8-9993-e98eccfc1312	342	6	def sum(a: int, b: int):\n   return a +b 	ACCEPTED	2025-06-15 12:45:46.67194	6	\N	6	1
227		2025-06-15 15:51:01.373702	\N	python	6144	6	0abef027-e48c-4fcd-a4a1-ac815096790d	334	6	def sum(a: int, b: int):\n    return a + b	ACCEPTED	2025-06-15 15:50:53.376855	6	\N	6	1
230		2025-06-16 08:10:04.563246	\N	python	1024	0	5278618c-e2ca-4ef9-99aa-5e1e419757d1	1126	0	def sum(a: int, b: int):\n    return a 	WRONG_ANSWER	2025-06-16 08:09:57.154723	6	\N	6	16
173		2025-06-03 08:20:25.383694	\N	java	4096	3	9cbb7a6e-1a8e-490b-8536-b91ae8cc2907	856	3	public class Solution {\n    public boolean isPalindrome(String a) {\n        // Hai con trỏ: left từ đầu, right từ cuối\n        int left = 0;\n        int right = a.length() - 1;\n        \n        while (left < right) {\n            // Bỏ qua ký tự không phải chữ hoặc số từ bên trái\n            while (left < right && !isAlphanumeric(a.charAt(left))) {\n                left++;\n            }\n            // Bỏ qua ký tự không phải chữ hoặc số từ bên phải\n            while (left < right && !isAlphanumeric(a.charAt(right))) {\n                right--;\n            }\n            // So sánh ký tự, không phân biệt hoa/thường\n            if (toLowerCase(a.charAt(left)) != toLowerCase(a.charAt(right))) {\n                return false;\n            }\n            left++;\n            right--;\n        }\n        \n        return true;\n    }\n    \n    // Hàm kiểm tra ký tự có phải là chữ hoặc số\n    private boolean isAlphanumeric(char c) {\n        return (c >= 'a' && c <= 'z') || \n               (c >= 'A' && c <= 'Z') || \n               (c >= '0' && c <= '9');\n    }\n    \n    // Hàm chuyển ký tự về chữ thường\n    private char toLowerCase(char c) {\n        if (c >= 'A' && c <= 'Z') {\n            return (char)(c + 32); // Chuyển chữ hoa thành chữ thường\n        }\n        return c;\n    }\n}	WRONG_ANSWER	2025-06-03 08:20:16.285182	4	\N	4	1
182		2025-06-04 09:50:46.862231	\N	java	1024	1	5386bc9d-8f59-4df6-8e24-7e606125f465	929	1	public class Solution {\n    public boolean laDoiXung(int[] a) {\n        return true;\n    }\n}	ACCEPTED	2025-06-04 09:50:40.575584	1	17	22	15
175		2025-06-04 09:30:58.279466	\N	java	1024	0	f7bd4b8d-9b87-47bd-9a16-42d5bb1e2f9d	1486	0	public class Solution {\n    public boolean isPalindrome(int[] a) {\n        // Trường hợp mảng rỗng hoặc có 1 phần tử là palindrome\n        if (a.length <= 1) {\n            return true;\n        }\n        \n        // Hai con trỏ: left từ đầu, right từ cuối\n        int left = 0;\n        int right = a.length - 1;\n        \n        while (left < right) {\n            // So sánh các phần tử từ hai đầu\n            if (a[left] != a[right]) {\n                return false;\n            }\n            left++;\n            right--;\n        }\n        \n        return true;\n    }\n}	WRONG_ANSWER	2025-06-04 09:30:50.830965	1	\N	22	1
174		2025-06-03 08:20:37.160533	\N	java	4096	4	07bca5e6-ee76-4b18-a2ee-8b4a660d6009	855	4	public class Solution {\n    public boolean isPalindrome(String a) {\n        // Hai con trỏ: left từ đầu, right từ cuối\n        int left = 0;\n        int right = a.length() - 1;\n        \n        while (left < right) {\n            // Bỏ qua ký tự không phải chữ hoặc số từ bên trái\n            while (left < right && !isAlphanumeric(a.charAt(left))) {\n                left++;\n            }\n            // Bỏ qua ký tự không phải chữ hoặc số từ bên phải\n            while (left < right && !isAlphanumeric(a.charAt(right))) {\n                right--;\n            }\n            // So sánh ký tự, không phân biệt hoa/thường\n            if (toLowerCase(a.charAt(left)) != toLowerCase(a.charAt(right))) {\n                return false;\n            }\n            left++;\n            right--;\n        }\n        \n        return true;\n    }\n    \n    // Hàm kiểm tra ký tự có phải là chữ hoặc số\n    private boolean isAlphanumeric(char c) {\n        return (c >= 'a' && c <= 'z') || \n               (c >= 'A' && c <= 'Z') || \n               (c >= '0' && c <= '9');\n    }\n    \n    // Hàm chuyển ký tự về chữ thường\n    private char toLowerCase(char c) {\n        if (c >= 'A' && c <= 'Z') {\n            return (char)(c + 32); // Chuyển chữ hoa thành chữ thường\n        }\n        return c;\n    }\n}	ACCEPTED	2025-06-03 08:20:28.306249	4	\N	4	1
179		2025-06-04 09:33:10.871031	\N	java	0	0	a2e633f8-08d8-4e6d-9ab7-8432cb116ff9	0	0	public class Solution {\n    public boolean laDoiXung(int[] a) {\n        return false;\n    }\n}	WRONG_ANSWER	2025-06-04 09:33:04.229966	1	\N	22	1
177		2025-06-04 09:32:20.279512	\N	java	0	0	980b9b16-bec0-47db-aa15-2236d20274da	0	0	public class Solution {\n    public boolean laDoiXung(int[] a) {\n         // Trường hợp mảng rỗng hoặc có 1 phần tử là palindrome\n        if (a.length <= 1) {\n            return true;\n        }\n        \n        // Hai con trỏ: left từ đầu, right từ cuối\n        int left = 0;\n        int right = a.length - 1;\n        \n        while (left < right) {\n            // So sánh các phần tử từ hai đầu\n            if (a[left] != a[right]) {\n                return false;\n            }\n            left++;\n            right++;\n        }\n        \n        return true;\n    }\n}	WRONG_ANSWER	2025-06-04 09:32:14.037429	1	\N	22	1
176		2025-06-04 09:31:33.611243	\N	java	1024	1	11a0eb64-2266-4aa4-a3e5-4e6b59556eab	974	1	public class Solution {\n    public boolean laDoiXung(int[] a) {\n         // Trường hợp mảng rỗng hoặc có 1 phần tử là palindrome\n        if (a.length <= 1) {\n            return true;\n        }\n        \n        // Hai con trỏ: left từ đầu, right từ cuối\n        int left = 0;\n        int right = a.length - 1;\n        \n        while (left < right) {\n            // So sánh các phần tử từ hai đầu\n            if (a[left] != a[right]) {\n                return false;\n            }\n            left++;\n            right--;\n        }\n        \n        return true;\n    }\n}	ACCEPTED	2025-06-04 09:31:27.336276	1	\N	22	1
178		2025-06-04 09:32:49.724708	\N	java	1024	0	06f84a50-841d-4c7b-93f9-215592a7a9f0	936	0	public class Solution {\n    public boolean laDoiXung(int[] a) {\n        return 5;\n    }\n}	WRONG_ANSWER	2025-06-04 09:32:43.44007	1	\N	22	1
184		2025-06-05 10:53:30.424035	\N	java	2048	1	f13c871f-b0e7-47f9-a011-de8d5275778a	1252	1	public class Solution {\n    public int findLongestIncreasingSubsequence(int[] a) {\n        // Kiểm tra trường hợp mảng rỗng hoặc null\n        if (a == null || a.length == 0) {\n            return 0;\n        }\n        \n        int n = a.length;\n        // Khởi tạo mảng dp\n        int[] dp = new int[n];\n        for (int i = 0; i < n; i++) {\n            dp[i] = 1; // Mỗi phần tử ban đầu có độ dài dãy con là 1\n        }\n        \n        // Tính dp\n        for (int i = 1; i < n; i++) {\n            for (int j = 0; j < i; j++) {\n                if (a[j] < a[i]) {\n                    dp[i] = Math.max(dp[i], dp[j] + 1);\n                }\n            }\n        }\n        \n        // Tìm giá trị lớn nhất trong mảng dp\n        int result = 1;\n        for (int i = 0; i < n; i++) {\n            result = Math.max(result, dp[i]);\n        }\n        \n        return result;\n    }\n}	WRONG_ANSWER	2025-06-05 10:53:21.803187	2	\N	26	1
180		2025-06-04 09:49:45.899843	\N	java	1024	0	282ff4bb-8d33-4f86-88c7-3b6049a2353a	1101	0	public class Solution {\n    public boolean laDoiXung(int[] a) {\n        return true\n    }\n}	WRONG_ANSWER	2025-06-04 09:49:39.128898	1	17	22	15
183		2025-06-04 09:53:29.500964	\N	java	1024	1	9b669988-f6bd-4c33-9932-610f662349ee	1067	1	public class Solution {\n    public boolean laDoiXung(int[] a) {\n        return true;\n    }\n}	ACCEPTED	2025-06-04 09:53:22.701224	1	17	22	15
181		2025-06-04 09:50:31.228551	\N	java	1024	0	52de34b8-4d7a-4c89-af48-e40b7dbc4985	905	0	public class Solution {\n    public boolean laDoiXung(int[] a) {\n        return true\n    }\n}	WRONG_ANSWER	2025-06-04 09:50:24.994527	1	\N	22	14
185		2025-06-05 10:53:41.361558	\N	java	2048	1	a2ec0ac7-f6b2-477b-a044-3e4ec30a14a5	1446	1	public class Solution {\n    public int findLongestIncreasingSubsequence(int[] a) {\n        // Kiểm tra trường hợp mảng rỗng hoặc null\n        if (a == null || a.length == 0) {\n            return 0;\n        }\n        \n        int n = a.length;\n        // Khởi tạo mảng dp\n        int[] dp = new int[n];\n        for (int i = 0; i < n; i++) {\n            dp[i] = 1; // Mỗi phần tử ban đầu có độ dài dãy con là 1\n        }\n        \n        // Tính dp\n        for (int i = 1; i < n; i++) {\n            for (int j = 0; j < i; j++) {\n                if (a[j] < a[i]) {\n                    dp[i] = Math.max(dp[i], dp[j] + 1);\n                }\n            }\n        }\n        \n        // Tìm giá trị lớn nhất trong mảng dp\n        int result = 1;\n        for (int i = 0; i < n; i++) {\n            result = Math.max(result, dp[i]);\n        }\n        \n        return result;\n    }\n}	WRONG_ANSWER	2025-06-05 10:53:33.135909	2	\N	26	1
209		2025-06-10 19:22:47.061768	\N	python	6144	6	2d8e3ae8-5287-4246-a4aa-ef2a23c5db97	328	6	def sum(a: int, b: int):\n    return a + b	ACCEPTED	2025-06-10 19:22:39.21912	6	\N	6	1
186		2025-06-05 10:54:09.654478	\N	java	2048	1	268dcaae-aac8-45a7-9798-b75802cc6304	1254	1	public class Solution {\n    public int findLongestIncreasingSubsequence(int[] a) {\n        // Kiểm tra trường hợp mảng rỗng hoặc null\n        if (a == null || a.length == 0) {\n            return 0;\n        }\n        \n        int n = a.length;\n        // Khởi tạo mảng dp\n        int[] dp = new int[n];\n        for (int i = 0; i < n; i++) {\n            dp[i] = 1; // Mỗi phần tử ban đầu có độ dài dãy con là 1\n        }\n        \n        // Tính dp\n        for (int i = 1; i < n; i++) {\n            for (int j = 0; j < i; j++) {\n                if (a[j] < a[i]) {\n                    dp[i] = Math.max(dp[i], dp[j] + 1);\n                }\n            }\n        }\n        \n        // Tìm giá trị lớn nhất trong mảng dp\n        int result = 1;\n        for (int i = 0; i < n; i++) {\n            result = Math.max(result, dp[i]);\n        }\n        \n        return result;\n    }\n}	WRONG_ANSWER	2025-06-05 10:54:01.775184	2	\N	26	1
187		2025-06-05 10:58:36.524491	\N	java	2048	2	f2bab3e3-118d-4d62-9452-285dfb9c0600	1130	2	public class Solution {\n    public int findLongestIncreasingSubsequence(int[] a) {\n        // Kiểm tra trường hợp mảng rỗng hoặc null\n        if (a == null || a.length == 0) {\n            return 0;\n        }\n        \n        int n = a.length;\n        // Khởi tạo mảng dp\n        int[] dp = new int[n];\n        for (int i = 0; i < n; i++) {\n            dp[i] = 1; // Mỗi phần tử ban đầu có độ dài dãy con là 1\n        }\n        \n        // Tính dp\n        for (int i = 1; i < n; i++) {\n            for (int j = 0; j < i; j++) {\n                if (a[j] < a[i]) {\n                    dp[i] = Math.max(dp[i], dp[j] + 1);\n                }\n            }\n        }\n        \n        // Tìm giá trị lớn nhất trong mảng dp\n        int result = 1;\n        for (int i = 0; i < n; i++) {\n            result = Math.max(result, dp[i]);\n        }\n        \n        return result;\n    }\n}	ACCEPTED	2025-06-05 10:58:28.373676	2	\N	26	1
200		2025-06-06 08:57:02.408516	\N	java	4096	4	7cfb4159-790e-4c45-9529-a388727ff080	1034	4	public class Solution {\n    public int[] findPair(int[] a, int b) {\n\n        HashMap<Integer, Integer> numMap = new HashMap<>();\n\n\n        for (int i = 0; i < a.length; i++) {\n            int num = a[i];\n            int complement = b - num;\n\n\n            if (numMap.containsKey(complement)) {\n                return new int[] { numMap.get(complement), i };\n            }\n\n\n            numMap.put(num, i);\n        }\n\n\n        return new int[0];\n    }\n}\n	ACCEPTED	2025-06-06 08:48:45.686334	4	\N	3	16
188		2025-06-05 11:09:59.468425	\N	python	4096	4	811ebd70-179d-42f9-8608-310e143ca7b1	406	4	def find_pair(a: List[int], b: int):\n    num_map = {}\n    \n    for i, num in enumerate(a):\n        complement = b - num\n  \n        if complement in num_map:\n            return [num_map[complement], i]\n    \n        num_map[num] = i\n    \n    return []\n	ACCEPTED	2025-06-05 11:09:52.011994	4	\N	3	1
201		2025-06-06 08:57:08.551985	\N	python	6144	6	49e4f7bd-7f33-4a48-b7a9-fec78938756f	294	6	def sum(a: int, b: int):\n    return a + b	ACCEPTED	2025-06-06 08:49:26.458082	6	\N	6	16
214		2025-06-15 12:50:51.579106	\N	python	6144	5	5a1c5f4e-8e1b-45b4-b7f0-08454a3bcc3b	454	5	def sum(a: int, b: int):\n    return a +b 	WRONG_ANSWER	2025-06-15 12:50:42.896139	6	\N	6	1
215		2025-06-15 12:53:02.613953	\N	python	6144	0	b86f23ca-7b5f-4ed3-a717-c16920d58295	295	0	def sum(a: int, b: int):\n    # Write your code here	WRONG_ANSWER	2025-06-15 12:52:54.962685	6	\N	6	1
216		2025-06-15 13:13:51.377427	\N	python	6144	6	316820b8-89a3-41d3-ad6f-9fad3baa4980	405	6	def sum(a: int, b: int):\n    return a + b	ACCEPTED	2025-06-15 13:13:42.884378	6	\N	6	1
229		2025-06-15 15:58:54.8124	\N	python	6144	6	2be861e5-a06a-402b-8053-f465664f2ffd	331	6	def sum(a: int, b: int):\n    return a + b 	ACCEPTED	2025-06-15 15:58:46.947156	6	\N	6	1
223		2025-06-15 13:51:21.970367	\N	python	6144	0	aedb1933-73e1-4bc3-8315-91f6d850febf	321	0	def sum(a: int, b: int):\n    # Write your code here	WRONG_ANSWER	2025-06-15 13:51:13.986099	6	\N	6	1
228		2025-06-15 15:58:41.770777	\N	python	1024	0	8e19e316-3357-4469-a761-d32a548376ba	623	0	def sum(a: int, b: int):\n    return a 	WRONG_ANSWER	2025-06-15 15:58:34.989817	6	\N	6	1
231		2025-06-16 08:10:16.257701	\N	python	6144	6	1101953f-0244-45b2-bf0b-7f8684f4496a	271	6	def sum(a: int, b: int):\n    return a + b	ACCEPTED	2025-06-16 08:10:09.156363	6	\N	6	16
232		2025-06-18 13:41:34.970524	\N	python	0	0	aa93579a-3627-4808-806a-fe10404f5b62	0	0	def twoSum(a: List[int], b: int):\n    lookup = {}\n    for i, num in enumerate(a):\n        if b - num in lookup:\n            return [lookup[b - num], i]\n        lookup[num] = i\n	WRONG_ANSWER	2025-06-18 13:41:29.148825	3	\N	40	1
233		2025-06-18 13:44:06.26199	\N	python	3072	3	1be5c3e2-9c7e-4e74-b401-5e3939b01a45	386	31	def twoSum(a: List[int], b: int):\n    lookup = {}\n    for i, num in enumerate(a):\n        if b - num in lookup:\n            return [lookup[b - num], i]\n        lookup[num] = i\n	ACCEPTED	2025-06-18 13:43:59.303259	3	\N	40	1
189		2025-06-05 11:23:44.403987	\N	java	2048	2	87961269-c235-4032-8ae9-a7fb68fa43b1	2045	2	public class Solution {\n    public int findLongestIncreasingSubsequence(int[] a) {\n        if (a == null || a.length == 0) {\n            return 0;\n        }\n        \n        // Mảng tails lưu giá trị nhỏ nhất kết thúc dãy con tăng có độ dài i + 1\n        int[] tails = new int[a.length];\n        int length = 0; // Độ dài của dãy con tăng dài nhất hiện tại\n        \n        // Khởi tạo tails với phần tử đầu tiên\n        tails[0] = a[0];\n        length = 1;\n        \n        // Duyệt qua mảng\n        for (int i = 1; i < a.length; i++) {\n            if (a[i] > tails[length - 1]) {\n                // Nếu a[i] lớn hơn phần tử cuối, mở rộng dãy\n                tails[length] = a[i];\n                length++;\n            } else {\n                // Tìm kiếm nhị phân để tìm vị trí thay thế trong tails\n                int left = 0;\n                int right = length - 1;\n                while (left < right) {\n                    int mid = left + (right - left) / 2;\n                    if (tails[mid] < a[i]) {\n                        left = mid + 1;\n                    } else {\n                        right = mid;\n                    }\n                }\n                tails[left] = a[i];\n            }\n        }\n        \n        return length;\n    }\n}	ACCEPTED	2025-06-05 11:23:34.316861	2	\N	26	1
192		2025-06-05 11:28:10.92567	\N	java	4096	4	452a2ab1-1876-4aba-bcec-3923c4e89fff	994	4	\n\npublic class Solution {\n    public int[] findPair(int[] a, int b) {\n        // Tạo hash table để lưu số và chỉ số\n        HashMap<Integer, Integer> numMap = new HashMap<>();\n\n        // Duyệt qua mảng\n        for (int i = 0; i < a.length; i++) {\n            int num = a[i];\n            int complement = b - num;\n\n            // Nếu complement đã tồn tại trong hash table, trả về cặp chỉ số\n            if (numMap.containsKey(complement)) {\n                return new int[] { numMap.get(complement), i };\n            }\n\n            // Nếu không, thêm số hiện tại và chỉ số vào hash table\n            numMap.put(num, i);\n        }\n\n        // Đề bài đảm bảo luôn có một cặp số thỏa mãn, nên không cần return trường hợp không tìm thấy\n        return new int[0];\n    }\n}\n	ACCEPTED	2025-06-05 11:28:01.164218	4	\N	3	1
191		2025-06-05 11:27:13.333458	\N	java	4096	4	9fdfba59-d7c3-4b04-9e81-e0455dccba3c	980	4	import java.util.HashMap;\n\npublic class Solution {\n    public int[] findPair(int[] a, int b) {\n        // Tạo hash table để lưu số và chỉ số\n        HashMap<Integer, Integer> numMap = new HashMap<>();\n\n        // Duyệt qua mảng\n        for (int i = 0; i < a.length; i++) {\n            int num = a[i];\n            int complement = b - num;\n\n            // Nếu complement đã tồn tại trong hash table, trả về cặp chỉ số\n            if (numMap.containsKey(complement)) {\n                return new int[] { numMap.get(complement), i };\n            }\n\n            // Nếu không, thêm số hiện tại và chỉ số vào hash table\n            numMap.put(num, i);\n        }\n\n        // Đề bài đảm bảo luôn có một cặp số thỏa mãn, nên không cần return trường hợp không tìm thấy\n        return new int[0];\n    }\n}\n	ACCEPTED	2025-06-05 11:27:03.58698	4	\N	3	1
190		2025-06-05 11:25:30.978469	\N	python	4096	4	cd2df7c2-5232-4856-880f-1a023a2aa2d0	393	4	def find_pair(a: List[int], b: int):\n    num_map = {}\n    \n    for i, num in enumerate(a):\n        complement = b - num\n  \n        if complement in num_map:\n            return [num_map[complement], i]\n    \n        num_map[num] = i\n    \n    return []\n	ACCEPTED	2025-06-05 11:25:23.430382	4	\N	3	1
195		2025-06-05 17:19:07.348696	\N	java	4096	4	ed910635-6126-44fb-8bf5-790a1a44baea	973	4	public class Solution {\n    public int[] findPair(int[] a, int b) {\n\n        HashMap<Integer, Integer> numMap = new HashMap<>();\n\n\n        for (int i = 0; i < a.length; i++) {\n            int num = a[i];\n            int complement = b - num;\n\n\n            if (numMap.containsKey(complement)) {\n                return new int[] { numMap.get(complement), i };\n            }\n\n\n            numMap.put(num, i);\n        }\n\n\n        return new int[0];\n    }\n}\n	ACCEPTED	2025-06-05 17:18:58.024945	4	16	3	1
194		2025-06-05 17:18:05.572939	\N	python	0	0	2b09ea3d-73c1-4ff5-863b-07459d3c0479	0	0	def find_pair(a: List[int], b: int):\n    num_map = {}\n    \n    for i, num in enumerate(a):\n        complement = b - num\n  \n        if complement in num_map:\n            return [num_map[complement], i]\n    \n        num_map[num] = i +1\n    \n    return []\n	WRONG_ANSWER	2025-06-05 17:17:59.912035	4	\N	3	1
193		2025-06-05 17:17:51.015196	\N	python	4096	4	f4ccdfc5-437b-4c13-92b6-ba4fcbd096b3	673	4	def find_pair(a: List[int], b: int):\n    num_map = {}\n    \n    for i, num in enumerate(a):\n        complement = b - num\n  \n        if complement in num_map:\n            return [num_map[complement], i]\n    \n        num_map[num] = i\n    \n    return []\n	ACCEPTED	2025-06-05 17:17:42.429566	4	\N	3	1
198		2025-06-06 08:56:57.664383	\N	python	4096	4	d00252d4-b0f4-4663-9275-c14c9c889240	407	4	def find_pair(a: List[int], b: int):\n    num_map = {}\n    \n    for i, num in enumerate(a):\n        complement = b - num\n  \n        if complement in num_map:\n            return [num_map[complement], i]\n    \n        num_map[num] = i\n    \n    return []\n	ACCEPTED	2025-06-06 08:47:49.203434	4	\N	3	16
197		2025-06-06 06:37:59.134628	\N	python	4096	4	aec6f6c1-2fb0-4ee5-82bc-a85ffce8c88a	313	4	def find_pair(a: List[int], b: int):\n    num_map = {}\n    \n    for i, num in enumerate(a):\n        complement = b - num\n  \n        if complement in num_map:\n            return [num_map[complement], i]\n    \n        num_map[num] = i\n    \n    return []\n	ACCEPTED	2025-06-06 06:37:52.442092	4	\N	3	16
196		2025-06-06 06:37:16.527391	\N	python	6144	5	58f55021-2513-460b-8210-0c4e03d83da0	452	5	def sum(a: int, b: int):\n    return a + b	WRONG_ANSWER	2025-06-06 06:37:07.851882	6	16	6	16
199		2025-06-06 08:56:54.888635	\N	python	4096	4	17a4c9c8-33bd-44e0-8ab3-9411e4838d1c	1100	4	def find_pair(a: List[int], b: int):\n    num_map = {}\n    \n    for i, num in enumerate(a):\n        complement = b - num\n  \n        if complement in num_map:\n            return [num_map[complement], i]\n    \n        num_map[num] = i\n    \n    return []\n	ACCEPTED	2025-06-06 08:48:09.483489	4	\N	3	16
203		2025-06-06 08:57:11.253735	\N	python	6144	6	df261189-986a-42b5-90b4-dfa7a5bf8c63	322	6	def sum(a: int, b: int):\n   return a + b	ACCEPTED	2025-06-06 08:57:03.845128	6	\N	6	16
202		2025-06-06 08:57:05.658546	\N	python	6144	6	184133de-0e77-4a73-928b-30d98ec2eaf4	406	6	def sum(a: int, b: int):\n    return a + b	ACCEPTED	2025-06-06 08:55:50.802872	6	\N	6	16
204		2025-06-06 08:57:33.100422	\N	python	1024	0	6374525f-0cae-4985-94e7-8626652718a0	381	0	def sum(a: int, b: int):\n   return a	WRONG_ANSWER	2025-06-06 08:57:25.869666	6	\N	6	16
\.


--
-- Data for Name: test_case_results; Type: TABLE DATA; Schema: public; Owner: postgres
--

COPY public.test_case_results (id, error_message, is_hidden, memory_used_kb, runtime_ms, score, status, user_output, submission_id, test_case_id) FROM stdin;
1	failed to lazily initialize a collection of role: oj.onlineCodingCompetition.entity.Problem.functionSignatures: could not initialize proxy - no Session	f	\N	\N	0	SYSTEM_ERROR	\N	14	21
2	failed to lazily initialize a collection of role: oj.onlineCodingCompetition.entity.Problem.functionSignatures: could not initialize proxy - no Session	f	\N	\N	0	SYSTEM_ERROR	\N	14	22
3	failed to lazily initialize a collection of role: oj.onlineCodingCompetition.entity.Problem.functionSignatures: could not initialize proxy - no Session	f	\N	\N	0	SYSTEM_ERROR	\N	14	23
4	failed to lazily initialize a collection of role: oj.onlineCodingCompetition.entity.Problem.functionSignatures: could not initialize proxy - no Session	t	\N	\N	0	SYSTEM_ERROR	\N	14	24
5	failed to lazily initialize a collection of role: oj.onlineCodingCompetition.entity.Problem.functionSignatures: could not initialize proxy - no Session	t	\N	\N	0	SYSTEM_ERROR	\N	14	25
6	failed to lazily initialize a collection of role: oj.onlineCodingCompetition.entity.Problem.functionSignatures: could not initialize proxy - no Session	t	\N	\N	0	SYSTEM_ERROR	\N	14	26
7	failed to lazily initialize a collection of role: oj.onlineCodingCompetition.entity.Problem.functionSignatures: could not initialize proxy - no Session	f	\N	\N	0	SYSTEM_ERROR	\N	13	21
8	failed to lazily initialize a collection of role: oj.onlineCodingCompetition.entity.Problem.functionSignatures: could not initialize proxy - no Session	f	\N	\N	0	SYSTEM_ERROR	\N	13	22
9	failed to lazily initialize a collection of role: oj.onlineCodingCompetition.entity.Problem.functionSignatures: could not initialize proxy - no Session	f	\N	\N	0	SYSTEM_ERROR	\N	13	23
10	failed to lazily initialize a collection of role: oj.onlineCodingCompetition.entity.Problem.functionSignatures: could not initialize proxy - no Session	t	\N	\N	0	SYSTEM_ERROR	\N	13	24
11	failed to lazily initialize a collection of role: oj.onlineCodingCompetition.entity.Problem.functionSignatures: could not initialize proxy - no Session	t	\N	\N	0	SYSTEM_ERROR	\N	13	25
12	failed to lazily initialize a collection of role: oj.onlineCodingCompetition.entity.Problem.functionSignatures: could not initialize proxy - no Session	t	\N	\N	0	SYSTEM_ERROR	\N	13	26
13	failed to lazily initialize a collection of role: oj.onlineCodingCompetition.entity.Problem.functionSignatures: could not initialize proxy - no Session	f	\N	\N	0	SYSTEM_ERROR	\N	3	1
14	failed to lazily initialize a collection of role: oj.onlineCodingCompetition.entity.Problem.functionSignatures: could not initialize proxy - no Session	f	\N	\N	0	SYSTEM_ERROR	\N	3	2
15	failed to lazily initialize a collection of role: oj.onlineCodingCompetition.entity.Problem.functionSignatures: could not initialize proxy - no Session	t	\N	\N	0	SYSTEM_ERROR	\N	3	3
16	failed to lazily initialize a collection of role: oj.onlineCodingCompetition.entity.Problem.functionSignatures: could not initialize proxy - no Session	t	\N	\N	0	SYSTEM_ERROR	\N	3	4
17	failed to lazily initialize a collection of role: oj.onlineCodingCompetition.entity.Problem.functionSignatures: could not initialize proxy - no Session	f	\N	\N	0	SYSTEM_ERROR	\N	12	21
18	failed to lazily initialize a collection of role: oj.onlineCodingCompetition.entity.Problem.functionSignatures: could not initialize proxy - no Session	f	\N	\N	0	SYSTEM_ERROR	\N	12	22
19	failed to lazily initialize a collection of role: oj.onlineCodingCompetition.entity.Problem.functionSignatures: could not initialize proxy - no Session	f	\N	\N	0	SYSTEM_ERROR	\N	12	23
20	failed to lazily initialize a collection of role: oj.onlineCodingCompetition.entity.Problem.functionSignatures: could not initialize proxy - no Session	t	\N	\N	0	SYSTEM_ERROR	\N	12	24
21	failed to lazily initialize a collection of role: oj.onlineCodingCompetition.entity.Problem.functionSignatures: could not initialize proxy - no Session	t	\N	\N	0	SYSTEM_ERROR	\N	12	25
22	failed to lazily initialize a collection of role: oj.onlineCodingCompetition.entity.Problem.functionSignatures: could not initialize proxy - no Session	t	\N	\N	0	SYSTEM_ERROR	\N	12	26
23	failed to lazily initialize a collection of role: oj.onlineCodingCompetition.entity.Problem.functionSignatures: could not initialize proxy - no Session	f	\N	\N	0	SYSTEM_ERROR	\N	15	21
24	failed to lazily initialize a collection of role: oj.onlineCodingCompetition.entity.Problem.functionSignatures: could not initialize proxy - no Session	f	\N	\N	0	SYSTEM_ERROR	\N	15	22
25	failed to lazily initialize a collection of role: oj.onlineCodingCompetition.entity.Problem.functionSignatures: could not initialize proxy - no Session	f	\N	\N	0	SYSTEM_ERROR	\N	15	23
26	failed to lazily initialize a collection of role: oj.onlineCodingCompetition.entity.Problem.functionSignatures: could not initialize proxy - no Session	t	\N	\N	0	SYSTEM_ERROR	\N	15	24
27	failed to lazily initialize a collection of role: oj.onlineCodingCompetition.entity.Problem.functionSignatures: could not initialize proxy - no Session	t	\N	\N	0	SYSTEM_ERROR	\N	15	25
28	failed to lazily initialize a collection of role: oj.onlineCodingCompetition.entity.Problem.functionSignatures: could not initialize proxy - no Session	t	\N	\N	0	SYSTEM_ERROR	\N	15	26
29	failed to lazily initialize a collection of role: oj.onlineCodingCompetition.entity.Problem.functionSignatures: could not initialize proxy - no Session	f	\N	\N	0	SYSTEM_ERROR	\N	16	21
30	failed to lazily initialize a collection of role: oj.onlineCodingCompetition.entity.Problem.functionSignatures: could not initialize proxy - no Session	f	\N	\N	0	SYSTEM_ERROR	\N	16	22
31	failed to lazily initialize a collection of role: oj.onlineCodingCompetition.entity.Problem.functionSignatures: could not initialize proxy - no Session	f	\N	\N	0	SYSTEM_ERROR	\N	16	23
32	failed to lazily initialize a collection of role: oj.onlineCodingCompetition.entity.Problem.functionSignatures: could not initialize proxy - no Session	t	\N	\N	0	SYSTEM_ERROR	\N	16	24
33	failed to lazily initialize a collection of role: oj.onlineCodingCompetition.entity.Problem.functionSignatures: could not initialize proxy - no Session	t	\N	\N	0	SYSTEM_ERROR	\N	16	25
505	\N	f	1024	1416	1	PASSED	4	107	17
34	failed to lazily initialize a collection of role: oj.onlineCodingCompetition.entity.Problem.functionSignatures: could not initialize proxy - no Session	t	\N	\N	0	SYSTEM_ERROR	\N	16	26
35	\N	f	0	2472	\N	TIME_LIMIT_EXCEEDED	\N	17	21
36	\N	f	0	994	1	PASSED	5	17	22
37	\N	f	0	875	1	PASSED	-15	17	23
38	\N	t	0	898	1	PASSED	0	17	24
39	\N	t	0	882	1	PASSED	2000000000	17	25
40	\N	t	0	1292	\N	TIME_LIMIT_EXCEEDED	\N	17	26
41	\N	f	0	1159	\N	TIME_LIMIT_EXCEEDED	\N	18	21
42	\N	f	0	749	1	PASSED	5	18	22
43	\N	f	0	797	1	PASSED	-15	18	23
44	\N	t	0	820	1	PASSED	0	18	24
45	\N	t	0	889	1	PASSED	2000000000	18	25
46	\N	t	0	802	1	PASSED	-2000000000	18	26
47	\N	f	0	1052	\N	TIME_LIMIT_EXCEEDED	\N	19	21
48	\N	f	0	1077	\N	TIME_LIMIT_EXCEEDED	\N	19	22
49	\N	f	0	1154	\N	TIME_LIMIT_EXCEEDED	\N	19	23
50	\N	t	0	859	1	PASSED	0	19	24
51	\N	t	0	1133	\N	TIME_LIMIT_EXCEEDED	\N	19	25
52	\N	t	0	1398	\N	TIME_LIMIT_EXCEEDED	\N	19	26
53	\N	f	1024	1370	\N	TIME_LIMIT_EXCEEDED	\N	20	21
54	\N	f	1024	868	1	PASSED	5	20	22
55	\N	f	1024	865	1	PASSED	-15	20	23
56	\N	t	1024	856	1	PASSED	0	20	24
57	\N	t	1024	896	1	PASSED	2000000000	20	25
58	\N	t	1024	782	1	PASSED	-2000000000	20	26
59	\N	f	1024	1452	\N	TIME_LIMIT_EXCEEDED	\N	21	21
60	\N	f	1024	925	1	PASSED	5	21	22
61	\N	f	1024	1622	\N	TIME_LIMIT_EXCEEDED	\N	21	23
62	\N	t	1024	917	1	PASSED	0	21	24
63	\N	t	1024	1007	\N	TIME_LIMIT_EXCEEDED	\N	21	25
64	\N	t	1024	1037	\N	TIME_LIMIT_EXCEEDED	\N	21	26
65	/usr/bin/ld: /tmp/ccXfoCMH.o: in function `main':\n/app/code/Main.cpp:12: undefined reference to `sum(int, int)'\ncollect2: error: ld returned 1 exit status\n	f	1024	816	\N	RUNTIME_ERROR	\N	22	21
66	/usr/bin/ld: /tmp/ccX7PvkI.o: in function `main':\n/app/code/Main.cpp:12: undefined reference to `sum(int, int)'\ncollect2: error: ld returned 1 exit status\n	f	1024	446	\N	RUNTIME_ERROR	\N	22	22
67	/usr/bin/ld: /tmp/cco8rRAC.o: in function `main':\n/app/code/Main.cpp:12: undefined reference to `sum(int, int)'\ncollect2: error: ld returned 1 exit status\n	f	1024	484	\N	RUNTIME_ERROR	\N	22	23
68	/usr/bin/ld: /tmp/ccdWGF7H.o: in function `main':\n/app/code/Main.cpp:12: undefined reference to `sum(int, int)'\ncollect2: error: ld returned 1 exit status\n	t	1024	432	\N	RUNTIME_ERROR	\N	22	24
69	/usr/bin/ld: /tmp/ccoH3kHK.o: in function `main':\n/app/code/Main.cpp:12: undefined reference to `sum(int, int)'\ncollect2: error: ld returned 1 exit status\n	t	1024	557	\N	RUNTIME_ERROR	\N	22	25
70	/usr/bin/ld: /tmp/cc2dyJ8P.o: in function `main':\n/app/code/Main.cpp:12: undefined reference to `sum(int, int)'\ncollect2: error: ld returned 1 exit status\n	t	1024	434	\N	RUNTIME_ERROR	\N	22	26
71	\N	f	1024	1179	\N	TIME_LIMIT_EXCEEDED	\N	23	21
72	\N	f	1024	909	1	PASSED	5	23	22
73	\N	f	1024	895	1	PASSED	-15	23	23
74	\N	t	1024	902	1	PASSED	0	23	24
75	\N	t	1024	861	1	PASSED	2000000000	23	25
76	\N	t	1024	922	1	PASSED	-2000000000	23	26
77	/usr/bin/ld: /tmp/ccioilsK.o: in function `main':\n/app/code/Main.cpp:12: undefined reference to `sum(int, int)'\ncollect2: error: ld returned 1 exit status\n	f	1024	821	\N	RUNTIME_ERROR	\N	24	21
78	/usr/bin/ld: /tmp/ccXWXFVI.o: in function `main':\n/app/code/Main.cpp:12: undefined reference to `sum(int, int)'\ncollect2: error: ld returned 1 exit status\n	f	1024	448	\N	RUNTIME_ERROR	\N	24	22
79	/usr/bin/ld: /tmp/ccl0TQsH.o: in function `main':\n/app/code/Main.cpp:12: undefined reference to `sum(int, int)'\ncollect2: error: ld returned 1 exit status\n	f	1024	427	\N	RUNTIME_ERROR	\N	24	23
80	/usr/bin/ld: /tmp/ccxEK2JF.o: in function `main':\n/app/code/Main.cpp:12: undefined reference to `sum(int, int)'\ncollect2: error: ld returned 1 exit status\n	t	1024	395	\N	RUNTIME_ERROR	\N	24	24
81	/usr/bin/ld: /tmp/ccYtRCzI.o: in function `main':\n/app/code/Main.cpp:12: undefined reference to `sum(int, int)'\ncollect2: error: ld returned 1 exit status\n	t	1024	452	\N	RUNTIME_ERROR	\N	24	25
82	/usr/bin/ld: /tmp/cc0jYEYK.o: in function `main':\n/app/code/Main.cpp:12: undefined reference to `sum(int, int)'\ncollect2: error: ld returned 1 exit status\n	t	1024	428	\N	RUNTIME_ERROR	\N	24	26
83	\N	f	1024	1554	\N	TIME_LIMIT_EXCEEDED	\N	25	21
84	\N	f	1024	1002	\N	TIME_LIMIT_EXCEEDED	\N	25	22
85	\N	f	1024	1465	\N	TIME_LIMIT_EXCEEDED	\N	25	23
86	\N	t	1024	1015	\N	TIME_LIMIT_EXCEEDED	\N	25	24
87	\N	t	1024	835	1	PASSED	2000000000	25	25
88	\N	t	1024	946	1	PASSED	-2000000000	25	26
89	/usr/bin/ld: /tmp/ccLEdItL.o: in function `main':\n/app/code/Main.cpp:12: undefined reference to `sum(int, int)'\ncollect2: error: ld returned 1 exit status\n	f	1024	1216	\N	RUNTIME_ERROR	\N	26	21
90	/usr/bin/ld: /tmp/ccfdtG4J.o: in function `main':\n/app/code/Main.cpp:12: undefined reference to `sum(int, int)'\ncollect2: error: ld returned 1 exit status\n	f	1024	531	\N	RUNTIME_ERROR	\N	26	22
91	/usr/bin/ld: /tmp/cclbBiUC.o: in function `main':\n/app/code/Main.cpp:12: undefined reference to `sum(int, int)'\ncollect2: error: ld returned 1 exit status\n	f	1024	474	\N	RUNTIME_ERROR	\N	26	23
419	\N	t	1024	238	1	PASSED	#@!321cba	89	47
92	/usr/bin/ld: /tmp/cc0Bn3AL.o: in function `main':\n/app/code/Main.cpp:12: undefined reference to `sum(int, int)'\ncollect2: error: ld returned 1 exit status\n	t	1024	495	\N	RUNTIME_ERROR	\N	26	24
93	/usr/bin/ld: /tmp/ccssb0dJ.o: in function `main':\n/app/code/Main.cpp:12: undefined reference to `sum(int, int)'\ncollect2: error: ld returned 1 exit status\n	t	1024	828	\N	RUNTIME_ERROR	\N	26	25
94	/usr/bin/ld: /tmp/ccwnLA3I.o: in function `main':\n/app/code/Main.cpp:12: undefined reference to `sum(int, int)'\ncollect2: error: ld returned 1 exit status\n	t	1024	941	\N	RUNTIME_ERROR	\N	26	26
95	\N	f	1024	1584	\N	TIME_LIMIT_EXCEEDED	\N	27	21
96	\N	f	1024	980	1	PASSED	5	27	22
97	\N	f	1024	1192	\N	TIME_LIMIT_EXCEEDED	\N	27	23
98	\N	t	1024	804	1	PASSED	0	27	24
99	\N	t	1024	1329	\N	TIME_LIMIT_EXCEEDED	\N	27	25
100	\N	t	1024	915	1	PASSED	-2000000000	27	26
101	\N	f	1024	1491	\N	TIME_LIMIT_EXCEEDED	\N	28	21
102	\N	f	1024	973	1	PASSED	5	28	22
103	\N	f	1024	901	1	PASSED	-15	28	23
104	\N	t	1024	823	1	PASSED	0	28	24
105	\N	t	1024	895	1	PASSED	2000000000	28	25
106	\N	t	1024	1225	\N	TIME_LIMIT_EXCEEDED	\N	28	26
107	\N	f	1024	2250	1	PASSED	12	29	21
108	\N	f	1024	887	1	PASSED	5	29	22
109	\N	f	1024	884	1	PASSED	-15	29	23
110	\N	t	1024	968	1	PASSED	0	29	24
111	\N	t	1024	846	1	PASSED	2000000000	29	25
112	\N	t	1024	848	1	PASSED	-2000000000	29	26
113	/usr/bin/ld: /tmp/ccIbDZ2H.o: in function `main':\n/app/code/Main.cpp:12: undefined reference to `sum(int, int)'\ncollect2: error: ld returned 1 exit status\n	f	1024	1356	\N	RUNTIME_ERROR	\N	30	21
114	/usr/bin/ld: /tmp/cc66W6JC.o: in function `main':\n/app/code/Main.cpp:12: undefined reference to `sum(int, int)'\ncollect2: error: ld returned 1 exit status\n	f	1024	523	\N	RUNTIME_ERROR	\N	30	22
115	/usr/bin/ld: /tmp/ccL3bCeH.o: in function `main':\n/app/code/Main.cpp:12: undefined reference to `sum(int, int)'\ncollect2: error: ld returned 1 exit status\n	f	1024	464	\N	RUNTIME_ERROR	\N	30	23
116	/usr/bin/ld: /tmp/ccxE2lNK.o: in function `main':\n/app/code/Main.cpp:12: undefined reference to `sum(int, int)'\ncollect2: error: ld returned 1 exit status\n	t	1024	485	\N	RUNTIME_ERROR	\N	30	24
117	/usr/bin/ld: /tmp/ccTvNzGK.o: in function `main':\n/app/code/Main.cpp:12: undefined reference to `sum(int, int)'\ncollect2: error: ld returned 1 exit status\n	t	1024	446	\N	RUNTIME_ERROR	\N	30	25
118	/usr/bin/ld: /tmp/cckUKwKK.o: in function `main':\n/app/code/Main.cpp:12: undefined reference to `sum(int, int)'\ncollect2: error: ld returned 1 exit status\n	t	1024	419	\N	RUNTIME_ERROR	\N	30	26
119	\N	f	1024	1652	1	PASSED	12	31	21
120	\N	f	1024	1035	1	PASSED	5	31	22
121	\N	f	1024	1099	1	PASSED	-15	31	23
122	\N	t	1024	1079	1	PASSED	0	31	24
123	\N	t	1024	968	1	PASSED	2000000000	31	25
124	\N	t	1024	994	1	PASSED	-2000000000	31	26
125	\N	f	1024	1974	1	PASSED	12	32	21
126	\N	f	1024	1074	1	PASSED	5	32	22
127	\N	f	1024	1221	1	PASSED	-15	32	23
128	\N	t	1024	803	1	PASSED	0	32	24
129	\N	t	1024	827	1	PASSED	2000000000	32	25
130	\N	t	1024	855	1	PASSED	-2000000000	32	26
131	\N	f	1024	1424	1	PASSED	12	33	21
132	\N	f	1024	807	1	PASSED	5	33	22
133	\N	f	1024	788	1	PASSED	-15	33	23
134	\N	t	1024	936	1	PASSED	0	33	24
135	\N	t	1024	910	1	PASSED	2000000000	33	25
136	\N	t	1024	838	1	PASSED	-2000000000	33	26
137	\N	f	1024	1306	1	PASSED	12	34	21
138	\N	f	1024	766	1	PASSED	5	34	22
139	\N	f	1024	823	1	PASSED	-15	34	23
140	\N	t	1024	792	1	PASSED	0	34	24
141	\N	t	1024	936	1	PASSED	2000000000	34	25
142	\N	t	1024	861	1	PASSED	-2000000000	34	26
143	\N	f	1024	1603	\N	TIME_LIMIT_EXCEEDED	\N	35	17
144	\N	f	1024	906	1	PASSED	5	35	18
145	\N	t	1024	919	1	PASSED	1	35	19
146	\N	t	1024	1041	\N	TIME_LIMIT_EXCEEDED	\N	35	20
147	Unable to find image 'docker:latest' locally\nlatest: Pulling from library/docker\n6e771e15690e: Pulling fs layer\n8b618038d943: Pulling fs layer\n4f4fb700ef54: Pulling fs layer\nd0b60745a14f: Pulling fs layer\n53910568e671: Pulling fs layer\n22795717cba3: Pulling fs layer\n607a19766262: Pulling fs layer\ne91bfc1c59af: Pulling fs layer\na0801e5e0bb5: Pulling fs layer\nb87e5611bbb6: Pulling fs layer\n2863b4a6033c: Pulling fs layer\n92bd11592ade: Pulling fs layer\n530820c63afd: Pulling fs layer\nff042676a039: Pulling fs layer\nff681757442a: Pulling fs layer\n68d4746a2233: Pulling fs layer\nd0b60745a14f: Waiting\n53910568e671: Waiting\n22795717cba3: Waiting\n607a19766262: Waiting\ne91bfc1c59af: Waiting\na0801e5e0bb5: Waiting\nb87e5611bbb6: Waiting\n2863b4a6033c: Waiting\n92bd11592ade: Waiting\nff042676a039: Waiting\n530820c63afd: Waiting\nff681757442a: Waiting\n68d4746a2233: Waiting\n4f4fb700ef54: Verifying Checksum\n4f4fb700ef54: Download complete\n6e771e15690e: Download complete\n6e771e15690e: Pull complete\nd0b60745a14f: Verifying Checksum\nd0b60745a14f: Download complete\n8b618038d943: Verifying Checksum\n8b618038d943: Download complete\n8b618038d943: Pull complete\n4f4fb700ef54: Pull complete\nd0b60745a14f: Pull complete\n53910568e671: Verifying Checksum\n53910568e671: Download complete\n53910568e671: Pull complete\ne91bfc1c59af: Verifying Checksum\ne91bfc1c59af: Download complete\na0801e5e0bb5: Verifying Checksum\na0801e5e0bb5: Download complete\n22795717cba3: Verifying Checksum\n22795717cba3: Download complete\n22795717cba3: Pull complete\nb87e5611bbb6: Verifying Checksum\nb87e5611bbb6: Download complete\n92bd11592ade: Verifying Checksum\n92bd11592ade: Download complete\n2863b4a6033c: Verifying Checksum\n2863b4a6033c: Download complete\n530820c63afd: Download complete\nff681757442a: Verifying Checksum\nff681757442a: Download complete\n607a19766262: Download complete\n68d4746a2233: Verifying Checksum\n68d4746a2233: Download complete\n607a19766262: Pull complete\ne91bfc1c59af: Pull complete\na0801e5e0bb5: Pull complete\nb87e5611bbb6: Pull complete\n2863b4a6033c: Pull complete\n92bd11592ade: Pull complete\n530820c63afd: Pull complete\nff042676a039: Verifying Checksum\nff042676a039: Download complete\nff042676a039: Pull complete\nff681757442a: Pull complete\n68d4746a2233: Pull complete\nDigest: sha256:e293493ad0083add2d14827c8b452b1da625745edd3cba27f154d0b11d0ec2d2\nStatus: Downloaded newer image for docker:latest\nERROR: docker: 'docker buildx build' requires 1 argument\n\nUsage:  docker buildx build [OPTIONS] PATH | URL | -\n\nRun 'docker buildx build --help' for more information\n	f	1024	41170	\N	RUNTIME_ERROR	\N	36	21
148	ERROR: docker: 'docker buildx build' requires 1 argument\n\nUsage:  docker buildx build [OPTIONS] PATH | URL | -\n\nRun 'docker buildx build --help' for more information\n	f	1024	582	\N	RUNTIME_ERROR	\N	36	22
149	ERROR: docker: 'docker buildx build' requires 1 argument\n\nUsage:  docker buildx build [OPTIONS] PATH | URL | -\n\nRun 'docker buildx build --help' for more information\n	f	1024	520	\N	RUNTIME_ERROR	\N	36	23
150	ERROR: docker: 'docker buildx build' requires 1 argument\n\nUsage:  docker buildx build [OPTIONS] PATH | URL | -\n\nRun 'docker buildx build --help' for more information\n	t	1024	274	\N	RUNTIME_ERROR	\N	36	24
151	ERROR: docker: 'docker buildx build' requires 1 argument\n\nUsage:  docker buildx build [OPTIONS] PATH | URL | -\n\nRun 'docker buildx build --help' for more information\n	t	1024	271	\N	RUNTIME_ERROR	\N	36	25
152	ERROR: docker: 'docker buildx build' requires 1 argument\n\nUsage:  docker buildx build [OPTIONS] PATH | URL | -\n\nRun 'docker buildx build --help' for more information\n	t	1024	278	\N	RUNTIME_ERROR	\N	36	26
153	\N	f	1024	1153	1	PASSED	12	37	21
154	\N	f	1024	842	1	PASSED	5	37	22
155	\N	f	1024	823	1	PASSED	-15	37	23
156	\N	t	1024	853	1	PASSED	0	37	24
157	\N	t	1024	1048	1	PASSED	2000000000	37	25
158	\N	t	1024	919	1	PASSED	-2000000000	37	26
159	\N	f	1024	1610	1	PASSED	12	38	21
160	\N	f	1024	959	1	PASSED	5	38	22
161	\N	f	1024	876	1	PASSED	-15	38	23
162	\N	t	1024	865	1	PASSED	0	38	24
163	\N	t	1024	979	1	PASSED	2000000000	38	25
164	\N	t	1024	883	1	PASSED	-2000000000	38	26
165	\N	f	1024	2547	1	PASSED	12	39	21
166	\N	f	1024	1465	1	PASSED	5	39	22
167	\N	f	1024	984	1	PASSED	-15	39	23
168	\N	t	1024	1223	1	PASSED	0	39	24
169	\N	t	1024	1151	1	PASSED	2000000000	39	25
170	\N	t	1024	1122	1	PASSED	-2000000000	39	26
171	\N	f	1024	1820	1	PASSED	12	40	21
172	\N	f	1024	843	1	PASSED	5	40	22
173	\N	f	1024	1392	1	PASSED	-15	40	23
174	\N	t	1024	1017	1	PASSED	0	40	24
175	\N	t	1024	1019	1	PASSED	2000000000	40	25
176	\N	t	1024	855	1	PASSED	-2000000000	40	26
177	\N	f	1024	1788	1	PASSED	12	41	21
178	\N	f	1024	876	1	PASSED	5	41	22
179	\N	f	1024	1929	1	PASSED	-15	41	23
180	\N	t	1024	1325	1	PASSED	0	41	24
181	\N	t	1024	1039	1	PASSED	2000000000	41	25
182	\N	t	1024	1006	1	PASSED	-2000000000	41	26
183	\N	f	1024	1841	1	PASSED	12	42	21
184	\N	f	1024	834	1	PASSED	5	42	22
185	\N	f	1024	1043	1	PASSED	-15	42	23
186	\N	t	1024	956	1	PASSED	0	42	24
187	\N	t	1024	821	1	PASSED	2000000000	42	25
188	\N	t	1024	797	1	PASSED	-2000000000	42	26
189	\N	f	1024	2137	1	PASSED	12	43	21
190	\N	f	1024	1001	1	PASSED	5	43	22
191	\N	f	1024	1065	1	PASSED	-15	43	23
192	\N	t	1024	1207	1	PASSED	0	43	24
193	\N	t	1024	1601	1	PASSED	2000000000	43	25
194	\N	t	1024	2505	1	PASSED	-2000000000	43	26
195	\N	f	1024	1311	1	PASSED	12	44	21
196	\N	f	1024	883	1	PASSED	5	44	22
197	\N	f	1024	907	1	PASSED	-15	44	23
198	\N	t	1024	799	1	PASSED	0	44	24
199	\N	t	1024	898	1	PASSED	2000000000	44	25
200	\N	t	1024	1217	1	PASSED	-2000000000	44	26
201	Traceback (most recent call last):\n  File "/app/code/Main.py", line 1, in <module>\n    from solution import sum\nModuleNotFoundError: No module named 'solution'\n	f	1024	1065	\N	RUNTIME_ERROR	\N	45	21
202	Traceback (most recent call last):\n  File "/app/code/Main.py", line 1, in <module>\n    from solution import sum\nModuleNotFoundError: No module named 'solution'\n	f	1024	310	\N	RUNTIME_ERROR	\N	45	22
203	Traceback (most recent call last):\n  File "/app/code/Main.py", line 1, in <module>\n    from solution import sum\nModuleNotFoundError: No module named 'solution'\n	f	1024	291	\N	RUNTIME_ERROR	\N	45	23
204	Traceback (most recent call last):\n  File "/app/code/Main.py", line 1, in <module>\n    from solution import sum\nModuleNotFoundError: No module named 'solution'\n	t	1024	219	\N	RUNTIME_ERROR	\N	45	24
205	Traceback (most recent call last):\n  File "/app/code/Main.py", line 1, in <module>\n    from solution import sum\nModuleNotFoundError: No module named 'solution'\n	t	1024	271	\N	RUNTIME_ERROR	\N	45	25
206	Traceback (most recent call last):\n  File "/app/code/Main.py", line 1, in <module>\n    from solution import sum\nModuleNotFoundError: No module named 'solution'\n	t	1024	303	\N	RUNTIME_ERROR	\N	45	26
207	Traceback (most recent call last):\n  File "/app/code/Main.py", line 1, in <module>\n    from solution import sum\nModuleNotFoundError: No module named 'solution'\n	f	1024	346	\N	RUNTIME_ERROR	\N	46	21
208	Traceback (most recent call last):\n  File "/app/code/Main.py", line 1, in <module>\n    from solution import sum\nModuleNotFoundError: No module named 'solution'\n	f	1024	275	\N	RUNTIME_ERROR	\N	46	22
420	\N	t	1024	373	1	PASSED	aaaaaa	89	48
209	Traceback (most recent call last):\n  File "/app/code/Main.py", line 1, in <module>\n    from solution import sum\nModuleNotFoundError: No module named 'solution'\n	f	1024	349	\N	RUNTIME_ERROR	\N	46	23
210	Traceback (most recent call last):\n  File "/app/code/Main.py", line 1, in <module>\n    from solution import sum\nModuleNotFoundError: No module named 'solution'\n	t	1024	201	\N	RUNTIME_ERROR	\N	46	24
211	Traceback (most recent call last):\n  File "/app/code/Main.py", line 1, in <module>\n    from solution import sum\nModuleNotFoundError: No module named 'solution'\n	t	1024	443	\N	RUNTIME_ERROR	\N	46	25
212	Traceback (most recent call last):\n  File "/app/code/Main.py", line 1, in <module>\n    from solution import sum\nModuleNotFoundError: No module named 'solution'\n	t	1024	706	\N	RUNTIME_ERROR	\N	46	26
213	\n#\n# Fatal process OOM in Failed to reserve virtual memory for CodeRange\n#\n\n/app/entrypoint.sh: line 41:     7 Trace/breakpoint trap   node $NODE_OPTS $CODE_FILE < $INPUT_FILE\n	f	1024	527	\N	RUNTIME_ERROR	\N	47	21
214	\n#\n# Fatal process OOM in Failed to reserve virtual memory for CodeRange\n#\n\n/app/entrypoint.sh: line 41:     7 Trace/breakpoint trap   node $NODE_OPTS $CODE_FILE < $INPUT_FILE\n	f	1024	223	\N	RUNTIME_ERROR	\N	47	22
215	\n#\n# Fatal process OOM in Failed to reserve virtual memory for CodeRange\n#\n\n/app/entrypoint.sh: line 41:     7 Trace/breakpoint trap   node $NODE_OPTS $CODE_FILE < $INPUT_FILE\n	f	1024	138	\N	RUNTIME_ERROR	\N	47	23
216	\n#\n# Fatal process OOM in Failed to reserve virtual memory for CodeRange\n#\n\n/app/entrypoint.sh: line 41:     7 Trace/breakpoint trap   node $NODE_OPTS $CODE_FILE < $INPUT_FILE\n	t	1024	150	\N	RUNTIME_ERROR	\N	47	24
217	\n#\n# Fatal process OOM in Failed to reserve virtual memory for CodeRange\n#\n\n/app/entrypoint.sh: line 41:     7 Trace/breakpoint trap   node $NODE_OPTS $CODE_FILE < $INPUT_FILE\n	t	1024	205	\N	RUNTIME_ERROR	\N	47	25
218	\n#\n# Fatal process OOM in Failed to reserve virtual memory for CodeRange\n#\n\n/app/entrypoint.sh: line 41:     7 Trace/breakpoint trap   node $NODE_OPTS $CODE_FILE < $INPUT_FILE\n	t	1024	258	\N	RUNTIME_ERROR	\N	47	26
219	ERROR: docker: 'docker buildx build' requires 1 argument\n\nUsage:  docker buildx build [OPTIONS] PATH | URL | -\n\nRun 'docker buildx build --help' for more information\n	f	1024	858	\N	RUNTIME_ERROR	\N	48	21
220	ERROR: docker: 'docker buildx build' requires 1 argument\n\nUsage:  docker buildx build [OPTIONS] PATH | URL | -\n\nRun 'docker buildx build --help' for more information\n	f	1024	286	\N	RUNTIME_ERROR	\N	48	22
221	ERROR: docker: 'docker buildx build' requires 1 argument\n\nUsage:  docker buildx build [OPTIONS] PATH | URL | -\n\nRun 'docker buildx build --help' for more information\n	f	1024	272	\N	RUNTIME_ERROR	\N	48	23
222	ERROR: docker: 'docker buildx build' requires 1 argument\n\nUsage:  docker buildx build [OPTIONS] PATH | URL | -\n\nRun 'docker buildx build --help' for more information\n	t	1024	421	\N	RUNTIME_ERROR	\N	48	24
223	ERROR: docker: 'docker buildx build' requires 1 argument\n\nUsage:  docker buildx build [OPTIONS] PATH | URL | -\n\nRun 'docker buildx build --help' for more information\n	t	1024	329	\N	RUNTIME_ERROR	\N	48	25
224	ERROR: docker: 'docker buildx build' requires 1 argument\n\nUsage:  docker buildx build [OPTIONS] PATH | URL | -\n\nRun 'docker buildx build --help' for more information\n	t	1024	249	\N	RUNTIME_ERROR	\N	48	26
225	Traceback (most recent call last):\n  File "/app/code/Main.py", line 1, in <module>\n    from solution import sum\nModuleNotFoundError: No module named 'solution'\n	f	1024	371	\N	RUNTIME_ERROR	\N	49	21
226	Traceback (most recent call last):\n  File "/app/code/Main.py", line 1, in <module>\n    from solution import sum\nModuleNotFoundError: No module named 'solution'\n	f	1024	234	\N	RUNTIME_ERROR	\N	49	22
227	Traceback (most recent call last):\n  File "/app/code/Main.py", line 1, in <module>\n    from solution import sum\nModuleNotFoundError: No module named 'solution'\n	f	1024	254	\N	RUNTIME_ERROR	\N	49	23
228	Traceback (most recent call last):\n  File "/app/code/Main.py", line 1, in <module>\n    from solution import sum\nModuleNotFoundError: No module named 'solution'\n	t	1024	236	\N	RUNTIME_ERROR	\N	49	24
229	Traceback (most recent call last):\n  File "/app/code/Main.py", line 1, in <module>\n    from solution import sum\nModuleNotFoundError: No module named 'solution'\n	t	1024	256	\N	RUNTIME_ERROR	\N	49	25
230	Traceback (most recent call last):\n  File "/app/code/Main.py", line 1, in <module>\n    from solution import sum\nModuleNotFoundError: No module named 'solution'\n	t	1024	168	\N	RUNTIME_ERROR	\N	49	26
231	ERROR: docker: 'docker buildx build' requires 1 argument\n\nUsage:  docker buildx build [OPTIONS] PATH | URL | -\n\nRun 'docker buildx build --help' for more information\n	f	1024	564	\N	RUNTIME_ERROR	\N	50	21
232	ERROR: docker: 'docker buildx build' requires 1 argument\n\nUsage:  docker buildx build [OPTIONS] PATH | URL | -\n\nRun 'docker buildx build --help' for more information\n	f	1024	243	\N	RUNTIME_ERROR	\N	50	22
233	ERROR: docker: 'docker buildx build' requires 1 argument\n\nUsage:  docker buildx build [OPTIONS] PATH | URL | -\n\nRun 'docker buildx build --help' for more information\n	f	1024	301	\N	RUNTIME_ERROR	\N	50	23
234	ERROR: docker: 'docker buildx build' requires 1 argument\n\nUsage:  docker buildx build [OPTIONS] PATH | URL | -\n\nRun 'docker buildx build --help' for more information\n	t	1024	290	\N	RUNTIME_ERROR	\N	50	24
235	ERROR: docker: 'docker buildx build' requires 1 argument\n\nUsage:  docker buildx build [OPTIONS] PATH | URL | -\n\nRun 'docker buildx build --help' for more information\n	t	1024	405	\N	RUNTIME_ERROR	\N	50	25
236	ERROR: docker: 'docker buildx build' requires 1 argument\n\nUsage:  docker buildx build [OPTIONS] PATH | URL | -\n\nRun 'docker buildx build --help' for more information\n	t	1024	319	\N	RUNTIME_ERROR	\N	50	26
237	/usr/bin/ld: /tmp/ccCtypjJ.o: in function `main':\n/app/code/Main.cpp:12: undefined reference to `sum(int, int)'\ncollect2: error: ld returned 1 exit status\n	f	1024	1762	\N	RUNTIME_ERROR	\N	51	21
238	/usr/bin/ld: /tmp/ccqigK9G.o: in function `main':\n/app/code/Main.cpp:12: undefined reference to `sum(int, int)'\ncollect2: error: ld returned 1 exit status\n	f	1024	678	\N	RUNTIME_ERROR	\N	51	22
239	/usr/bin/ld: /tmp/ccywoeMI.o: in function `main':\n/app/code/Main.cpp:12: undefined reference to `sum(int, int)'\ncollect2: error: ld returned 1 exit status\n	f	1024	600	\N	RUNTIME_ERROR	\N	51	23
421	\N	f	1024	937	1	PASSED	olleh	90	43
240	/usr/bin/ld: /tmp/ccipna2H.o: in function `main':\n/app/code/Main.cpp:12: undefined reference to `sum(int, int)'\ncollect2: error: ld returned 1 exit status\n	t	1024	531	\N	RUNTIME_ERROR	\N	51	24
241	/usr/bin/ld: /tmp/ccRsNjSG.o: in function `main':\n/app/code/Main.cpp:12: undefined reference to `sum(int, int)'\ncollect2: error: ld returned 1 exit status\n	t	1024	485	\N	RUNTIME_ERROR	\N	51	25
242	/usr/bin/ld: /tmp/ccTZKMGK.o: in function `main':\n/app/code/Main.cpp:12: undefined reference to `sum(int, int)'\ncollect2: error: ld returned 1 exit status\n	t	1024	540	\N	RUNTIME_ERROR	\N	51	26
243	\N	f	1024	925	1	PASSED	12	52	21
244	\N	f	1024	845	1	PASSED	5	52	22
245	\N	f	1024	1236	1	PASSED	-15	52	23
246	\N	t	1024	326	1	PASSED	0	52	24
247	\N	t	1024	221	1	PASSED	2000000000	52	25
248	\N	t	1024	303	1	PASSED	-2000000000	52	26
249	Traceback (most recent call last):\n  File "/app/code/Main.py", line 4, in <module>\n    param0 = int(param0)\nValueError: invalid literal for int() with base 10: '[1,2,3,4,5]'\n	f	1024	987	\N	RUNTIME_ERROR	\N	53	27
250	\N	f	1024	1365	0	FAILED	-2	54	21
251	\N	f	1024	959	1	PASSED	12	55	21
252	\N	f	1024	791	1	PASSED	5	55	22
253	\N	f	1024	757	1	PASSED	-15	55	23
254	\N	t	1024	826	1	PASSED	0	55	24
255	\N	t	1024	892	1	PASSED	2000000000	55	25
256	\N	t	1024	765	1	PASSED	-2000000000	55	26
257	\N	f	1024	996	0	FAILED	5	56	22
258	\N	f	1024	796	1	PASSED	12	56	21
259	\N	f	1024	769	1	PASSED	-15	56	23
260	\N	t	1024	737	1	PASSED	0	56	24
261	\N	t	1024	787	1	PASSED	2000000000	56	25
262	\N	t	1024	801	1	PASSED	-2000000000	56	26
263	\N	f	1024	1020	\N	TIME_LIMIT_EXCEEDED	\N	57	22
264	\N	f	1024	759	1	PASSED	12	57	21
265	\N	f	1024	739	1	PASSED	-15	57	23
266	\N	t	1024	792	1	PASSED	0	57	24
267	\N	t	1024	774	1	PASSED	2000000000	57	25
268	\N	t	1024	775	1	PASSED	-2000000000	57	26
269	\N	f	1024	950	0	FAILED	5	58	22
270	\N	f	1024	1085	1	PASSED	12	58	21
271	\N	f	1024	1246	1	PASSED	-15	58	23
272	\N	t	1024	988	1	PASSED	0	58	24
273	\N	t	1024	800	1	PASSED	2000000000	58	25
274	\N	t	1024	783	1	PASSED	-2000000000	58	26
275	\N	f	1024	1290	\N	TIME_LIMIT_EXCEEDED	\N	59	22
276	\N	f	1024	907	1	PASSED	12	59	21
277	\N	f	1024	840	1	PASSED	-15	59	23
278	\N	t	1024	891	1	PASSED	0	59	24
279	\N	t	1024	822	1	PASSED	2000000000	59	25
280	\N	t	1024	839	1	PASSED	-2000000000	59	26
281	\N	f	1024	915	1	PASSED	5	60	22
282	\N	f	1024	860	1	PASSED	12	60	21
283	\N	f	1024	1236	1	PASSED	-15	60	23
284	\N	t	1024	935	1	PASSED	0	60	24
285	\N	t	1024	808	1	PASSED	2000000000	60	25
286	\N	t	1024	838	1	PASSED	-2000000000	60	26
287	\N	f	1024	1743	\N	TIME_LIMIT_EXCEEDED	\N	61	22
288	\N	f	1024	813	1	PASSED	12	61	21
289	\N	f	1024	813	1	PASSED	-15	61	23
290	\N	t	1024	835	1	PASSED	0	61	24
291	\N	t	1024	840	1	PASSED	2000000000	61	25
292	\N	t	1024	830	1	PASSED	-2000000000	61	26
293	\N	f	1024	1031	\N	TIME_LIMIT_EXCEEDED	\N	62	22
294	\N	f	1024	819	1	PASSED	12	62	21
295	\N	f	1024	794	1	PASSED	-15	62	23
296	\N	t	1024	866	1	PASSED	0	62	24
297	\N	t	1024	923	1	PASSED	2000000000	62	25
298	\N	t	1024	855	1	PASSED	-2000000000	62	26
299	\N	f	1024	990	1	PASSED	5	63	22
300	\N	f	1024	726	1	PASSED	12	63	21
301	\N	f	1024	835	1	PASSED	-15	63	23
302	\N	t	1024	757	1	PASSED	0	63	24
303	\N	t	1024	750	1	PASSED	2000000000	63	25
304	\N	t	1024	842	1	PASSED	-2000000000	63	26
305	./Solution.java:3: error: incompatible types: int cannot be converted to boolean\n        return a -b;\n                 ^\n1 error\n	f	1024	1572	\N	RUNTIME_ERROR	\N	64	27
306	./Solution.java:3: error: incompatible types: int cannot be converted to boolean\n        return a -b;\n                 ^\n1 error\n	f	1024	982	\N	RUNTIME_ERROR	\N	64	28
307	./Solution.java:3: error: incompatible types: int cannot be converted to boolean\n      return a -b ;\n               ^\n1 error\n	f	1024	3055	\N	RUNTIME_ERROR	\N	65	27
308	./Solution.java:3: error: incompatible types: int cannot be converted to boolean\n      return a -b ;\n               ^\n1 error\n	f	1024	2691	\N	RUNTIME_ERROR	\N	65	28
309	/usr/bin/ld: /tmp/cc5bJQDK.o: in function `main':\n/app/code/Main.cpp:12: undefined reference to `sum(int, int)'\ncollect2: error: ld returned 1 exit status\n	f	1024	1163	\N	RUNTIME_ERROR	\N	66	22
310	/usr/bin/ld: /tmp/ccxUTjFL.o: in function `main':\n/app/code/Main.cpp:12: undefined reference to `sum(int, int)'\ncollect2: error: ld returned 1 exit status\n	f	1024	417	\N	RUNTIME_ERROR	\N	66	21
311	/usr/bin/ld: /tmp/ccg6IwXH.o: in function `main':\n/app/code/Main.cpp:12: undefined reference to `sum(int, int)'\ncollect2: error: ld returned 1 exit status\n	f	1024	356	\N	RUNTIME_ERROR	\N	66	23
312	/usr/bin/ld: /tmp/ccVudYsI.o: in function `main':\n/app/code/Main.cpp:12: undefined reference to `sum(int, int)'\ncollect2: error: ld returned 1 exit status\n	t	1024	396	\N	RUNTIME_ERROR	\N	66	24
313	/usr/bin/ld: /tmp/ccFWb8ZJ.o: in function `main':\n/app/code/Main.cpp:12: undefined reference to `sum(int, int)'\ncollect2: error: ld returned 1 exit status\n	t	1024	394	\N	RUNTIME_ERROR	\N	66	25
314	/usr/bin/ld: /tmp/ccvBq6NJ.o: in function `main':\n/app/code/Main.cpp:12: undefined reference to `sum(int, int)'\ncollect2: error: ld returned 1 exit status\n	t	1024	388	\N	RUNTIME_ERROR	\N	66	26
315	/usr/bin/ld: /tmp/cczE6UaK.o: in function `main':\n/app/code/Main.cpp:12: undefined reference to `sum(int, int)'\ncollect2: error: ld returned 1 exit status\n	f	1024	890	\N	RUNTIME_ERROR	\N	67	22
316	/usr/bin/ld: /tmp/ccNlAUfK.o: in function `main':\n/app/code/Main.cpp:12: undefined reference to `sum(int, int)'\ncollect2: error: ld returned 1 exit status\n	f	1024	452	\N	RUNTIME_ERROR	\N	67	21
317	/usr/bin/ld: /tmp/ccEPrxgJ.o: in function `main':\n/app/code/Main.cpp:12: undefined reference to `sum(int, int)'\ncollect2: error: ld returned 1 exit status\n	f	1024	375	\N	RUNTIME_ERROR	\N	67	23
318	/usr/bin/ld: /tmp/ccUb5ODH.o: in function `main':\n/app/code/Main.cpp:12: undefined reference to `sum(int, int)'\ncollect2: error: ld returned 1 exit status\n	t	1024	463	\N	RUNTIME_ERROR	\N	67	24
319	/usr/bin/ld: /tmp/ccMQslAC.o: in function `main':\n/app/code/Main.cpp:12: undefined reference to `sum(int, int)'\ncollect2: error: ld returned 1 exit status\n	t	1024	393	\N	RUNTIME_ERROR	\N	67	25
320	/usr/bin/ld: /tmp/ccTWKxYH.o: in function `main':\n/app/code/Main.cpp:12: undefined reference to `sum(int, int)'\ncollect2: error: ld returned 1 exit status\n	t	1024	446	\N	RUNTIME_ERROR	\N	67	26
321	\N	f	1024	990	1	PASSED	5	68	22
322	\N	f	1024	767	1	PASSED	12	68	21
323	\N	f	1024	850	1	PASSED	-15	68	23
324	\N	t	1024	827	1	PASSED	0	68	24
325	\N	t	1024	787	1	PASSED	2000000000	68	25
326	\N	t	1024	890	1	PASSED	-2000000000	68	26
327	\N	f	1024	872	0	FAILED	-3	69	22
328	\N	f	1024	718	0	FAILED	5	69	21
329	\N	f	1024	1775	\N	TIME_LIMIT_EXCEEDED	\N	70	22
330	\N	f	1024	891	1	PASSED	12	70	21
331	\N	f	1024	786	1	PASSED	-15	70	23
332	\N	t	1024	763	1	PASSED	0	70	24
333	\N	t	1024	742	1	PASSED	2000000000	70	25
334	\N	t	1024	750	1	PASSED	-2000000000	70	26
335	\N	f	1024	901	1	PASSED	5	71	22
336	\N	f	1024	681	1	PASSED	12	71	21
337	\N	f	1024	725	1	PASSED	-15	71	23
338	\N	t	1024	807	1	PASSED	0	71	24
339	\N	t	1024	769	1	PASSED	2000000000	71	25
340	\N	t	1024	748	1	PASSED	-2000000000	71	26
341	\N	f	1024	923	0	FAILED	-3	72	22
342	\N	f	1024	707	0	FAILED	5	72	21
343	\N	f	1024	659	0	FAILED	-3	73	22
344	\N	f	1024	200	0	FAILED	5	73	21
345	\N	f	1024	286	0	FAILED	-3	74	22
346	\N	f	1024	182	0	FAILED	5	74	21
347	\N	f	1024	477	1	PASSED	5	75	22
348	\N	f	1024	182	1	PASSED	12	75	21
349	\N	f	1024	217	1	PASSED	-15	75	23
350	\N	t	1024	183	1	PASSED	0	75	24
351	\N	t	1024	220	1	PASSED	2000000000	75	25
352	\N	t	1024	196	1	PASSED	-2000000000	75	26
353	\N	f	1024	291	1	PASSED	5	76	22
354	\N	f	1024	174	1	PASSED	12	76	21
355	\N	f	1024	185	1	PASSED	-15	76	23
356	\N	t	1024	168	1	PASSED	0	76	24
357	\N	t	1024	211	1	PASSED	2000000000	76	25
358	\N	t	1024	180	1	PASSED	-2000000000	76	26
359	\N	f	1024	930	1	PASSED	olleh	77	5
360	\N	f	1024	243	1	PASSED		77	6
361	\N	t	1024	295	1	PASSED	a	77	7
362	\N	t	1024	225	1	PASSED	!dlroW olleH	77	8
363	./Solution.java:2: error: cannot find symbol\n    public string reverseString(string a) {\n                                ^\n  symbol:   class string\n  location: class Solution\n./Solution.java:2: error: cannot find symbol\n    public string reverseString(string a) {\n           ^\n  symbol:   class string\n  location: class Solution\n/app/code/Main.java:9: error: cannot find symbol\n        string result = solution.reverseString(param0);\n        ^\n  symbol:   class string\n  location: class Main\n3 errors\n	f	1024	1022	\N	RUNTIME_ERROR	\N	78	5
422	\N	f	1024	341	1	PASSED		90	44
423	\N	f	1024	642	1	PASSED	a	90	45
424	\N	t	1024	358	1	PASSED	54321	90	46
364	./Solution.java:2: error: cannot find symbol\n    public string reverseString(string a) {\n                                ^\n  symbol:   class string\n  location: class Solution\n./Solution.java:2: error: cannot find symbol\n    public string reverseString(string a) {\n           ^\n  symbol:   class string\n  location: class Solution\n/app/code/Main.java:9: error: cannot find symbol\n        string result = solution.reverseString(param0);\n        ^\n  symbol:   class string\n  location: class Main\n3 errors\n	f	1024	727	\N	RUNTIME_ERROR	\N	78	6
365	./Solution.java:2: error: cannot find symbol\n    public string reverseString(string a) {\n                                ^\n  symbol:   class string\n  location: class Solution\n./Solution.java:2: error: cannot find symbol\n    public string reverseString(string a) {\n           ^\n  symbol:   class string\n  location: class Solution\n/app/code/Main.java:9: error: cannot find symbol\n        string result = solution.reverseString(param0);\n        ^\n  symbol:   class string\n  location: class Main\n3 errors\n	t	1024	703	\N	RUNTIME_ERROR	\N	78	7
366	./Solution.java:2: error: cannot find symbol\n    public string reverseString(string a) {\n                                ^\n  symbol:   class string\n  location: class Solution\n./Solution.java:2: error: cannot find symbol\n    public string reverseString(string a) {\n           ^\n  symbol:   class string\n  location: class Solution\n/app/code/Main.java:9: error: cannot find symbol\n        string result = solution.reverseString(param0);\n        ^\n  symbol:   class string\n  location: class Main\n3 errors\n	t	1024	824	\N	RUNTIME_ERROR	\N	78	8
367	/app/code/Main.java:9: error: cannot find symbol\n        string result = solution.reverseString(param0);\n        ^\n  symbol:   class string\n  location: class Main\n1 error\n	f	1024	949	\N	RUNTIME_ERROR	\N	79	5
368	/app/code/Main.java:9: error: cannot find symbol\n        string result = solution.reverseString(param0);\n        ^\n  symbol:   class string\n  location: class Main\n1 error\n	f	1024	750	\N	RUNTIME_ERROR	\N	79	6
369	/app/code/Main.java:9: error: cannot find symbol\n        string result = solution.reverseString(param0);\n        ^\n  symbol:   class string\n  location: class Main\n1 error\n	t	1024	763	\N	RUNTIME_ERROR	\N	79	7
370	/app/code/Main.java:9: error: cannot find symbol\n        string result = solution.reverseString(param0);\n        ^\n  symbol:   class string\n  location: class Main\n1 error\n	t	1024	678	\N	RUNTIME_ERROR	\N	79	8
371	\N	f	1024	1391	\N	TIME_LIMIT_EXCEEDED	\N	80	5
372	\N	f	1024	905	1	PASSED	ih	80	6
373	\N	t	1024	907	0	FAILED	a	80	7
374	\N	t	1024	927	1	PASSED	!dlroW olleH	80	8
375	\N	f	1024	1701	\N	TIME_LIMIT_EXCEEDED	\N	81	43
376	\N	f	1024	1067	\N	TIME_LIMIT_EXCEEDED	\N	81	44
377	\N	f	1024	935	1	PASSED	a	81	45
378	\N	t	1024	939	1	PASSED	54321	81	46
379	\N	t	1024	988	1	PASSED	#@!321cba	81	47
380	\N	t	1024	1322	\N	TIME_LIMIT_EXCEEDED	\N	81	48
381	\N	f	1024	1518	\N	TIME_LIMIT_EXCEEDED	\N	82	43
382	\N	f	1024	906	1	PASSED		82	44
383	\N	f	1024	998	1	PASSED	a	82	45
384	\N	t	1024	953	1	PASSED	54321	82	46
385	\N	t	1024	1136	\N	TIME_LIMIT_EXCEEDED	\N	82	47
386	\N	t	1024	1283	\N	TIME_LIMIT_EXCEEDED	\N	82	48
387	\N	f	1024	438	1	PASSED	olleh	83	43
388	\N	f	1024	218	1	PASSED		83	44
389	\N	f	1024	218	1	PASSED	a	83	45
390	\N	t	1024	228	1	PASSED	54321	83	46
391	\N	t	1024	464	1	PASSED	#@!321cba	83	47
392	\N	t	1024	353	1	PASSED	aaaaaa	83	48
393	./Solution.java:3: error: incompatible types: int cannot be converted to boolean\n        return a - b; \n                 ^\n1 error\n	f	1024	2346	\N	RUNTIME_ERROR	\N	84	27
394	./Solution.java:3: error: incompatible types: int cannot be converted to boolean\n        return a - b; \n                 ^\n1 error\n	f	1024	1011	\N	RUNTIME_ERROR	\N	84	28
395	./Solution.java:3: error: incompatible types: int cannot be converted to boolean\n        return a -b;\n                 ^\n1 error\n	f	1024	1093	\N	RUNTIME_ERROR	\N	85	27
396	./Solution.java:3: error: incompatible types: int cannot be converted to boolean\n        return a -b;\n                 ^\n1 error\n	f	1024	1057	\N	RUNTIME_ERROR	\N	85	28
397	\N	f	1024	1431	\N	TIME_LIMIT_EXCEEDED	\N	86	22
398	\N	f	1024	950	1	PASSED	12	86	21
399	\N	f	1024	975	1	PASSED	-15	86	23
400	\N	t	1024	1065	1	PASSED	0	86	24
401	\N	t	1024	840	1	PASSED	2000000000	86	25
402	\N	t	1024	1429	1	PASSED	-2000000000	86	26
403	\N	f	1024	958	1	PASSED	5	87	22
404	\N	f	1024	810	1	PASSED	12	87	21
405	\N	f	1024	769	1	PASSED	-15	87	23
406	\N	t	1024	890	1	PASSED	0	87	24
407	\N	t	1024	806	1	PASSED	2000000000	87	25
408	\N	t	1024	1005	1	PASSED	-2000000000	87	26
409	\N	f	1024	329	1	PASSED	5	88	22
410	\N	f	1024	169	1	PASSED	12	88	21
411	\N	f	1024	193	1	PASSED	-15	88	23
412	\N	t	1024	166	1	PASSED	0	88	24
413	\N	t	1024	211	1	PASSED	2000000000	88	25
414	\N	t	1024	158	1	PASSED	-2000000000	88	26
415	\N	f	1024	471	1	PASSED	olleh	89	43
416	\N	f	1024	207	1	PASSED		89	44
417	\N	f	1024	250	1	PASSED	a	89	45
418	\N	t	1024	660	1	PASSED	54321	89	46
425	\N	t	1024	283	1	PASSED	#@!321cba	90	47
426	\N	t	1024	317	1	PASSED	aaaaaa	90	48
427	\N	f	1024	287	1	PASSED	5	93	22
428	\N	f	1024	194	1	PASSED	12	93	21
429	\N	f	1024	217	1	PASSED	-15	93	23
430	\N	t	1024	225	1	PASSED	0	93	24
431	\N	t	1024	205	1	PASSED	2000000000	93	25
432	\N	t	1024	177	1	PASSED	-2000000000	93	26
433	\N	f	1024	2650	\N	TIME_LIMIT_EXCEEDED	\N	96	22
434	\N	f	1024	916	1	PASSED	12	96	21
435	\N	f	1024	798	1	PASSED	-15	96	23
436	\N	t	1024	1003	1	PASSED	0	96	24
437	\N	t	1024	824	1	PASSED	2000000000	96	25
438	\N	t	1024	901	1	PASSED	-2000000000	96	26
439	\N	f	1024	1050	\N	TIME_LIMIT_EXCEEDED	\N	94	22
440	\N	f	1024	602	1	PASSED	12	94	21
441	\N	f	1024	384	1	PASSED	-15	94	23
442	\N	t	1024	347	1	PASSED	0	94	24
443	\N	t	1024	354	1	PASSED	2000000000	94	25
444	\N	t	1024	304	1	PASSED	-2000000000	94	26
445	\N	f	1024	353	1	PASSED	5	95	22
446	\N	f	1024	359	1	PASSED	12	95	21
447	\N	f	1024	508	1	PASSED	-15	95	23
448	\N	t	1024	388	1	PASSED	0	95	24
449	\N	t	1024	537	1	PASSED	2000000000	95	25
450	\N	t	1024	469	1	PASSED	-2000000000	95	26
451	\N	f	1024	1520	\N	TIME_LIMIT_EXCEEDED	\N	92	22
452	\N	f	1024	935	1	PASSED	12	92	21
453	\N	f	1024	1360	1	PASSED	-15	92	23
454	\N	t	1024	1840	1	PASSED	0	92	24
455	\N	t	1024	1004	1	PASSED	2000000000	92	25
456	\N	t	1024	813	1	PASSED	-2000000000	92	26
457	\N	f	1024	322	1	PASSED	5	91	22
458	\N	f	1024	229	1	PASSED	12	91	21
459	\N	f	1024	368	1	PASSED	-15	91	23
460	\N	t	1024	374	1	PASSED	0	91	24
461	\N	t	1024	390	1	PASSED	2000000000	91	25
462	\N	t	1024	353	1	PASSED	-2000000000	91	26
463	\N	f	1024	874	1	PASSED	5	97	22
464	\N	f	1024	356	1	PASSED	12	97	21
465	\N	f	1024	340	1	PASSED	-15	97	23
466	\N	t	1024	413	1	PASSED	0	97	24
467	\N	t	1024	293	1	PASSED	2000000000	97	25
468	\N	t	1024	375	1	PASSED	-2000000000	97	26
469	Traceback (most recent call last):\n  File "/app/code/Main.py", line 1, in <module>\n    import solution\n  File "/app/code/solution.py", line 1, in <module>\n    def find_pair(a: List[int], b: int):\nNameError: name 'List' is not defined\n	f	1024	923	\N	RUNTIME_ERROR	\N	98	9
470	Traceback (most recent call last):\n  File "/app/code/Main.py", line 1, in <module>\n    import solution\n  File "/app/code/solution.py", line 1, in <module>\n    def find_pair(a: List[int], b: int):\nNameError: name 'List' is not defined\n	f	1024	422	\N	RUNTIME_ERROR	\N	98	10
471	Traceback (most recent call last):\n  File "/app/code/Main.py", line 1, in <module>\n    import solution\n  File "/app/code/solution.py", line 1, in <module>\n    def find_pair(a: List[int], b: int):\nNameError: name 'List' is not defined\n	t	1024	354	\N	RUNTIME_ERROR	\N	98	11
472	Traceback (most recent call last):\n  File "/app/code/Main.py", line 1, in <module>\n    import solution\n  File "/app/code/solution.py", line 1, in <module>\n    def find_pair(a: List[int], b: int):\nNameError: name 'List' is not defined\n	t	1024	343	\N	RUNTIME_ERROR	\N	98	12
473	Traceback (most recent call last):\n  File "/app/code/Main.py", line 6, in <module>\n    result = solution.find_pair(param0, param1)\n  File "/app/code/solution.py", line 4, in find_pair\n    diff = b - num\nTypeError: unsupported operand type(s) for -: 'int' and 'str'\n	f	1024	510	\N	RUNTIME_ERROR	\N	99	9
474	Traceback (most recent call last):\n  File "/app/code/Main.py", line 6, in <module>\n    result = solution.find_pair(param0, param1)\n  File "/app/code/solution.py", line 4, in find_pair\n    diff = b - num\nTypeError: unsupported operand type(s) for -: 'int' and 'str'\n	f	1024	345	\N	RUNTIME_ERROR	\N	99	10
475	Traceback (most recent call last):\n  File "/app/code/Main.py", line 6, in <module>\n    result = solution.find_pair(param0, param1)\n  File "/app/code/solution.py", line 4, in find_pair\n    diff = b - num\nTypeError: unsupported operand type(s) for -: 'int' and 'str'\n	t	1024	321	\N	RUNTIME_ERROR	\N	99	11
476	Traceback (most recent call last):\n  File "/app/code/Main.py", line 6, in <module>\n    result = solution.find_pair(param0, param1)\n  File "/app/code/solution.py", line 4, in find_pair\n    diff = b - num\nTypeError: unsupported operand type(s) for -: 'int' and 'str'\n	t	1024	263	\N	RUNTIME_ERROR	\N	99	12
477	Traceback (most recent call last):\n  File "/app/code/Main.py", line 1, in <module>\n    import solution\n  File "/app/code/solution.py", line 1, in <module>\n    def find_pair(a: List[int], b: int):\nNameError: name 'List' is not defined\n	f	1024	512	\N	RUNTIME_ERROR	\N	100	9
478	Traceback (most recent call last):\n  File "/app/code/Main.py", line 1, in <module>\n    import solution\n  File "/app/code/solution.py", line 1, in <module>\n    def find_pair(a: List[int], b: int):\nNameError: name 'List' is not defined\n	f	1024	278	\N	RUNTIME_ERROR	\N	100	10
502	\N	f	1024	942	1	PASSED	5	106	18
503	\N	t	1024	951	1	PASSED	1	106	19
504	\N	t	1024	957	1	PASSED	0	106	20
479	Traceback (most recent call last):\n  File "/app/code/Main.py", line 1, in <module>\n    import solution\n  File "/app/code/solution.py", line 1, in <module>\n    def find_pair(a: List[int], b: int):\nNameError: name 'List' is not defined\n	t	1024	326	\N	RUNTIME_ERROR	\N	100	11
480	Traceback (most recent call last):\n  File "/app/code/Main.py", line 1, in <module>\n    import solution\n  File "/app/code/solution.py", line 1, in <module>\n    def find_pair(a: List[int], b: int):\nNameError: name 'List' is not defined\n	t	1024	241	\N	RUNTIME_ERROR	\N	100	12
481	Traceback (most recent call last):\n  File "/app/code/Main.py", line 6, in <module>\n    result = solution.find_pair(param0, param1)\n  File "/app/code/solution.py", line 4, in find_pair\n    num = int(num)  # Chuyển chuỗi thành số nguyên\nValueError: invalid literal for int() with base 10: '['\n	f	1024	420	\N	RUNTIME_ERROR	\N	101	9
482	Traceback (most recent call last):\n  File "/app/code/Main.py", line 6, in <module>\n    result = solution.find_pair(param0, param1)\n  File "/app/code/solution.py", line 4, in find_pair\n    num = int(num)  # Chuyển chuỗi thành số nguyên\nValueError: invalid literal for int() with base 10: '['\n	f	1024	269	\N	RUNTIME_ERROR	\N	101	10
483	Traceback (most recent call last):\n  File "/app/code/Main.py", line 6, in <module>\n    result = solution.find_pair(param0, param1)\n  File "/app/code/solution.py", line 4, in find_pair\n    num = int(num)  # Chuyển chuỗi thành số nguyên\nValueError: invalid literal for int() with base 10: '['\n	t	1024	272	\N	RUNTIME_ERROR	\N	101	11
484	Traceback (most recent call last):\n  File "/app/code/Main.py", line 6, in <module>\n    result = solution.find_pair(param0, param1)\n  File "/app/code/solution.py", line 4, in find_pair\n    num = int(num)  # Chuyển chuỗi thành số nguyên\nValueError: invalid literal for int() with base 10: '['\n	t	1024	254	\N	RUNTIME_ERROR	\N	101	12
485	Traceback (most recent call last):\n  File "/app/code/Main.py", line 6, in <module>\n    result = solution.find_pair(param0, param1)\n  File "/app/code/solution.py", line 4, in find_pair\n    num = int(num)  # Chuyển chuỗi thành số nguyên\nValueError: invalid literal for int() with base 10: '['\n	f	1024	387	\N	RUNTIME_ERROR	\N	102	9
486	Traceback (most recent call last):\n  File "/app/code/Main.py", line 6, in <module>\n    result = solution.find_pair(param0, param1)\n  File "/app/code/solution.py", line 4, in find_pair\n    num = int(num)  # Chuyển chuỗi thành số nguyên\nValueError: invalid literal for int() with base 10: '['\n	f	1024	321	\N	RUNTIME_ERROR	\N	102	10
487	Traceback (most recent call last):\n  File "/app/code/Main.py", line 6, in <module>\n    result = solution.find_pair(param0, param1)\n  File "/app/code/solution.py", line 4, in find_pair\n    num = int(num)  # Chuyển chuỗi thành số nguyên\nValueError: invalid literal for int() with base 10: '['\n	t	1024	262	\N	RUNTIME_ERROR	\N	102	11
488	Traceback (most recent call last):\n  File "/app/code/Main.py", line 6, in <module>\n    result = solution.find_pair(param0, param1)\n  File "/app/code/solution.py", line 4, in find_pair\n    num = int(num)  # Chuyển chuỗi thành số nguyên\nValueError: invalid literal for int() with base 10: '['\n	t	1024	225	\N	RUNTIME_ERROR	\N	102	12
489	./Solution.java:3: error: cannot find symbol\n        HashMap<Integer, Integer> numMap = new HashMap<>();\n        ^\n  symbol:   class HashMap\n  location: class Solution\n./Solution.java:3: error: cannot find symbol\n        HashMap<Integer, Integer> numMap = new HashMap<>();\n                                               ^\n  symbol:   class HashMap\n  location: class Solution\n2 errors\n	f	1024	1946	\N	RUNTIME_ERROR	\N	103	9
490	./Solution.java:3: error: cannot find symbol\n        HashMap<Integer, Integer> numMap = new HashMap<>();\n        ^\n  symbol:   class HashMap\n  location: class Solution\n./Solution.java:3: error: cannot find symbol\n        HashMap<Integer, Integer> numMap = new HashMap<>();\n                                               ^\n  symbol:   class HashMap\n  location: class Solution\n2 errors\n	f	1024	1193	\N	RUNTIME_ERROR	\N	103	10
491	./Solution.java:3: error: cannot find symbol\n        HashMap<Integer, Integer> numMap = new HashMap<>();\n        ^\n  symbol:   class HashMap\n  location: class Solution\n./Solution.java:3: error: cannot find symbol\n        HashMap<Integer, Integer> numMap = new HashMap<>();\n                                               ^\n  symbol:   class HashMap\n  location: class Solution\n2 errors\n	t	1024	913	\N	RUNTIME_ERROR	\N	103	11
492	./Solution.java:3: error: cannot find symbol\n        HashMap<Integer, Integer> numMap = new HashMap<>();\n        ^\n  symbol:   class HashMap\n  location: class Solution\n./Solution.java:3: error: cannot find symbol\n        HashMap<Integer, Integer> numMap = new HashMap<>();\n                                               ^\n  symbol:   class HashMap\n  location: class Solution\n2 errors\n	t	1024	971	\N	RUNTIME_ERROR	\N	103	12
493	\N	f	1024	1409	1	PASSED	[0,1]	104	9
494	\N	f	1024	1028	1	PASSED	[1,2]	104	10
495	\N	t	1024	1150	0	FAILED	[0,3]	104	11
496	\N	t	1024	1031	1	PASSED	[0,1]	104	12
497	./Solution.java:3: error: ';' expected\n       f (nums.length < 1) return 0; // Đề đảm bảo length ≥ 1, nhưng thêm kiểm tra cho an toàn\n                          ^\n./Solution.java:3: error: cannot find symbol\n       f (nums.length < 1) return 0; // Đề đảm bảo length ≥ 1, nhưng thêm kiểm tra cho an toàn\n       ^\n  symbol:   method f(boolean)\n  location: class Solution\n2 errors\n	f	1024	1791	\N	RUNTIME_ERROR	\N	105	17
498	./Solution.java:3: error: ';' expected\n       f (nums.length < 1) return 0; // Đề đảm bảo length ≥ 1, nhưng thêm kiểm tra cho an toàn\n                          ^\n./Solution.java:3: error: cannot find symbol\n       f (nums.length < 1) return 0; // Đề đảm bảo length ≥ 1, nhưng thêm kiểm tra cho an toàn\n       ^\n  symbol:   method f(boolean)\n  location: class Solution\n2 errors\n	f	1024	1126	\N	RUNTIME_ERROR	\N	105	18
499	./Solution.java:3: error: ';' expected\n       f (nums.length < 1) return 0; // Đề đảm bảo length ≥ 1, nhưng thêm kiểm tra cho an toàn\n                          ^\n./Solution.java:3: error: cannot find symbol\n       f (nums.length < 1) return 0; // Đề đảm bảo length ≥ 1, nhưng thêm kiểm tra cho an toàn\n       ^\n  symbol:   method f(boolean)\n  location: class Solution\n2 errors\n	t	1024	1011	\N	RUNTIME_ERROR	\N	105	19
500	./Solution.java:3: error: ';' expected\n       f (nums.length < 1) return 0; // Đề đảm bảo length ≥ 1, nhưng thêm kiểm tra cho an toàn\n                          ^\n./Solution.java:3: error: cannot find symbol\n       f (nums.length < 1) return 0; // Đề đảm bảo length ≥ 1, nhưng thêm kiểm tra cho an toàn\n       ^\n  symbol:   method f(boolean)\n  location: class Solution\n2 errors\n	t	1024	962	\N	RUNTIME_ERROR	\N	105	20
501	\N	f	1024	1005	\N	TIME_LIMIT_EXCEEDED	\N	106	17
506	\N	f	1024	1112	1	PASSED	5	107	18
507	\N	t	1024	1194	1	PASSED	1	107	19
508	\N	t	1024	1128	1	PASSED	0	107	20
509	\N	f	1024	714	1	PASSED	5	108	22
510	\N	f	1024	326	1	PASSED	12	108	21
511	\N	f	1024	258	1	PASSED	-15	108	23
512	\N	t	1024	219	1	PASSED	0	108	24
513	\N	t	1024	331	1	PASSED	2000000000	108	25
514	\N	t	1024	269	1	PASSED	-2000000000	108	26
515	\N	f	1024	1188	\N	TIME_LIMIT_EXCEEDED	\N	109	22
516	\N	f	1024	443	1	PASSED	12	109	21
517	\N	f	1024	359	1	PASSED	-15	109	23
518	\N	t	1024	600	1	PASSED	0	109	24
519	\N	t	1024	439	1	PASSED	2000000000	109	25
520	\N	t	1024	400	1	PASSED	-2000000000	109	26
521	\N	f	1024	975	1	PASSED	5	110	22
522	\N	f	1024	226	1	PASSED	12	110	21
523	\N	f	1024	220	1	PASSED	-15	110	23
524	\N	t	1024	217	1	PASSED	0	110	24
525	\N	t	1024	241	1	PASSED	2000000000	110	25
526	\N	t	1024	231	1	PASSED	-2000000000	110	26
527	\N	f	1024	716	1	PASSED	5	111	22
528	\N	f	1024	309	1	PASSED	12	111	21
529	\N	f	1024	283	1	PASSED	-15	111	23
530	\N	t	1024	364	1	PASSED	0	111	24
531	\N	t	1024	286	1	PASSED	2000000000	111	25
532	\N	t	1024	303	1	PASSED	-2000000000	111	26
533	/app/code/Main.java:10: error: cannot find symbol\n        int result = solution.sum(param0, param1);\n                             ^\n  symbol:   method sum(int,int)\n  location: variable solution of type Solution\n1 error\n	f	1024	2257	\N	RUNTIME_ERROR	\N	112	22
534	/app/code/Main.java:10: error: cannot find symbol\n        int result = solution.sum(param0, param1);\n                             ^\n  symbol:   method sum(int,int)\n  location: variable solution of type Solution\n1 error\n	f	1024	1753	\N	RUNTIME_ERROR	\N	112	21
535	/app/code/Main.java:10: error: cannot find symbol\n        int result = solution.sum(param0, param1);\n                             ^\n  symbol:   method sum(int,int)\n  location: variable solution of type Solution\n1 error\n	f	1024	843	\N	RUNTIME_ERROR	\N	112	23
536	/app/code/Main.java:10: error: cannot find symbol\n        int result = solution.sum(param0, param1);\n                             ^\n  symbol:   method sum(int,int)\n  location: variable solution of type Solution\n1 error\n	t	1024	801	\N	RUNTIME_ERROR	\N	112	24
537	/app/code/Main.java:10: error: cannot find symbol\n        int result = solution.sum(param0, param1);\n                             ^\n  symbol:   method sum(int,int)\n  location: variable solution of type Solution\n1 error\n	t	1024	1058	\N	RUNTIME_ERROR	\N	112	25
538	/app/code/Main.java:10: error: cannot find symbol\n        int result = solution.sum(param0, param1);\n                             ^\n  symbol:   method sum(int,int)\n  location: variable solution of type Solution\n1 error\n	t	1024	1732	\N	RUNTIME_ERROR	\N	112	26
539	Traceback (most recent call last):\n  File "/app/code/Main.py", line 1, in <module>\n    import solution\n  File "/app/code/solution.py", line 2\n    return a + b\n    ^\nIndentationError: expected an indented block\n	f	1024	441	\N	RUNTIME_ERROR	\N	113	22
540	Traceback (most recent call last):\n  File "/app/code/Main.py", line 1, in <module>\n    import solution\n  File "/app/code/solution.py", line 2\n    return a + b\n    ^\nIndentationError: expected an indented block\n	f	1024	253	\N	RUNTIME_ERROR	\N	113	21
541	Traceback (most recent call last):\n  File "/app/code/Main.py", line 1, in <module>\n    import solution\n  File "/app/code/solution.py", line 2\n    return a + b\n    ^\nIndentationError: expected an indented block\n	f	1024	283	\N	RUNTIME_ERROR	\N	113	23
542	Traceback (most recent call last):\n  File "/app/code/Main.py", line 1, in <module>\n    import solution\n  File "/app/code/solution.py", line 2\n    return a + b\n    ^\nIndentationError: expected an indented block\n	t	1024	410	\N	RUNTIME_ERROR	\N	113	24
543	Traceback (most recent call last):\n  File "/app/code/Main.py", line 1, in <module>\n    import solution\n  File "/app/code/solution.py", line 2\n    return a + b\n    ^\nIndentationError: expected an indented block\n	t	1024	246	\N	RUNTIME_ERROR	\N	113	25
544	Traceback (most recent call last):\n  File "/app/code/Main.py", line 1, in <module>\n    import solution\n  File "/app/code/solution.py", line 2\n    return a + b\n    ^\nIndentationError: expected an indented block\n	t	1024	345	\N	RUNTIME_ERROR	\N	113	26
545	\N	f	1024	302	1	PASSED	5	114	22
546	\N	f	1024	198	1	PASSED	12	114	21
547	\N	f	1024	214	1	PASSED	-15	114	23
548	\N	t	1024	410	1	PASSED	0	114	24
549	\N	t	1024	249	1	PASSED	2000000000	114	25
550	\N	t	1024	260	1	PASSED	-2000000000	114	26
551	\N	f	1024	782	1	PASSED	5	115	22
552	\N	f	1024	269	1	PASSED	12	115	21
553	\N	f	1024	263	1	PASSED	-15	115	23
554	\N	t	1024	322	1	PASSED	0	115	24
555	\N	t	1024	302	1	PASSED	2000000000	115	25
556	\N	t	1024	302	1	PASSED	-2000000000	115	26
557	\N	f	1024	1120	\N	TIME_LIMIT_EXCEEDED	\N	116	22
558	\N	f	1024	493	1	PASSED	12	116	21
559	\N	f	1024	453	1	PASSED	-15	116	23
560	\N	t	1024	431	1	PASSED	0	116	24
561	\N	t	1024	480	1	PASSED	2000000000	116	25
562	\N	t	1024	478	1	PASSED	-2000000000	116	26
563	\N	f	1024	509	1	PASSED	5	117	22
564	\N	f	1024	257	1	PASSED	12	117	21
565	\N	f	1024	401	1	PASSED	-15	117	23
566	\N	t	1024	281	1	PASSED	0	117	24
567	\N	t	1024	344	1	PASSED	2000000000	117	25
568	\N	t	1024	272	1	PASSED	-2000000000	117	26
569	\N	f	1024	2494	\N	TIME_LIMIT_EXCEEDED	\N	118	22
570	\N	f	1024	365	1	PASSED	12	118	21
571	\N	f	1024	321	1	PASSED	-15	118	23
572	\N	t	1024	403	1	PASSED	0	118	24
573	\N	t	1024	240	1	PASSED	2000000000	118	25
574	\N	t	1024	228	1	PASSED	-2000000000	118	26
575	\N	f	1024	1599	\N	TIME_LIMIT_EXCEEDED	\N	119	22
576	\N	f	1024	928	1	PASSED	12	119	21
577	\N	f	1024	2550	1	PASSED	-15	119	23
578	\N	t	1024	1401	1	PASSED	0	119	24
579	\N	t	1024	1177	1	PASSED	2000000000	119	25
580	\N	t	1024	1520	1	PASSED	-2000000000	119	26
581	\N	f	1024	678	1	PASSED	5	120	22
582	\N	f	1024	1038	1	PASSED	12	120	21
583	\N	f	1024	479	1	PASSED	-15	120	23
584	\N	t	1024	293	1	PASSED	0	120	24
585	\N	t	1024	334	1	PASSED	2000000000	120	25
586	\N	t	1024	490	1	PASSED	-2000000000	120	26
587	\N	f	1024	1509	\N	TIME_LIMIT_EXCEEDED	\N	121	1
588	\N	f	1024	1058	\N	TIME_LIMIT_EXCEEDED	\N	121	2
589	\N	t	1024	1026	\N	TIME_LIMIT_EXCEEDED	\N	121	3
590	\N	t	1024	1229	\N	TIME_LIMIT_EXCEEDED	\N	121	4
591	\N	f	1024	1727	1	PASSED	5	122	1
592	\N	f	1024	943	1	PASSED	-1	122	2
593	\N	t	1024	826	1	PASSED	0	122	3
594	\N	t	1024	930	1	PASSED	1000000000	122	4
595	\N	f	1024	298	1	PASSED	5	123	22
596	\N	f	1024	202	1	PASSED	12	123	21
597	\N	f	1024	226	1	PASSED	-15	123	23
598	\N	t	1024	190	1	PASSED	0	123	24
599	\N	t	1024	172	1	PASSED	2000000000	123	25
600	\N	t	1024	203	1	PASSED	-2000000000	123	26
601	Traceback (most recent call last):\n  File "/app/code/Main.py", line 1, in <module>\n    import solution\n  File "/app/code/solution.py", line 1, in <module>\n    def findMax(a: List[int]):\nNameError: name 'List' is not defined\n	f	1024	331	\N	RUNTIME_ERROR	\N	124	1
602	Traceback (most recent call last):\n  File "/app/code/Main.py", line 1, in <module>\n    import solution\n  File "/app/code/solution.py", line 1, in <module>\n    def findMax(a: List[int]):\nNameError: name 'List' is not defined\n	f	1024	203	\N	RUNTIME_ERROR	\N	124	2
603	Traceback (most recent call last):\n  File "/app/code/Main.py", line 1, in <module>\n    import solution\n  File "/app/code/solution.py", line 1, in <module>\n    def findMax(a: List[int]):\nNameError: name 'List' is not defined\n	t	1024	228	\N	RUNTIME_ERROR	\N	124	3
604	Traceback (most recent call last):\n  File "/app/code/Main.py", line 1, in <module>\n    import solution\n  File "/app/code/solution.py", line 1, in <module>\n    def findMax(a: List[int]):\nNameError: name 'List' is not defined\n	t	1024	212	\N	RUNTIME_ERROR	\N	124	4
605	\N	f	1024	1165	1	PASSED	5	125	1
606	\N	f	1024	749	1	PASSED	-1	125	2
607	\N	t	1024	720	1	PASSED	0	125	3
608	\N	t	1024	788	1	PASSED	1000000000	125	4
609	Traceback (most recent call last):\n  File "/app/code/Main.py", line 1, in <module>\n    import solution\n  File "/app/code/solution.py", line 1, in <module>\n    def findMax(a: List[int]) -> int:\nNameError: name 'List' is not defined\n	f	1024	625	\N	RUNTIME_ERROR	\N	126	1
610	Traceback (most recent call last):\n  File "/app/code/Main.py", line 1, in <module>\n    import solution\n  File "/app/code/solution.py", line 1, in <module>\n    def findMax(a: List[int]) -> int:\nNameError: name 'List' is not defined\n	f	1024	233	\N	RUNTIME_ERROR	\N	126	2
611	Traceback (most recent call last):\n  File "/app/code/Main.py", line 1, in <module>\n    import solution\n  File "/app/code/solution.py", line 1, in <module>\n    def findMax(a: List[int]) -> int:\nNameError: name 'List' is not defined\n	t	1024	228	\N	RUNTIME_ERROR	\N	126	3
612	Traceback (most recent call last):\n  File "/app/code/Main.py", line 1, in <module>\n    import solution\n  File "/app/code/solution.py", line 1, in <module>\n    def findMax(a: List[int]) -> int:\nNameError: name 'List' is not defined\n	t	1024	190	\N	RUNTIME_ERROR	\N	126	4
613	Traceback (most recent call last):\n  File "/app/code/Main.py", line 2, in <module>\n    import solution\n  File "/app/code/solution.py", line 1, in <module>\n    def findMax(a: List[int]) -> int:\nNameError: name 'List' is not defined\n	f	1024	662	\N	RUNTIME_ERROR	\N	127	1
614	Traceback (most recent call last):\n  File "/app/code/Main.py", line 2, in <module>\n    import solution\n  File "/app/code/solution.py", line 1, in <module>\n    def findMax(a: List[int]) -> int:\nNameError: name 'List' is not defined\n	f	1024	317	\N	RUNTIME_ERROR	\N	127	2
615	Traceback (most recent call last):\n  File "/app/code/Main.py", line 2, in <module>\n    import solution\n  File "/app/code/solution.py", line 1, in <module>\n    def findMax(a: List[int]) -> int:\nNameError: name 'List' is not defined\n	t	1024	258	\N	RUNTIME_ERROR	\N	127	3
688	\N	f	1024	1223	1	PASSED	5	153	1
689	\N	f	1024	798	1	PASSED	-1	153	2
616	Traceback (most recent call last):\n  File "/app/code/Main.py", line 2, in <module>\n    import solution\n  File "/app/code/solution.py", line 1, in <module>\n    def findMax(a: List[int]) -> int:\nNameError: name 'List' is not defined\n	t	1024	324	\N	RUNTIME_ERROR	\N	127	4
617	\N	f	1024	686	1	PASSED	5	128	22
618	\N	f	1024	296	1	PASSED	12	128	21
619	\N	f	1024	292	1	PASSED	-15	128	23
620	\N	t	1024	258	1	PASSED	0	128	24
621	\N	t	1024	440	1	PASSED	2000000000	128	25
622	\N	t	1024	438	1	PASSED	-2000000000	128	26
623	Traceback (most recent call last):\n  File "/app/code/Main.py", line 3, in <module>\n    import solution\n  File "/app/code/solution.py", line 2\n    # Write your code here\n                          ^\nIndentationError: expected an indented block\n	f	1024	1008	\N	RUNTIME_ERROR	\N	129	1
624	Traceback (most recent call last):\n  File "/app/code/Main.py", line 3, in <module>\n    import solution\n  File "/app/code/solution.py", line 2\n    # Write your code here\n                          ^\nIndentationError: expected an indented block\n	f	1024	3222	\N	RUNTIME_ERROR	\N	129	2
625	Traceback (most recent call last):\n  File "/app/code/Main.py", line 3, in <module>\n    import solution\n  File "/app/code/solution.py", line 2\n    # Write your code here\n                          ^\nIndentationError: expected an indented block\n	t	1024	434	\N	RUNTIME_ERROR	\N	129	3
626	Traceback (most recent call last):\n  File "/app/code/Main.py", line 3, in <module>\n    import solution\n  File "/app/code/solution.py", line 2\n    # Write your code here\n                          ^\nIndentationError: expected an indented block\n	t	1024	293	\N	RUNTIME_ERROR	\N	129	4
627	Traceback (most recent call last):\n  File "/app/code/Main.py", line 3, in <module>\n    import solution\n  File "/app/code/solution.py", line 1, in <module>\n    def findMax(a: List[int]) -> int:\nNameError: name 'List' is not defined\n	f	1024	476	\N	RUNTIME_ERROR	\N	130	1
628	Traceback (most recent call last):\n  File "/app/code/Main.py", line 3, in <module>\n    import solution\n  File "/app/code/solution.py", line 1, in <module>\n    def findMax(a: List[int]) -> int:\nNameError: name 'List' is not defined\n	f	1024	254	\N	RUNTIME_ERROR	\N	130	2
629	Traceback (most recent call last):\n  File "/app/code/Main.py", line 3, in <module>\n    import solution\n  File "/app/code/solution.py", line 1, in <module>\n    def findMax(a: List[int]) -> int:\nNameError: name 'List' is not defined\n	t	1024	253	\N	RUNTIME_ERROR	\N	130	3
630	Traceback (most recent call last):\n  File "/app/code/Main.py", line 3, in <module>\n    import solution\n  File "/app/code/solution.py", line 1, in <module>\n    def findMax(a: List[int]) -> int:\nNameError: name 'List' is not defined\n	t	1024	260	\N	RUNTIME_ERROR	\N	130	4
631	Traceback (most recent call last):\n  File "/app/code/Main.py", line 6, in <module>\n    import solution\n  File "/app/code/solution.py", line 1, in <module>\n    def findMax(a: List[int]) -> int:\nNameError: name 'List' is not defined\n	f	1024	659	\N	RUNTIME_ERROR	\N	131	1
632	Traceback (most recent call last):\n  File "/app/code/Main.py", line 6, in <module>\n    import solution\n  File "/app/code/solution.py", line 1, in <module>\n    def findMax(a: List[int]) -> int:\nNameError: name 'List' is not defined\n	f	1024	318	\N	RUNTIME_ERROR	\N	131	2
633	Traceback (most recent call last):\n  File "/app/code/Main.py", line 6, in <module>\n    import solution\n  File "/app/code/solution.py", line 1, in <module>\n    def findMax(a: List[int]) -> int:\nNameError: name 'List' is not defined\n	t	1024	361	\N	RUNTIME_ERROR	\N	131	3
634	Traceback (most recent call last):\n  File "/app/code/Main.py", line 6, in <module>\n    import solution\n  File "/app/code/solution.py", line 1, in <module>\n    def findMax(a: List[int]) -> int:\nNameError: name 'List' is not defined\n	t	1024	367	\N	RUNTIME_ERROR	\N	131	4
635	\N	f	1024	604	1	PASSED	5	132	1
636	\N	f	1024	283	1	PASSED	-1	132	2
637	\N	t	1024	247	1	PASSED	0	132	3
638	\N	t	1024	265	1	PASSED	1000000000	132	4
639	\N	f	1024	487	1	PASSED	5	133	1
640	\N	f	1024	284	1	PASSED	-1	133	2
641	\N	t	1024	298	1	PASSED	0	133	3
642	\N	t	1024	298	1	PASSED	1000000000	133	4
643	\N	f	1024	1066	0	FAILED	[0, 1]	134	9
644	./Solution.java:4: error: cannot find symbol\n        HashMap<Integer, Integer> numMap = new HashMap<>();\n        ^\n  symbol:   class HashMap\n  location: class Solution\n./Solution.java:4: error: cannot find symbol\n        HashMap<Integer, Integer> numMap = new HashMap<>();\n                                               ^\n  symbol:   class HashMap\n  location: class Solution\n2 errors\n	f	1024	1230	\N	RUNTIME_ERROR	\N	135	9
645	./Solution.java:4: error: cannot find symbol\n        HashMap<Integer, Integer> numMap = new HashMap<>();\n        ^\n  symbol:   class HashMap\n  location: class Solution\n./Solution.java:4: error: cannot find symbol\n        HashMap<Integer, Integer> numMap = new HashMap<>();\n                                               ^\n  symbol:   class HashMap\n  location: class Solution\n2 errors\n	f	1024	800	\N	RUNTIME_ERROR	\N	135	10
646	./Solution.java:4: error: cannot find symbol\n        HashMap<Integer, Integer> numMap = new HashMap<>();\n        ^\n  symbol:   class HashMap\n  location: class Solution\n./Solution.java:4: error: cannot find symbol\n        HashMap<Integer, Integer> numMap = new HashMap<>();\n                                               ^\n  symbol:   class HashMap\n  location: class Solution\n2 errors\n	t	1024	764	\N	RUNTIME_ERROR	\N	135	11
647	./Solution.java:4: error: cannot find symbol\n        HashMap<Integer, Integer> numMap = new HashMap<>();\n        ^\n  symbol:   class HashMap\n  location: class Solution\n./Solution.java:4: error: cannot find symbol\n        HashMap<Integer, Integer> numMap = new HashMap<>();\n                                               ^\n  symbol:   class HashMap\n  location: class Solution\n2 errors\n	t	1024	720	\N	RUNTIME_ERROR	\N	135	12
648	./Solution.java:12: error: cannot find symbol\n        Arrays.sort(pairs, (x, y) -> Integer.compare(x[0], y[0]));\n        ^\n  symbol:   variable Arrays\n  location: class Solution\n1 error\n	f	1024	1057	\N	RUNTIME_ERROR	\N	136	9
690	\N	t	1024	869	1	PASSED	0	153	3
691	\N	t	1024	816	1	PASSED	1000000000	153	4
649	./Solution.java:12: error: cannot find symbol\n        Arrays.sort(pairs, (x, y) -> Integer.compare(x[0], y[0]));\n        ^\n  symbol:   variable Arrays\n  location: class Solution\n1 error\n	f	1024	897	\N	RUNTIME_ERROR	\N	136	10
650	./Solution.java:12: error: cannot find symbol\n        Arrays.sort(pairs, (x, y) -> Integer.compare(x[0], y[0]));\n        ^\n  symbol:   variable Arrays\n  location: class Solution\n1 error\n	t	1024	864	\N	RUNTIME_ERROR	\N	136	11
651	./Solution.java:12: error: cannot find symbol\n        Arrays.sort(pairs, (x, y) -> Integer.compare(x[0], y[0]));\n        ^\n  symbol:   variable Arrays\n  location: class Solution\n1 error\n	t	1024	1568	\N	RUNTIME_ERROR	\N	136	12
652	./Solution.java:4: error: cannot find symbol\n        HashMap<Integer, Integer> numMap = new HashMap<>();\n        ^\n  symbol:   class HashMap\n  location: class Solution\n./Solution.java:4: error: cannot find symbol\n        HashMap<Integer, Integer> numMap = new HashMap<>();\n                                               ^\n  symbol:   class HashMap\n  location: class Solution\n2 errors\n	f	1024	3055	\N	RUNTIME_ERROR	\N	137	9
653	./Solution.java:4: error: cannot find symbol\n        HashMap<Integer, Integer> numMap = new HashMap<>();\n        ^\n  symbol:   class HashMap\n  location: class Solution\n./Solution.java:4: error: cannot find symbol\n        HashMap<Integer, Integer> numMap = new HashMap<>();\n                                               ^\n  symbol:   class HashMap\n  location: class Solution\n2 errors\n	f	1024	1592	\N	RUNTIME_ERROR	\N	137	10
654	./Solution.java:4: error: cannot find symbol\n        HashMap<Integer, Integer> numMap = new HashMap<>();\n        ^\n  symbol:   class HashMap\n  location: class Solution\n./Solution.java:4: error: cannot find symbol\n        HashMap<Integer, Integer> numMap = new HashMap<>();\n                                               ^\n  symbol:   class HashMap\n  location: class Solution\n2 errors\n	t	1024	1455	\N	RUNTIME_ERROR	\N	137	11
655	./Solution.java:4: error: cannot find symbol\n        HashMap<Integer, Integer> numMap = new HashMap<>();\n        ^\n  symbol:   class HashMap\n  location: class Solution\n./Solution.java:4: error: cannot find symbol\n        HashMap<Integer, Integer> numMap = new HashMap<>();\n                                               ^\n  symbol:   class HashMap\n  location: class Solution\n2 errors\n	t	1024	1018	\N	RUNTIME_ERROR	\N	137	12
656	./Solution.java:4: error: cannot find symbol\n        HashMap<Integer, Integer> numMap = new HashMap<>();\n        ^\n  symbol:   class HashMap\n  location: class Solution\n./Solution.java:4: error: cannot find symbol\n        HashMap<Integer, Integer> numMap = new HashMap<>();\n                                               ^\n  symbol:   class HashMap\n  location: class Solution\n2 errors\n	f	1024	1795	\N	RUNTIME_ERROR	\N	138	9
657	./Solution.java:4: error: cannot find symbol\n        HashMap<Integer, Integer> numMap = new HashMap<>();\n        ^\n  symbol:   class HashMap\n  location: class Solution\n./Solution.java:4: error: cannot find symbol\n        HashMap<Integer, Integer> numMap = new HashMap<>();\n                                               ^\n  symbol:   class HashMap\n  location: class Solution\n2 errors\n	f	1024	1064	\N	RUNTIME_ERROR	\N	138	10
658	./Solution.java:4: error: cannot find symbol\n        HashMap<Integer, Integer> numMap = new HashMap<>();\n        ^\n  symbol:   class HashMap\n  location: class Solution\n./Solution.java:4: error: cannot find symbol\n        HashMap<Integer, Integer> numMap = new HashMap<>();\n                                               ^\n  symbol:   class HashMap\n  location: class Solution\n2 errors\n	t	1024	1089	\N	RUNTIME_ERROR	\N	138	11
659	./Solution.java:4: error: cannot find symbol\n        HashMap<Integer, Integer> numMap = new HashMap<>();\n        ^\n  symbol:   class HashMap\n  location: class Solution\n./Solution.java:4: error: cannot find symbol\n        HashMap<Integer, Integer> numMap = new HashMap<>();\n                                               ^\n  symbol:   class HashMap\n  location: class Solution\n2 errors\n	t	1024	1192	\N	RUNTIME_ERROR	\N	138	12
660	\N	f	1024	1581	1	PASSED	[0,1]	139	9
661	\N	f	1024	935	1	PASSED	[1,2]	139	10
662	\N	t	1024	871	1	PASSED	[1,2]	139	11
663	\N	t	1024	907	1	PASSED	[0,1]	139	12
664	\N	f	1024	370	0	FAILED	[0, 1]	140	9
665	\N	f	1024	612	1	PASSED	[0,1]	141	9
666	\N	f	1024	304	1	PASSED	[1,2]	141	10
667	\N	t	1024	277	1	PASSED	[1,2]	141	11
668	\N	t	1024	243	1	PASSED	[0,1]	141	12
669	\N	f	1024	542	0	FAILED	True	142	13
670	\N	f	1024	412	0	FAILED	True	143	13
671	Traceback (most recent call last):\n  File "/app/code/Main.py", line 12, in <module>\n    result = solution.is_palindrome(param0)\n  File "/app/code/solution.py", line 18, in is_palindrome\n    return true\nNameError: name 'true' is not defined\n	f	1024	522	\N	RUNTIME_ERROR	\N	144	13
672	\N	f	1024	285	0	FAILED	False	144	14
673	\N	f	1024	513	0	FAILED	True	145	13
674	\N	f	1024	556	0	FAILED	True	146	13
675	\N	f	1024	513	1	PASSED	true	147	13
676	\N	f	1024	280	1	PASSED	false	147	14
677	\N	t	1024	268	1	PASSED	true	147	15
678	\N	t	1024	291	1	PASSED	true	147	16
679	Traceback (most recent call last):\n  File "/app/code/Main.py", line 17, in <module>\n    result = solution.sumEvenNumber(param0)\n  File "/app/code/solution.py", line 7, in sumEvenNumber\n    sum += num\nNameError: name 'num' is not defined\n	f	1024	719	\N	RUNTIME_ERROR	\N	148	51
680	Traceback (most recent call last):\n  File "/app/code/Main.py", line 17, in <module>\n    result = solution.sumEvenNumber(param0)\n  File "/app/code/solution.py", line 7, in sumEvenNumber\n    sum += num\nNameError: name 'num' is not defined\n	t	1024	3195	\N	RUNTIME_ERROR	\N	148	52
681	\N	f	1024	499	0	FAILED	6	149	51
682	\N	f	1024	462	1	PASSED	6	150	51
683	\N	t	1024	275	0	FAILED	6	150	52
684	\N	f	1024	440	1	PASSED	6	151	51
685	\N	t	1024	264	1	PASSED	0	151	52
686	\N	f	1024	508	0	FAILED	None	152	51
687	\N	t	1024	251	0	FAILED	None	152	52
692	\N	f	1024	386	1	PASSED	5	154	22
693	\N	f	1024	247	1	PASSED	12	154	21
694	\N	f	1024	235	1	PASSED	-15	154	23
695	\N	t	1024	320	1	PASSED	0	154	24
696	\N	t	1024	324	1	PASSED	2000000000	154	25
697	\N	t	1024	284	1	PASSED	-2000000000	154	26
698	./Solution.java:28: error: illegal start of expression\n                sum +=. a[i];\n                      ^\n./Solution.java:28: error: not a statement\n                sum +=. a[i];\n                         ^\n2 errors\n	f	1024	1481	\N	RUNTIME_ERROR	\N	155	51
699	./Solution.java:28: error: illegal start of expression\n                sum +=. a[i];\n                      ^\n./Solution.java:28: error: not a statement\n                sum +=. a[i];\n                         ^\n2 errors\n	t	1024	836	\N	RUNTIME_ERROR	\N	155	52
700	\N	f	1024	468	1	PASSED	5	156	22
701	\N	f	1024	313	1	PASSED	12	156	21
702	\N	f	1024	322	1	PASSED	-15	156	23
703	\N	t	1024	291	1	PASSED	0	156	24
704	\N	t	1024	286	1	PASSED	2000000000	156	25
705	\N	t	1024	304	1	PASSED	-2000000000	156	26
706	\N	f	1024	360	1	PASSED	5	157	22
707	\N	f	1024	241	1	PASSED	12	157	21
708	\N	f	1024	225	1	PASSED	-15	157	23
709	\N	t	1024	344	1	PASSED	0	157	24
710	\N	t	1024	262	1	PASSED	2000000000	157	25
711	\N	t	1024	250	1	PASSED	-2000000000	157	26
712	./Solution.java:28: error: ';' expected\n            if(a[i] % 2 ==0) sum += a[i]\n                                        ^\n./Solution.java:27: error: cannot find symbol\n        for (int i = 0 ; i < a.length() ; i++ ) {\n                              ^\n  symbol:   method length()\n  location: variable a of type int[]\n2 errors\n	f	1024	1014	\N	RUNTIME_ERROR	\N	158	51
713	./Solution.java:28: error: ';' expected\n            if(a[i] % 2 ==0) sum += a[i]\n                                        ^\n./Solution.java:27: error: cannot find symbol\n        for (int i = 0 ; i < a.length() ; i++ ) {\n                              ^\n  symbol:   method length()\n  location: variable a of type int[]\n2 errors\n	t	1024	793	\N	RUNTIME_ERROR	\N	158	52
714	./Solution.java:27: error: cannot find symbol\n        for (int i = 0 ; i < a.length() ; i++ ) {\n                              ^\n  symbol:   method length()\n  location: variable a of type int[]\n1 error\n	f	1024	862	\N	RUNTIME_ERROR	\N	159	51
715	./Solution.java:27: error: cannot find symbol\n        for (int i = 0 ; i < a.length() ; i++ ) {\n                              ^\n  symbol:   method length()\n  location: variable a of type int[]\n1 error\n	t	1024	747	\N	RUNTIME_ERROR	\N	159	52
716	./Solution.java:28: error: variable sum might not have been initialized\n            if(a[i] % 2 ==0) sum += a[i];\n                             ^\n./Solution.java:30: error: variable sum might not have been initialized\n        return sum;\n               ^\n2 errors\n	f	1024	838	\N	RUNTIME_ERROR	\N	160	51
717	./Solution.java:28: error: variable sum might not have been initialized\n            if(a[i] % 2 ==0) sum += a[i];\n                             ^\n./Solution.java:30: error: variable sum might not have been initialized\n        return sum;\n               ^\n2 errors\n	t	1024	746	\N	RUNTIME_ERROR	\N	160	52
718	./Solution.java:27: error: cannot find symbol\n        for (int i = 0 ; i < a.length() ; i++ ) {\n                              ^\n  symbol:   method length()\n  location: variable a of type int[]\n1 error\n	f	1024	909	\N	RUNTIME_ERROR	\N	161	51
719	./Solution.java:27: error: cannot find symbol\n        for (int i = 0 ; i < a.length() ; i++ ) {\n                              ^\n  symbol:   method length()\n  location: variable a of type int[]\n1 error\n	t	1024	699	\N	RUNTIME_ERROR	\N	161	52
720	\N	f	1024	908	1	PASSED	6	162	51
721	\N	t	1024	782	1	PASSED	0	162	52
722	\N	f	1024	1072	1	PASSED	4	163	17
723	\N	f	1024	1157	0	FAILED		163	18
724	\N	f	1024	1127	1	PASSED	4	164	17
725	\N	f	1024	856	0	FAILED	-1	164	18
726	\N	f	1024	581	0	FAILED	15	165	53
727	/app/code/Main.java:24: error: cannot find symbol\n        int result = solution.max_subarray_sum(param0);\n                             ^\n  symbol:   method max_subarray_sum(int[])\n  location: variable solution of type Solution\n1 error\n	f	1024	1037	\N	RUNTIME_ERROR	\N	166	53
728	/app/code/Main.java:24: error: cannot find symbol\n        int result = solution.max_subarray_sum(param0);\n                             ^\n  symbol:   method max_subarray_sum(int[])\n  location: variable solution of type Solution\n1 error\n	f	1024	738	\N	RUNTIME_ERROR	\N	166	54
729	/app/code/Main.java:24: error: cannot find symbol\n        int result = solution.max_subarray_sum(param0);\n                             ^\n  symbol:   method max_subarray_sum(int[])\n  location: variable solution of type Solution\n1 error\n	t	1024	693	\N	RUNTIME_ERROR	\N	166	55
730	/app/code/Main.java:24: error: cannot find symbol\n        int result = solution.max_subarray_sum(param0);\n                             ^\n  symbol:   method max_subarray_sum(int[])\n  location: variable solution of type Solution\n1 error\n	t	1024	838	\N	RUNTIME_ERROR	\N	166	56
731	/app/code/Main.java:24: error: cannot find symbol\n        int result = solution.max_subarray_sum(param0);\n                             ^\n  symbol:   method max_subarray_sum(int[])\n  location: variable solution of type Solution\n1 error\n	f	1024	911	\N	RUNTIME_ERROR	\N	167	53
732	/app/code/Main.java:24: error: cannot find symbol\n        int result = solution.max_subarray_sum(param0);\n                             ^\n  symbol:   method max_subarray_sum(int[])\n  location: variable solution of type Solution\n1 error\n	f	1024	679	\N	RUNTIME_ERROR	\N	167	54
733	/app/code/Main.java:24: error: cannot find symbol\n        int result = solution.max_subarray_sum(param0);\n                             ^\n  symbol:   method max_subarray_sum(int[])\n  location: variable solution of type Solution\n1 error\n	t	1024	733	\N	RUNTIME_ERROR	\N	167	55
734	/app/code/Main.java:24: error: cannot find symbol\n        int result = solution.max_subarray_sum(param0);\n                             ^\n  symbol:   method max_subarray_sum(int[])\n  location: variable solution of type Solution\n1 error\n	t	1024	707	\N	RUNTIME_ERROR	\N	167	56
735	\N	f	1024	359	1	PASSED	15	168	53
736	\N	f	1024	313	0	FAILED	15	168	54
737	\N	f	1024	395	1	PASSED	15	169	53
738	\N	f	1024	257	1	PASSED	6	169	54
739	\N	t	1024	275	1	PASSED	1	169	55
740	\N	t	1024	226	1	PASSED	23	169	56
741	\N	f	1024	1215	\N	TIME_LIMIT_EXCEEDED	\N	170	53
742	\N	f	1024	836	1	PASSED	6	170	54
743	\N	t	1024	838	1	PASSED	1	170	55
744	\N	t	1024	801	1	PASSED	23	170	56
745	\N	f	1024	958	1	PASSED	15	171	53
746	\N	f	1024	878	1	PASSED	6	171	54
747	\N	t	1024	820	1	PASSED	1	171	55
748	\N	t	1024	900	1	PASSED	23	171	56
749	\N	f	1024	1072	1	PASSED	[0,1]	172	9
750	\N	f	1024	1105	1	PASSED	[1,2]	172	10
751	\N	t	1024	1015	1	PASSED	[1,2]	172	11
752	\N	t	1024	970	1	PASSED	[0,1]	172	12
753	\N	f	1024	1043	\N	TIME_LIMIT_EXCEEDED	\N	173	13
754	\N	f	1024	806	1	PASSED	false	173	14
755	\N	t	1024	775	1	PASSED	true	173	15
756	\N	t	1024	803	1	PASSED	true	173	16
757	\N	f	1024	968	1	PASSED	true	174	13
758	\N	f	1024	769	1	PASSED	false	174	14
759	\N	t	1024	846	1	PASSED	true	174	15
760	\N	t	1024	837	1	PASSED	true	174	16
761	/app/code/Main.java:24: error: cannot find symbol\n        boolean result = solution.laDoiXung(param0);\n                                 ^\n  symbol:   method laDoiXung(int[])\n  location: variable solution of type Solution\n1 error\n	f	1024	1486	\N	RUNTIME_ERROR	\N	175	61
762	\N	f	1024	974	1	PASSED	true	176	61
763	\N	f	1024	972	0	FAILED		177	61
764	./Solution.java:25: error: incompatible types: int cannot be converted to boolean\n        return 5;\n               ^\n1 error\n	f	1024	936	\N	RUNTIME_ERROR	\N	178	61
765	\N	f	1024	991	0	FAILED	false	179	61
766	./Solution.java:25: error: ';' expected\n        return true\n                   ^\n1 error\n	f	1024	1101	\N	RUNTIME_ERROR	\N	180	61
767	./Solution.java:25: error: ';' expected\n        return true\n                   ^\n1 error\n	f	1024	905	\N	RUNTIME_ERROR	\N	181	61
768	\N	f	1024	929	1	PASSED	true	182	61
769	\N	f	1024	1067	1	PASSED	true	183	61
770	\N	f	1024	1576	\N	TIME_LIMIT_EXCEEDED	\N	184	65
771	\N	f	1024	929	1	PASSED	6	184	66
772	\N	f	1024	1693	\N	TIME_LIMIT_EXCEEDED	\N	185	65
773	\N	f	1024	1199	1	PASSED	6	185	66
774	\N	f	1024	1439	\N	TIME_LIMIT_EXCEEDED	\N	186	65
775	\N	f	1024	1070	1	PASSED	6	186	66
776	\N	f	1024	1393	1	PASSED	3	187	65
777	\N	f	1024	868	1	PASSED	6	187	66
778	\N	f	1024	779	1	PASSED	[0,1]	188	9
779	\N	f	1024	339	1	PASSED	[1,2]	188	10
780	\N	t	1024	261	1	PASSED	[1,2]	188	11
781	\N	t	1024	248	1	PASSED	[0,1]	188	12
782	\N	f	1024	1829	1	PASSED	3	189	65
783	\N	f	1024	2262	1	PASSED	6	189	66
784	\N	f	1024	503	1	PASSED	[0,1]	190	9
785	\N	f	1024	297	1	PASSED	[1,2]	190	10
786	\N	t	1024	445	1	PASSED	[1,2]	190	11
787	\N	t	1024	328	1	PASSED	[0,1]	190	12
788	\N	f	1024	1315	1	PASSED	[0,1]	191	9
789	\N	f	1024	844	1	PASSED	[1,2]	191	10
790	\N	t	1024	883	1	PASSED	[1,2]	191	11
791	\N	t	1024	880	1	PASSED	[0,1]	191	12
792	\N	f	1024	1068	1	PASSED	[0,1]	192	9
793	\N	f	1024	920	1	PASSED	[1,2]	192	10
794	\N	t	1024	1048	1	PASSED	[1,2]	192	11
795	\N	t	1024	941	1	PASSED	[0,1]	192	12
796	\N	f	1024	1506	1	PASSED	[0,1]	193	9
797	\N	f	1024	472	1	PASSED	[1,2]	193	10
798	\N	t	1024	384	1	PASSED	[1,2]	193	11
799	\N	t	1024	333	1	PASSED	[0,1]	193	12
800	\N	f	1024	373	0	FAILED	[1,1]	194	9
801	\N	f	1024	1292	1	PASSED	[0,1]	195	9
802	\N	f	1024	858	1	PASSED	[1,2]	195	10
803	\N	t	1024	865	1	PASSED	[1,2]	195	11
804	\N	t	1024	879	1	PASSED	[0,1]	195	12
805	\N	f	1024	1062	\N	TIME_LIMIT_EXCEEDED	\N	196	22
806	\N	f	1024	340	1	PASSED	12	196	21
807	\N	f	1024	311	1	PASSED	-15	196	23
808	\N	t	1024	377	1	PASSED	0	196	24
809	\N	t	1024	319	1	PASSED	2000000000	196	25
810	\N	t	1024	306	1	PASSED	-2000000000	196	26
811	\N	f	1024	505	1	PASSED	[0,1]	197	9
812	\N	f	1024	275	1	PASSED	[1,2]	197	10
813	\N	t	1024	236	1	PASSED	[1,2]	197	11
814	\N	t	1024	238	1	PASSED	[0,1]	197	12
815	\N	f	1024	1633	1	PASSED	[0,1]	199	9
816	\N	f	1024	888	1	PASSED	[1,2]	199	10
817	\N	t	1024	975	1	PASSED	[1,2]	199	11
818	\N	t	1024	907	1	PASSED	[0,1]	199	12
819	\N	f	1024	518	1	PASSED	[0,1]	198	9
820	\N	f	1024	407	1	PASSED	[1,2]	198	10
821	\N	t	1024	367	1	PASSED	[1,2]	198	11
822	\N	t	1024	337	1	PASSED	[0,1]	198	12
823	\N	f	1024	1163	1	PASSED	[0,1]	200	9
824	\N	f	1024	1014	1	PASSED	[1,2]	200	10
825	\N	t	1024	1004	1	PASSED	[1,2]	200	11
826	\N	t	1024	957	1	PASSED	[0,1]	200	12
827	\N	f	1024	385	1	PASSED	5	202	22
828	\N	f	1024	358	1	PASSED	12	202	21
829	\N	f	1024	376	1	PASSED	-15	202	23
830	\N	t	1024	308	1	PASSED	0	202	24
831	\N	t	1024	458	1	PASSED	2000000000	202	25
832	\N	t	1024	554	1	PASSED	-2000000000	202	26
833	\N	f	1024	369	1	PASSED	5	201	22
834	\N	f	1024	283	1	PASSED	12	201	21
835	\N	f	1024	264	1	PASSED	-15	201	23
836	\N	t	1024	298	1	PASSED	0	201	24
837	\N	t	1024	278	1	PASSED	2000000000	201	25
838	\N	t	1024	276	1	PASSED	-2000000000	201	26
839	\N	f	1024	319	1	PASSED	5	203	22
840	\N	f	1024	262	1	PASSED	12	203	21
841	\N	f	1024	270	1	PASSED	-15	203	23
842	\N	t	1024	255	1	PASSED	0	203	24
843	\N	t	1024	496	1	PASSED	2000000000	203	25
844	\N	t	1024	331	1	PASSED	-2000000000	203	26
845	\N	f	1024	381	0	FAILED	-3	204	22
846	\N	f	1024	251	0	FAILED	5	204	21
847	\N	f	1024	973	1	PASSED	5	205	22
848	\N	f	1024	812	1	PASSED	12	205	21
849	\N	f	1024	839	1	PASSED	-15	205	23
850	\N	t	1024	835	1	PASSED	0	205	24
851	\N	t	1024	781	1	PASSED	2000000000	205	25
852	\N	t	1024	760	1	PASSED	-2000000000	205	26
853	./Solution.java:25: error: ';' expected\n        return a + b\n                    ^\n1 error\n	f	1024	927	\N	RUNTIME_ERROR	\N	206	22
854	./Solution.java:25: error: ';' expected\n        return a + b\n                    ^\n1 error\n	f	1024	723	\N	RUNTIME_ERROR	\N	206	21
855	./Solution.java:25: error: ';' expected\n        return a + b\n                    ^\n1 error\n	f	1024	756	\N	RUNTIME_ERROR	\N	206	23
856	./Solution.java:25: error: ';' expected\n        return a + b\n                    ^\n1 error\n	t	1024	640	\N	RUNTIME_ERROR	\N	206	24
857	./Solution.java:25: error: ';' expected\n        return a + b\n                    ^\n1 error\n	t	1024	934	\N	RUNTIME_ERROR	\N	206	25
858	./Solution.java:25: error: ';' expected\n        return a + b\n                    ^\n1 error\n	t	1024	875	\N	RUNTIME_ERROR	\N	206	26
859	\N	f	1024	411	1	PASSED	5	207	22
860	\N	f	1024	268	1	PASSED	12	207	21
861	\N	f	1024	247	1	PASSED	-15	207	23
862	\N	t	1024	228	1	PASSED	0	207	24
863	\N	t	1024	248	1	PASSED	2000000000	207	25
864	\N	t	1024	255	1	PASSED	-2000000000	207	26
865	\N	f	1024	710	1	PASSED	5	208	22
866	\N	f	1024	304	1	PASSED	12	208	21
867	\N	f	1024	260	1	PASSED	-15	208	23
868	\N	t	1024	314	1	PASSED	0	208	24
869	\N	t	1024	344	1	PASSED	2000000000	208	25
870	\N	t	1024	403	1	PASSED	-2000000000	208	26
871	\N	f	1024	623	1	PASSED	5	209	22
872	\N	f	1024	278	1	PASSED	12	209	21
873	\N	f	1024	272	1	PASSED	-15	209	23
874	\N	t	1024	241	1	PASSED	0	209	24
875	\N	t	1024	289	1	PASSED	2000000000	209	25
876	\N	t	1024	268	1	PASSED	-2000000000	209	26
877	\N	f	1024	723	1	PASSED	5	210	22
878	\N	f	1024	368	1	PASSED	12	210	21
879	\N	f	1024	341	1	PASSED	-15	210	23
880	\N	t	1024	352	1	PASSED	0	210	24
881	\N	t	1024	358	1	PASSED	2000000000	210	25
882	\N	t	1024	322	1	PASSED	-2000000000	210	26
883	\N	f	1024	465	0	FAILED	-3	211	22
884	\N	f	1024	305	0	FAILED	5	211	21
885	\N	f	1024	3282	\N	TIME_LIMIT_EXCEEDED	\N	212	22
886	\N	f	1024	659	1	PASSED	12	212	21
887	\N	f	1024	492	1	PASSED	-15	212	23
888	\N	t	1024	425	1	PASSED	0	212	24
889	\N	t	1024	449	1	PASSED	2000000000	212	25
890	\N	t	1024	432	1	PASSED	-2000000000	212	26
891	\N	f	1024	610	1	PASSED	5	213	22
892	\N	f	1024	256	1	PASSED	12	213	21
893	\N	f	1024	287	1	PASSED	-15	213	23
894	\N	t	1024	242	1	PASSED	0	213	24
895	\N	t	1024	350	1	PASSED	2000000000	213	25
896	\N	t	1024	309	1	PASSED	-2000000000	213	26
897	\N	f	1024	1262	\N	TIME_LIMIT_EXCEEDED	\N	214	22
898	\N	f	1024	364	1	PASSED	12	214	21
899	\N	f	1024	358	1	PASSED	-15	214	23
900	\N	t	1024	259	1	PASSED	0	214	24
901	\N	t	1024	229	1	PASSED	2000000000	214	25
902	\N	t	1024	256	1	PASSED	-2000000000	214	26
903	Traceback (most recent call last):\n  File "/app/code/Main.py", line 6, in <module>\n    import solution\n  File "/app/code/solution.py", line 4\n    # Write your code here\n                          ^\nIndentationError: expected an indented block\n	f	1024	408	\N	RUNTIME_ERROR	\N	215	22
904	Traceback (most recent call last):\n  File "/app/code/Main.py", line 6, in <module>\n    import solution\n  File "/app/code/solution.py", line 4\n    # Write your code here\n                          ^\nIndentationError: expected an indented block\n	f	1024	299	\N	RUNTIME_ERROR	\N	215	21
905	Traceback (most recent call last):\n  File "/app/code/Main.py", line 6, in <module>\n    import solution\n  File "/app/code/solution.py", line 4\n    # Write your code here\n                          ^\nIndentationError: expected an indented block\n	f	1024	276	\N	RUNTIME_ERROR	\N	215	23
906	Traceback (most recent call last):\n  File "/app/code/Main.py", line 6, in <module>\n    import solution\n  File "/app/code/solution.py", line 4\n    # Write your code here\n                          ^\nIndentationError: expected an indented block\n	t	1024	315	\N	RUNTIME_ERROR	\N	215	24
907	Traceback (most recent call last):\n  File "/app/code/Main.py", line 6, in <module>\n    import solution\n  File "/app/code/solution.py", line 4\n    # Write your code here\n                          ^\nIndentationError: expected an indented block\n	t	1024	230	\N	RUNTIME_ERROR	\N	215	25
908	Traceback (most recent call last):\n  File "/app/code/Main.py", line 6, in <module>\n    import solution\n  File "/app/code/solution.py", line 4\n    # Write your code here\n                          ^\nIndentationError: expected an indented block\n	t	1024	242	\N	RUNTIME_ERROR	\N	215	26
909	\N	f	1024	631	1	PASSED	5	216	22
910	\N	f	1024	644	1	PASSED	12	216	21
911	\N	f	1024	304	1	PASSED	-15	216	23
912	\N	t	1024	327	1	PASSED	0	216	24
913	\N	t	1024	278	1	PASSED	2000000000	216	25
914	\N	t	1024	250	1	PASSED	-2000000000	216	26
915	Traceback (most recent call last):\n  File "/app/code/Main.py", line 6, in <module>\n    import solution\n  File "/app/code/solution.py", line 4\n    # Write your code here\n                          ^\nIndentationError: expected an indented block\n	f	1024	578	\N	RUNTIME_ERROR	\N	217	22
916	Traceback (most recent call last):\n  File "/app/code/Main.py", line 6, in <module>\n    import solution\n  File "/app/code/solution.py", line 4\n    # Write your code here\n                          ^\nIndentationError: expected an indented block\n	f	1024	356	\N	RUNTIME_ERROR	\N	217	21
917	Traceback (most recent call last):\n  File "/app/code/Main.py", line 6, in <module>\n    import solution\n  File "/app/code/solution.py", line 4\n    # Write your code here\n                          ^\nIndentationError: expected an indented block\n	f	1024	295	\N	RUNTIME_ERROR	\N	217	23
918	Traceback (most recent call last):\n  File "/app/code/Main.py", line 6, in <module>\n    import solution\n  File "/app/code/solution.py", line 4\n    # Write your code here\n                          ^\nIndentationError: expected an indented block\n	t	1024	303	\N	RUNTIME_ERROR	\N	217	24
919	Traceback (most recent call last):\n  File "/app/code/Main.py", line 6, in <module>\n    import solution\n  File "/app/code/solution.py", line 4\n    # Write your code here\n                          ^\nIndentationError: expected an indented block\n	t	1024	279	\N	RUNTIME_ERROR	\N	217	25
920	Traceback (most recent call last):\n  File "/app/code/Main.py", line 6, in <module>\n    import solution\n  File "/app/code/solution.py", line 4\n    # Write your code here\n                          ^\nIndentationError: expected an indented block\n	t	1024	286	\N	RUNTIME_ERROR	\N	217	26
921	\N	f	1024	543	1	PASSED	5	218	22
922	\N	f	1024	273	1	PASSED	12	218	21
923	\N	f	1024	257	1	PASSED	-15	218	23
924	\N	t	1024	245	1	PASSED	0	218	24
925	\N	t	1024	252	1	PASSED	2000000000	218	25
926	\N	t	1024	251	1	PASSED	-2000000000	218	26
927	\N	f	1024	570	0	FAILED	-3	219	22
928	\N	f	1024	259	0	FAILED	5	219	21
929	\N	f	1024	731	0	FAILED	-3	220	22
930	\N	f	1024	335	0	FAILED	5	220	21
931	Traceback (most recent call last):\n  File "/app/code/Main.py", line 6, in <module>\n    import solution\n  File "/app/code/solution.py", line 4\n    # Write your code here\n                          ^\nIndentationError: expected an indented block\n	f	1024	1606	\N	RUNTIME_ERROR	\N	221	22
987	\N	t	1024	222	1	PASSED	2000000000	231	25
988	\N	t	1024	280	1	PASSED	-2000000000	231	26
932	Traceback (most recent call last):\n  File "/app/code/Main.py", line 6, in <module>\n    import solution\n  File "/app/code/solution.py", line 4\n    # Write your code here\n                          ^\nIndentationError: expected an indented block\n	f	1024	297	\N	RUNTIME_ERROR	\N	221	21
933	Traceback (most recent call last):\n  File "/app/code/Main.py", line 6, in <module>\n    import solution\n  File "/app/code/solution.py", line 4\n    # Write your code here\n                          ^\nIndentationError: expected an indented block\n	f	1024	299	\N	RUNTIME_ERROR	\N	221	23
934	Traceback (most recent call last):\n  File "/app/code/Main.py", line 6, in <module>\n    import solution\n  File "/app/code/solution.py", line 4\n    # Write your code here\n                          ^\nIndentationError: expected an indented block\n	t	1024	345	\N	RUNTIME_ERROR	\N	221	24
935	Traceback (most recent call last):\n  File "/app/code/Main.py", line 6, in <module>\n    import solution\n  File "/app/code/solution.py", line 4\n    # Write your code here\n                          ^\nIndentationError: expected an indented block\n	t	1024	294	\N	RUNTIME_ERROR	\N	221	25
936	Traceback (most recent call last):\n  File "/app/code/Main.py", line 6, in <module>\n    import solution\n  File "/app/code/solution.py", line 4\n    # Write your code here\n                          ^\nIndentationError: expected an indented block\n	t	1024	351	\N	RUNTIME_ERROR	\N	221	26
937	\N	f	1024	896	1	PASSED	5	222	22
938	\N	f	1024	317	1	PASSED	12	222	21
939	\N	f	1024	251	1	PASSED	-15	222	23
940	\N	t	1024	339	1	PASSED	0	222	24
941	\N	t	1024	297	1	PASSED	2000000000	222	25
942	\N	t	1024	295	1	PASSED	-2000000000	222	26
943	Traceback (most recent call last):\n  File "/app/code/Main.py", line 6, in <module>\n    import solution\n  File "/app/code/solution.py", line 4\n    # Write your code here\n                          ^\nIndentationError: expected an indented block\n	f	1024	523	\N	RUNTIME_ERROR	\N	223	22
944	Traceback (most recent call last):\n  File "/app/code/Main.py", line 6, in <module>\n    import solution\n  File "/app/code/solution.py", line 4\n    # Write your code here\n                          ^\nIndentationError: expected an indented block\n	f	1024	289	\N	RUNTIME_ERROR	\N	223	21
945	Traceback (most recent call last):\n  File "/app/code/Main.py", line 6, in <module>\n    import solution\n  File "/app/code/solution.py", line 4\n    # Write your code here\n                          ^\nIndentationError: expected an indented block\n	f	1024	264	\N	RUNTIME_ERROR	\N	223	23
946	Traceback (most recent call last):\n  File "/app/code/Main.py", line 6, in <module>\n    import solution\n  File "/app/code/solution.py", line 4\n    # Write your code here\n                          ^\nIndentationError: expected an indented block\n	t	1024	291	\N	RUNTIME_ERROR	\N	223	24
947	Traceback (most recent call last):\n  File "/app/code/Main.py", line 6, in <module>\n    import solution\n  File "/app/code/solution.py", line 4\n    # Write your code here\n                          ^\nIndentationError: expected an indented block\n	t	1024	259	\N	RUNTIME_ERROR	\N	223	25
948	Traceback (most recent call last):\n  File "/app/code/Main.py", line 6, in <module>\n    import solution\n  File "/app/code/solution.py", line 4\n    # Write your code here\n                          ^\nIndentationError: expected an indented block\n	t	1024	304	\N	RUNTIME_ERROR	\N	223	26
949	\N	f	1024	1080	\N	TIME_LIMIT_EXCEEDED	\N	224	22
950	\N	f	1024	375	1	PASSED	12	224	21
951	\N	f	1024	269	1	PASSED	-15	224	23
952	\N	t	1024	711	1	PASSED	0	224	24
953	\N	t	1024	364	1	PASSED	2000000000	224	25
954	\N	t	1024	538	1	PASSED	-2000000000	224	26
955	\N	f	1024	522	1	PASSED	5	225	22
956	\N	f	1024	295	1	PASSED	12	225	21
957	\N	f	1024	240	1	PASSED	-15	225	23
958	\N	t	1024	243	1	PASSED	0	225	24
959	\N	t	1024	255	1	PASSED	2000000000	225	25
960	\N	t	1024	237	1	PASSED	-2000000000	225	26
961	\N	f	1024	532	1	PASSED	5	226	22
962	\N	f	1024	294	1	PASSED	12	226	21
963	\N	f	1024	265	1	PASSED	-15	226	23
964	\N	t	1024	234	1	PASSED	0	226	24
965	\N	t	1024	275	1	PASSED	2000000000	226	25
966	\N	t	1024	222	1	PASSED	-2000000000	226	26
967	\N	f	1024	601	1	PASSED	5	227	22
968	\N	f	1024	281	1	PASSED	12	227	21
969	\N	f	1024	302	1	PASSED	-15	227	23
970	\N	t	1024	275	1	PASSED	0	227	24
971	\N	t	1024	259	1	PASSED	2000000000	227	25
972	\N	t	1024	289	1	PASSED	-2000000000	227	26
973	\N	f	1024	623	0	FAILED	-3	228	22
974	\N	f	1024	336	0	FAILED	5	228	21
975	\N	f	1024	512	1	PASSED	5	229	22
976	\N	f	1024	335	1	PASSED	12	229	21
977	\N	f	1024	267	1	PASSED	-15	229	23
978	\N	t	1024	322	1	PASSED	0	229	24
979	\N	t	1024	268	1	PASSED	2000000000	229	25
980	\N	t	1024	285	1	PASSED	-2000000000	229	26
981	\N	f	1024	1126	\N	TIME_LIMIT_EXCEEDED	\N	230	22
982	\N	f	1024	316	0	FAILED	5	230	21
983	\N	f	1024	342	1	PASSED	5	231	22
984	\N	f	1024	231	1	PASSED	12	231	21
985	\N	f	1024	313	1	PASSED	-15	231	23
986	\N	t	1024	241	1	PASSED	0	231	24
989	Failed to parse inputData	f	\N	\N	0	SYSTEM_ERROR	\N	232	109
990	Failed to parse inputData	f	\N	\N	0	SYSTEM_ERROR	\N	232	110
991	Failed to parse inputData	t	\N	\N	0	SYSTEM_ERROR	\N	232	111
992	\N	f	1024	635	1	PASSED	[0,1]	233	109
993	\N	f	1024	261	10	PASSED	[1,2]	233	110
994	\N	t	1024	262	20	PASSED	[0,1]	233	111
\.


--
-- Data for Name: test_cases; Type: TABLE DATA; Schema: public; Owner: postgres
--

COPY public.test_cases (id, comparison_mode, depends_on, description, epsilon, expected_output_data, input_data, input_type, is_example, is_hidden, memory_limit, output_type, test_order, time_limit, weight, problem_id) FROM stdin;
9	EXACT	\N	Test case with positive numbers	\N	{"dataType": "int[]", "expectedOutput": "[0,1]"}	[{"input": "[2,7,11,15]", "dataType": "int[]"}, {"input": "9", "dataType": "int"}]	array,integer	t	f	262144	array	1	2000	1	3
10	EXACT	\N	Test case with different indices	\N	{"dataType": "int[]", "expectedOutput": "[1,2]"}	[{"input": "[3,2,4]", "dataType": "int[]"}, {"input": "6", "dataType": "int"}]	array,integer	t	f	262144	array	2	2000	1	3
11	EXACT	\N	Test case with negative numbers	\N	{"dataType": "int[]", "expectedOutput": "[1,2]"}	[{"input": "[-1,-2,-3,-4]", "dataType": "int[]"}, {"input": "-5", "dataType": "int"}]	array,integer	f	t	262144	array	3	2000	1	3
12	EXACT	\N	Test case with zero sum	\N	{"dataType": "int[]", "expectedOutput": "[0,1]"}	[{"input": "[0,0,1,2]", "dataType": "int[]"}, {"input": "0", "dataType": "int"}]	array,integer	f	t	262144	array	4	2000	1	3
13	EXACT	\N	Test case with spaces and mixed case	\N	{"dataType": "boolean", "expectedOutput": "true"}	[{"input": "A man a plan a canal Panama", "dataType": "string"}]	string	t	f	262144	boolean	1	1000	1	4
14	EXACT	\N	Test case with non-palindrome	\N	{"dataType": "boolean", "expectedOutput": "false"}	[{"input": "race a car", "dataType": "string"}]	string	t	f	262144	boolean	2	1000	1	4
15	EXACT	\N	Test case with empty string	\N	{"dataType": "boolean", "expectedOutput": "true"}	[{"input": "", "dataType": "string"}]	string	f	t	262144	boolean	3	1000	1	4
16	EXACT	\N	Test case with single character	\N	{"dataType": "boolean", "expectedOutput": "true"}	[{"input": "a", "dataType": "string"}]	string	f	t	262144	boolean	4	1000	1	4
22	\N	\N	Test case with positive numbers :3	\N	{"dataType": "int", "expectedOutput": "5"}	[{"input": "-3", "dataType": "int"}, {"input": "8", "dataType": "int"}]	integer	f	f	262144	integer	0	1000	1	6
28	EXACT	\N	test với số cơ bản	\N	{"dataType": "int", "expectedOutput": "4"}	[{"input": "5", "dataType": "int"}, {"input": "1", "dataType": "int"}]	integer	t	f	262144	integer	1	5000	1	7
23	EXACT	\N	Test case with two negative numbers	\N	{"dataType": "int", "expectedOutput": "-15"}	[{"input": "-10", "dataType": "int"}, {"input": "-5", "dataType": "int"}]	integer	t	f	262144	integer	3	5000	1	6
24	EXACT	\N	Test case with zeros	\N	{"dataType": "int", "expectedOutput": "0"}	[{"input": "0", "dataType": "int"}, {"input": "0", "dataType": "int"}]	integer	f	t	262144	integer	4	5000	1	6
25	EXACT	\N	Test case with large numbers	\N	{"dataType": "int", "expectedOutput": "2000000000"}	[{"input": "1000000000", "dataType": "int"}, {"input": "1000000000", "dataType": "int"}]	integer	f	t	262144	integer	5	5000	1	6
26	EXACT	\N	Test case with large negative numbers	\N	{"dataType": "int", "expectedOutput": "-2000000000"}	[{"input": "-1000000000", "dataType": "int"}, {"input": "-1000000000", "dataType": "int"}]	integer	f	t	262144	integer	6	5000	1	6
21	EXACT	\N	Test case with positive numbers :3	\N	{"dataType": "int", "expectedOutput": "12"}	[{"input": "5", "dataType": "int"}, {"input": "7", "dataType": "int"}]	integer	t	f	262144	integer	1	5000	1	6
27	EXACT	\N	Mô tả test case	\N	{"dataType": "int", "expectedOutput": "1"}	[{"input": "5", "dataType": "int"}, {"input": "4", "dataType": "int"}]	\N	f	f	262144	\N	0	5000	1	7
5	\N	\N	\N	\N	{"dataType": "String", "expectedOutput": "olleh"}	[{"input": "hello", "dataType": "String"}]	\N	f	f	262144	\N	0	1000	\N	2
6	\N	\N	\N	\N	{"dataType": "String", "expectedOutput": "ih"}	[{"input": "hi", "dataType": "String"}]	\N	f	f	262144	\N	0	1000	\N	2
7	EXACT	\N	Test case with single character	\N	{"dataType": "String", "expectedOutput": "\\"hello\\""}	[{"input": "a", "dataType": "String"}]	\N	f	t	262144	\N	3	1000	1	2
8	EXACT	\N	Test case with string containing spaces and special characters	\N	{"dataType": "String", "expectedOutput": "!dlroW olleH"}	[{"input": "Hello World!", "dataType": "String"}]	\N	f	t	262144	\N	4	1000	1	2
17	EXACT	\N	Test case with distinct numbers	\N	{"dataType": "int", "expectedOutput": "4"}	[{"input": "[1,2,3,4,5]", "dataType": "int[]"}]	\N	t	f	262144	\N	1	5000	1	5
18	EXACT	\N	Test case with all same numbers	\N	{"dataType": "int", "expectedOutput": "5"}	[{"input": "[5,5,5]", "dataType": "int[]"}]	\N	t	f	262144	\N	2	5000	1	5
19	EXACT	\N	Test case with single element	\N	{"dataType": "int", "expectedOutput": "1"}	[{"input": "[1]", "dataType": "int[]"}]	\N	f	t	262144	\N	3	5000	1	5
20	EXACT	\N	Test case with large numbers	\N	{"dataType": "int", "expectedOutput": "0"}	[{"input": "[-1000000000,0,1000000000]", "dataType": "int[]"}]	\N	f	t	262144	\N	4	5000	1	5
1	EXACT	\N	Test case with positive numbers	\N	{"dataType": "int", "expectedOutput": "5"}	[{"input": "[1,2,3,4,5]", "dataType": "int[]"}]	\N	t	f	262144	\N	1	5000	1	1
2	EXACT	\N	Test case with negative numbers	\N	{"dataType": "int", "expectedOutput": "-1"}	[{"input": "[-1,-2,-3,-4]", "dataType": "int[]"}]	\N	t	f	262144	\N	2	5000	1	1
3	EXACT	\N	Test case with single element	\N	{"dataType": "int", "expectedOutput": "0"}	[{"input": "[0]", "dataType": "int[]"}]	\N	f	t	262144	\N	3	5000	1	1
4	EXACT	\N	Test case with large numbers	\N	{"dataType": "int", "expectedOutput": "1000000000"}	[{"input": "[1000000000,-1000000000,0]", "dataType": "int[]"}]	\N	f	t	262144	\N	4	5000	1	1
44	EXACT	\N	Test case with empty string	\N	{"dataType": "string", "expectedOutput": ""}	[{"input": "", "dataType": "string"}]	string	t	f	262144	string	2	1000	1	14
45	EXACT	\N	Test case with single character	\N	{"dataType": "string", "expectedOutput": "a"}	[{"input": "a", "dataType": "string"}]	string	t	f	262144	string	3	1000	1	14
46	EXACT	\N	Test case with numeric string	\N	{"dataType": "string", "expectedOutput": "54321"}	[{"input": "12345", "dataType": "string"}]	string	f	t	262144	string	4	1000	1	14
47	EXACT	\N	Test case with mixed characters	\N	{"dataType": "string", "expectedOutput": "#@!321cba"}	[{"input": "abc123!@#", "dataType": "string"}]	string	f	t	262144	string	5	1000	1	14
48	EXACT	\N	Test case with long string of 100000 'a' characters (represented as 'aaaaaa' for brevity)	\N	{"dataType": "string", "expectedOutput": "aaaaaa"}	[{"input": "aaaaaa", "dataType": "string"}]	string	f	t	262144	string	6	1000	1	14
43	EXACT	\N	Test case with a simple string	\N	{"dataType": "string", "expectedOutput": "olleh"}	[{"input": "hello", "dataType": "string"}]	\N	t	f	262144	\N	1	5000	1	14
49	EXACT	\N	fasdfasd	\N	{"dataType": "int", "expectedOutput": "4"}	[{"input": "[1,2,3,4,5]", "dataType": "int[]"}]	array	t	f	262144	integer	1	1000	1	15
50	EXACT	\N	Test with distinct numbers	\N	{"dataType": "int", "expectedOutput": "4"}	[{"input": "[1,2,3,4,5]", "dataType": "int[]"}]	array	t	f	262144	integer	1	1000	1	16
61	EXACT	\N	ggfsgfsdg	\N	{"dataType": "boolean", "expectedOutput": "true"}	[{"input": "[1,2,3,2,1]", "dataType": "int[]"}]	int[]	t	f	262144	boolean	1	5000	1	22
51	EXACT	\N	test với mảng có số chẵn	\N	{"dataType": "int", "expectedOutput": "6"}	[{"input": "[1,2,3,4,5]", "dataType": "int[]"}]	\N	f	f	262144	\N	0	5000	1	17
52	EXACT	\N	test với mảng không có số chẵn	\N	{"dataType": "int", "expectedOutput": "0"}	[{"input": "[1,3,5]", "dataType": "int[]"}]	\N	f	t	262144	\N	2	5000	1	17
53	\N	\N	\N	\N	{"dataType": "int", "expectedOutput": "15"}	[{"input": "[1,2,3,4,5]", "dataType": "int[]"}]	\N	f	f	262144	\N	0	1000	\N	18
54	EXACT	\N	Test case with single element	\N	{"dataType": "int", "expectedOutput": "6"}	[{"input": "[-2,1,-3,4,-1,2,1,-5,4]", "dataType": "int[]"}]	\N	t	f	262144	\N	2	2000	1	18
55	EXACT	\N	Test case with all negative numbers	\N	{"dataType": "int", "expectedOutput": "1"}	[{"input": "[1]", "dataType": "int[]"}]	\N	f	t	262144	\N	3	2000	1	18
56	EXACT	\N	Test case with all positive numbers	\N	{"dataType": "int", "expectedOutput": "23"}	[{"input": "[5,4,-1,7,8]", "dataType": "int[]"}]	\N	f	t	262144	\N	4	5000	1	18
57	EXACT	\N	Test với mảng đối xứng	\N	{"dataType": "int", "expectedOutput": "4"}	[{"input": "[1,2,3,4,5]", "dataType": "int[]"}]	array	t	f	262144	integer	1	5000	1	19
58	EXACT	\N	Test with distinct numbers	\N	{"dataType": "int", "expectedOutput": "4"}	[{"input": "[1,2,3,4,5]", "dataType": "int[]"}]	array	t	f	262144	integer	2	1000	1	19
59	EXACT	\N	Test với mảng đối xứng	\N	{"dataType": "int", "expectedOutput": "4"}	[{"input": "[1,2,3,4,5]", "dataType": "int[]"}]	array	t	f	262144	integer	1	5000	1	20
60	EXACT	\N	Test với mảng đối xứng	\N	{"dataType": "int", "expectedOutput": "4"}	[{"input": "[1,2,3,4,5]", "dataType": "int[]"}]	array	t	f	262144	integer	1	5000	1	21
69	EXACT	\N	gsvdh	\N	{"dataType": "int", "expectedOutput": "3"}	[{"input": "[3,10,2,1,20]", "dataType": "int[]"}]	int[]	t	f	262144	int	1	1000	1	28
62	\N	\N	\N	\N	{"dataType": "long", "expectedOutput": "đfadsfd"}	[{"input": "[1,2,3,2,1,3]", "dataType": "int[]"}]	\N	f	f	262144	\N	0	1000	\N	23
63	EXACT	\N	fgsfdgd	\N	{"dataType": "int", "expectedOutput": "4"}	[{"input": "2", "dataType": "int"}, {"input": "2", "dataType": "int"}]	int	f	f	262144	int	1	5000	1	24
64	EXACT	\N	fasfdsfdaf	\N	{"dataType": "boolean", "expectedOutput": "gfgdfzgzfdfg"}	[{"input": "gfzdbzdgdf", "dataType": "int[]"}]	int[]	f	f	262144	boolean	1	5000	1	25
66	EXACT	\N	Test with distinct numbers	\N	{"dataType": "int", "expectedOutput": "6"}	[{"input": "[10,22,9,33,21,50,41,60,80]", "dataType": "int[]"}]	int[]	f	f	262144	int	2	5000	1	26
70	EXACT	\N	hvsfg	\N	{"dataType": "int", "expectedOutput": "6"}	[{"input": "[10,22,9,33,21,50,41,60,80]", "dataType": "int[]"}]	int[]	f	f	262144	int	2	1000	1	28
71	EXACT	\N	fasdfd	\N	{"dataType": "int", "expectedOutput": "3"}	[{"input": "[3,10,2,1,20]", "dataType": "int[]"}]	int[]	f	f	262144	int	1	1000	1	29
65	EXACT	\N	tesst	\N	{"dataType": "int", "expectedOutput": "3"}	[{"input": "[3,10,2,1,20]", "dataType": "int[]"}]	\N	f	f	262144	\N	1	5000	1	26
67	EXACT	\N	hgdshgd	\N	{"dataType": "int", "expectedOutput": "3"}	[{"input": "[3,10,2,1,20]", "dataType": "int[]"}]	\N	t	f	262144	\N	1	5000	1	27
68	EXACT	\N	hgshfgf	\N	{"dataType": "int", "expectedOutput": "6"}	[{"input": "[10,22,9,33,21,50,41,60,80]", "dataType": "int[]"}]	\N	f	f	262144	\N	2	5000	1	27
72	EXACT	\N	ghfd	\N	{"dataType": "int", "expectedOutput": "42"}	[{"input": "[10,22,9,33,21,50,41,60,80]", "dataType": "int[]"}]	\N	t	f	262144	\N	0	5000	1	29
73	EXACT	\N	fdafasf	\N	{"dataType": "int[]", "expectedOutput": "fadfa"}	[{"input": "adsfsadf", "dataType": "int[]"}]	int[]	f	f	262144	int[]	1	1000	1	30
75	EXACT	\N	Mảng số âm	\N	{"dataType": "int", "expectedOutput": "-1"}	[{"input": "[-1,-5,-3]", "dataType": "array"}]	array	t	f	262144	int	2	1000	1	34
76	EXACT	\N	Mảng 1 phần tử	\N	{"dataType": "int", "expectedOutput": "42"}	[{"input": "[42]", "dataType": "array"}]	array	f	t	262144	int	3	1000	1	34
77	EXACT	\N	Mảng số lớn	\N	{"dataType": "int", "expectedOutput": "300"}	[{"input": "[100,200,50,300,150]", "dataType": "array"}]	array	f	t	262144	int	4	1000	1	34
74	\N	\N	\N	\N	{"dataType": "int", "expectedOutput": "9"}	[{"input": "[1,5,3,9,2]", "dataType": "int[]"}]	\N	f	f	262144	\N	0	1000	\N	34
78	EXACT	\N	Mảng toàn số 0	\N	{"dataType": "int", "expectedOutput": "0"}	[{"input": "[0,0,0]", "dataType": "array"}]	array	f	t	262144	int	5	1000	1	34
79	EXACT	\N	Mảng hỗn hợp	\N	{"dataType": "int", "expectedOutput": "75"}	[{"input": "[-100,50,-200,75]", "dataType": "array"}]	array	f	t	262144	int	6	1000	1	34
80	EXACT	\N	Dãy tăng dần	\N	{"dataType": "int", "expectedOutput": "10"}	[{"input": "[1,2,3,4,5,6,7,8,9,10]", "dataType": "array"}]	array	f	t	262144	int	7	1000	1	34
81	EXACT	\N	Dãy giảm dần	\N	{"dataType": "int", "expectedOutput": "10"}	[{"input": "[10,9,8,7,6,5,4,3,2,1]", "dataType": "array"}]	array	f	t	262144	int	8	1000	1	34
82	EXACT	\N	Mảng số dương	\N	{"dataType": "int", "expectedOutput": "9"}	[{"input": "[1,5,3,9,2]", "dataType": "array"}]	array	t	f	262144	int	1	1000	1	35
83	EXACT	\N	Mảng số âm	\N	{"dataType": "int", "expectedOutput": "-1"}	[{"input": "[-1,-5,-3]", "dataType": "array"}]	array	t	f	262144	int	2	1000	1	35
84	EXACT	\N	Mảng 1 phần tử	\N	{"dataType": "int", "expectedOutput": "42"}	[{"input": "[42]", "dataType": "array"}]	array	f	t	262144	int	3	1000	1	35
85	EXACT	\N	Mảng số lớn	\N	{"dataType": "int", "expectedOutput": "300"}	[{"input": "[100,200,50,300,150]", "dataType": "array"}]	array	f	t	262144	int	4	1000	1	35
86	EXACT	\N	Mảng toàn số 0	\N	{"dataType": "int", "expectedOutput": "0"}	[{"input": "[0,0,0]", "dataType": "array"}]	array	f	t	262144	int	5	1000	1	35
87	EXACT	\N	Mảng hỗn hợp	\N	{"dataType": "int", "expectedOutput": "75"}	[{"input": "[-100,50,-200,75]", "dataType": "array"}]	array	f	t	262144	int	6	1000	1	35
88	EXACT	\N	Dãy tăng dần	\N	{"dataType": "int", "expectedOutput": "10"}	[{"input": "[1,2,3,4,5,6,7,8,9,10]", "dataType": "array"}]	array	f	t	262144	int	7	1000	1	35
89	EXACT	\N	Dãy giảm dần	\N	{"dataType": "int", "expectedOutput": "10"}	[{"input": "[10,9,8,7,6,5,4,3,2,1]", "dataType": "array"}]	array	f	t	262144	int	8	1000	1	35
94	EXACT	\N	Mảng số âm	\N	{"dataType": "int", "expectedOutput": "-6"}	[{"input": "[-1,-2,-3]", "dataType": "array"}]	array	f	t	262144	int	5	1000	1	36
95	EXACT	\N	Số lớn	\N	{"dataType": "int", "expectedOutput": "3000000"}	[{"input": "[1000000,2000000]", "dataType": "array"}]	array	f	t	262144	int	6	1000	1	36
96	EXACT	\N	Mảng toàn số 0	\N	{"dataType": "int", "expectedOutput": "0"}	[{"input": "[0,0,0,0]", "dataType": "array"}]	array	f	t	262144	int	7	1000	1	36
97	EXACT	\N	Mảng 10 phần tử	\N	{"dataType": "int", "expectedOutput": "55"}	[{"input": "[1,2,3,4,5,6,7,8,9,10]", "dataType": "array"}]	array	f	t	262144	int	8	1000	1	36
90	EXACT	\N	Tổng mảng 3 phần tử	\N	{"dataType": "int", "expectedOutput": "6"}	[{"input": "[1,2,3]", "dataType": "int[]"}]	\N	t	f	262144	\N	1	1000	1	36
91	EXACT	\N	Tổng mảng 4 phần tử	\N	{"dataType": "int", "expectedOutput": "50"}	[{"input": "[5,10,15,20]", "dataType": "int[]"}]	\N	t	f	262144	\N	2	1000	1	36
92	EXACT	\N	Mảng rỗng	\N	{"dataType": "int", "expectedOutput": "0"}	[{"input": "[]", "dataType": "int[]"}]	\N	f	t	262144	\N	3	1000	1	36
93	EXACT	\N	Mảng 1 phần tử	\N	{"dataType": "int", "expectedOutput": "100"}	[{"input": "[100]", "dataType": "int[]"}]	\N	f	t	262144	\N	4	1000	1	36
98	EXACT	\N	Tổng mảng 3 phần tử	\N	{"dataType": "int", "expectedOutput": "6"}	[{"input": "[1,2,3]", "dataType": "array"}]	array	t	f	262144	int	1	5000	1	37
99	EXACT	\N	Tổng mảng 4 phần tử	\N	{"dataType": "int", "expectedOutput": "50"}	[{"input": "[5,10,15,20]", "dataType": "array"}]	array	t	f	262144	int	2	5000	1	37
100	EXACT	\N	Mảng rỗng	\N	{"dataType": "int", "expectedOutput": "0"}	[{"input": "[]", "dataType": "array"}]	array	f	t	262144	int	3	5000	1	37
101	EXACT	\N	Mảng 1 phần tử	\N	{"dataType": "int", "expectedOutput": "100"}	[{"input": "[100]", "dataType": "array"}]	array	f	t	262144	int	4	5000	1	37
102	EXACT	\N	Mảng số âm	\N	{"dataType": "int", "expectedOutput": "-6"}	[{"input": "[-1,-2,-3]", "dataType": "array"}]	array	f	t	262144	int	5	5000	1	37
103	EXACT	\N	Số lớn	\N	{"dataType": "int", "expectedOutput": "3000000"}	[{"input": "[1000000,2000000]", "dataType": "array"}]	array	f	t	262144	int	6	5000	1	37
104	EXACT	\N	Mảng toàn số 0	\N	{"dataType": "int", "expectedOutput": "0"}	[{"input": "[0,0,0,0]", "dataType": "array"}]	array	f	t	262144	int	7	5000	1	37
105	EXACT	\N	Mảng 10 phần tử	\N	{"dataType": "int", "expectedOutput": "55"}	[{"input": "[1,2,3,4,5,6,7,8,9,10]", "dataType": "array"}]	array	f	t	262144	int	8	5000	1	37
106	\N	\N	Example 1: nums = [2,7,11,15], target = 9	\N	{"dataType": "int[]", "expectedOutput": "[0,1]"}	[{"input": "[2,7,11,15]", "dataType": "int[]"}, {"input": 9, "dataType": "int"}]	\N	t	f	262144	\N	1	\N	10	39
108	\N	\N	Hidden test case: duplicate numbers	\N	{"dataType": "int[]", "expectedOutput": "[0,1]"}	[{"input": "[3,3]", "dataType": "int[]"}, {"input": 6, "dataType": "int"}]	\N	f	t	262144	\N	3	\N	20	39
107	\N	\N	Example 2: nums = [3,2,4], target = 6	\N	{"dataType": "int[]", "expectedOutput": "[1,2]"}	[{"input": "[3,2,4]", "dataType": "int[]"}, {"input": 6, "dataType": "int"}]	\N	t	f	262144	\N	2	\N	10	39
111	EXACT	\N	Hidden test case: duplicate numbers	\N	{"dataType": "int[]", "expectedOutput": "[0,1]"}	[{"input": "[3,3]", "dataType": "int[]"}, {"input": "6", "dataType": "int"}]	\N	f	t	262144	\N	3	5000	20	40
137	\N	\N	Example 2: nums = [1,2,3,4]	\N	{"dataType": "boolean", "expectedOutput": "false"}	[{"input": "[1,2,3,4]", "dataType": "int[]"}]	\N	t	f	262144	\N	2	\N	15	47
114	\N	\N	Example 3: s = "pwwkew"	\N	{"dataType": "int", "expectedOutput": "3"}	[{"input": "pwwkew", "dataType": "String"}]	\N	t	f	262144	\N	3	\N	15	41
119	\N	\N	Hidden test case: wrong order	\N	{"dataType": "boolean", "expectedOutput": "false"}	[{"input": "([)]", "dataType": "String"}]	\N	f	t	262144	\N	4	\N	20	42
113	\N	\N	Example 2: s = "bbbbb"	\N	{"dataType": "int", "expectedOutput": "1"}	[{"input": "bbbbb", "dataType": "String"}]	\N	t	f	262144	\N	2	\N	15	41
138	\N	\N	Example 3: nums = [1,1,1,3,3,4,3,2,4,2]	\N	{"dataType": "boolean", "expectedOutput": "true"}	[{"input": "[1,1,1,3,3,4,3,2,4,2]", "dataType": "int[]"}]	\N	t	f	262144	\N	3	\N	15	47
124	\N	\N	Example 1: x = 121	\N	{"dataType": "boolean", "expectedOutput": "true"}	[{"input": "121", "dataType": "int"}]	\N	t	f	262144	\N	1	\N	15	44
132	\N	\N	Example 1: prices = [7,1,5,3,6,4]	\N	{"dataType": "int", "expectedOutput": "5"}	[{"input": "[7,1,5,3,6,4]", "dataType": "int[]"}]	\N	t	f	262144	\N	1	\N	20	46
134	\N	\N	Simple case: two elements	\N	{"dataType": "int", "expectedOutput": "1"}	[{"input": "[1,2]", "dataType": "int[]"}]	\N	f	t	262144	\N	3	\N	15	46
118	\N	\N	Example 3: s = "(]"	\N	{"dataType": "boolean", "expectedOutput": "false"}	[{"input": "(]", "dataType": "String"}]	\N	t	f	262144	\N	3	\N	10	42
136	\N	\N	Example 1: nums = [1,2,3,1]	\N	{"dataType": "boolean", "expectedOutput": "true"}	[{"input": "[1,2,3,1]", "dataType": "int[]"}]	\N	t	f	262144	\N	1	\N	15	47
135	\N	\N	Complex case with multiple peaks	\N	{"dataType": "int", "expectedOutput": "2"}	[{"input": "[2,1,2,1,0,1,2]", "dataType": "int[]"}]	\N	f	t	262144	\N	4	\N	25	46
123	\N	\N	Edge case: single negative number	\N	{"dataType": "int", "expectedOutput": "-1"}	[{"input": "[-1]", "dataType": "int[]"}]	\N	f	t	262144	\N	4	\N	25	43
109	EXACT	\N	hihi	\N	{"dataType": "int[]", "expectedOutput": "[0,1]"}	[{"input": "[2,7,11,15]", "dataType": "int[]"}, {"input": "9", "dataType": "int"}]	\N	f	f	262144	\N	0	5000	1	40
126	\N	\N	Example 3: x = 10	\N	{"dataType": "boolean", "expectedOutput": "false"}	[{"input": "10", "dataType": "int"}]	\N	t	f	262144	\N	3	\N	15	44
129	\N	\N	Example 2: x = -123	\N	{"dataType": "int", "expectedOutput": "-321"}	[{"input": "-123", "dataType": "int"}]	\N	t	f	262144	\N	2	\N	15	45
128	\N	\N	Example 1: x = 123	\N	{"dataType": "int", "expectedOutput": "321"}	[{"input": "123", "dataType": "int"}]	\N	t	f	262144	\N	1	\N	15	45
131	\N	\N	Overflow case	\N	{"dataType": "int", "expectedOutput": "0"}	[{"input": "1534236469", "dataType": "int"}]	\N	f	t	262144	\N	4	\N	25	45
112	\N	\N	Example 1: s = "abcabcbb"	\N	{"dataType": "int", "expectedOutput": "3"}	[{"input": "abcabcbb", "dataType": "String"}]	\N	t	f	262144	\N	1	\N	15	41
122	\N	\N	Example 3: nums = [5,4,-1,7,8]	\N	{"dataType": "int", "expectedOutput": "23"}	[{"input": "[5,4,-1,7,8]", "dataType": "int[]"}]	\N	t	f	262144	\N	3	\N	15	43
110	EXACT	\N	Example 2: nums = [3,2,4], target = 6	\N	{"dataType": "int[]", "expectedOutput": "[1,2]"}	[{"input": "[3,2,4]", "dataType": "int[]"}, {"input": "6", "dataType": "int"}]	\N	t	f	262144	\N	2	5000	10	40
130	\N	\N	Example 3: x = 120	\N	{"dataType": "int", "expectedOutput": "21"}	[{"input": "120", "dataType": "int"}]	\N	t	f	262144	\N	3	\N	15	45
116	\N	\N	Example 1: s = "()"	\N	{"dataType": "boolean", "expectedOutput": "true"}	[{"input": "()", "dataType": "String"}]	\N	t	f	262144	\N	1	\N	10	42
127	\N	\N	Edge case: x = 0	\N	{"dataType": "boolean", "expectedOutput": "true"}	[{"input": "0", "dataType": "int"}]	\N	f	t	262144	\N	4	\N	25	44
115	\N	\N	Edge case: empty string	\N	{"dataType": "int", "expectedOutput": "0"}	[{"input": "", "dataType": "String"}]	\N	f	t	262144	\N	4	\N	25	41
139	\N	\N	Edge case: single element	\N	{"dataType": "boolean", "expectedOutput": "false"}	[{"input": "[1]", "dataType": "int[]"}]	\N	f	t	\N	\N	4	\N	25	47
117	\N	\N	Example 2: s = "()[]{}"	\N	{"dataType": "boolean", "expectedOutput": "true"}	[{"input": "()[]{}", "dataType": "String"}]	\N	t	f	262144	\N	2	\N	10	42
120	\N	\N	Example 1: nums = [-2,1,-3,4,-1,2,1,-5,4]	\N	{"dataType": "int", "expectedOutput": "6"}	[{"input": "[-2,1,-3,4,-1,2,1,-5,4]", "dataType": "int[]"}]	\N	t	f	262144	\N	1	\N	20	43
121	\N	\N	Example 2: nums = [1]	\N	{"dataType": "int", "expectedOutput": "1"}	[{"input": "[1]", "dataType": "int[]"}]	\N	t	f	262144	\N	2	\N	15	43
125	\N	\N	Example 2: x = -121	\N	{"dataType": "boolean", "expectedOutput": "false"}	[{"input": "-121", "dataType": "int"}]	\N	t	f	262144	\N	2	\N	15	44
133	\N	\N	Example 2: prices = [7,6,4,3,1]	\N	{"dataType": "int", "expectedOutput": "0"}	[{"input": "[7,6,4,3,1]", "dataType": "int[]"}]	\N	t	f	262144	\N	2	\N	20	46
\.


--
-- Data for Name: user_activity_data; Type: TABLE DATA; Schema: public; Owner: postgres
--

COPY public.user_activity_data (id, activity_sequence, activity_type, additional_metadata, created_at, difficulty_level, programming_language, session_id, session_start_time, submission_id, time_spent_seconds, was_successful, problem_id, user_id) FROM stdin;
\.


--
-- Data for Name: user_solved_problems; Type: TABLE DATA; Schema: public; Owner: postgres
--

COPY public.user_solved_problems (id, solved_at, problem_id, user_id) FROM stdin;
1	2025-05-22 05:25:25.797726	6	14
2	2025-05-23 08:36:47.586627	6	1
3	2025-05-26 12:33:49.233697	2	13
4	2025-05-26 12:49:29.786511	14	1
5	2025-05-26 15:46:28.310889	6	16
6	2025-05-26 15:47:27.104425	14	16
7	2025-05-26 15:48:35.181329	14	15
8	2025-05-28 22:16:32.139467	5	15
9	2025-05-28 22:21:37.980323	6	15
10	2025-05-29 20:07:17.072426	1	16
11	2025-05-29 20:13:57.638537	1	15
12	2025-05-29 20:53:38.331734	3	15
13	2025-05-29 21:04:31.290471	4	15
14	2025-05-29 21:18:17.794293	17	15
15	2025-05-30 07:40:47.401249	1	1
16	2025-05-30 08:42:37.595242	6	17
17	2025-06-03 07:32:10.048821	17	1
18	2025-06-03 08:11:58.787917	18	1
19	2025-06-03 08:18:09.327403	3	1
20	2025-06-03 08:20:37.164937	4	1
21	2025-06-04 09:31:33.619864	22	1
22	2025-06-04 09:50:46.86904	22	15
23	2025-06-05 10:58:36.546563	26	1
24	2025-06-06 06:37:59.160508	3	16
25	2025-06-18 13:44:06.271297	40	1
\.


--
-- Data for Name: users; Type: TABLE DATA; Schema: public; Owner: postgres
--

COPY public.users (id, created_at, email, password, role, username) FROM stdin;
13	2025-05-21 09:23:11.247263	hihi@hihi.hihi	$2a$10$FtFOBJ9b731PJdtnLzKo2.eD3TEr3RjOnxI60mZE6PWeQGaJJEdAW	INSTRUCTOR	hihihihi
14	2025-05-22 05:21:23.653751	in@in.in	$2a$10$fLaXA0QYJs/uDPmYAuoGYeN5gIlkUCXPBKa3VN0QOy2.0QVYo5E76	INSTRUCTOR	instructor
18	2025-05-26 12:20:14.366736	t@t.tfff	$2a$10$2JIF/0KEZKZfuPyDYnPxmem/lTbGegI5.oOwBauJdQ.tqZHDy6lgm	ADMIN	abcddfadf
1	2025-05-21 06:47:38.495787	test@testtt.com	$2a$10$qBzZ5ysA/Bl2bdTJhU3Ms.i8mScIZhYOlH19q2wRyt2QzkbkAxjHi	ADMIN	nhatnguyen
15	2025-05-23 05:58:22.327581	hi@hi.hi	$2a$10$fNZ3O1aTJ6RSKbxs2u02AuQqpM2qRCBA9ib/WBYVB13BvrUoQtILO	USER	hihi
16	2025-05-25 08:48:25.360002	test@test.j	$2a$10$hD1YUdppEGVYaZ7hejad5ufD7ZjeYuhC716OVo0LUXNtbS01akr..	USER	abc
17	2025-05-25 08:48:48.990471	test@test.jjsfd	$2a$10$gvTP9hfOfB1YoLYA45R.KObKmvOy6mDxziIC6jTWe7xDQ9yub.pq6	USER	abcd
\.


--
-- Name: contest_registrations_id_seq; Type: SEQUENCE SET; Schema: public; Owner: postgres
--

SELECT pg_catalog.setval('public.contest_registrations_id_seq', 37, true);


--
-- Name: contests_id_seq; Type: SEQUENCE SET; Schema: public; Owner: postgres
--

SELECT pg_catalog.setval('public.contests_id_seq', 19, true);


--
-- Name: problem_translations_id_seq; Type: SEQUENCE SET; Schema: public; Owner: postgres
--

SELECT pg_catalog.setval('public.problem_translations_id_seq', 8, true);


--
-- Name: problems_id_seq; Type: SEQUENCE SET; Schema: public; Owner: postgres
--

SELECT pg_catalog.setval('public.problems_id_seq', 47, true);


--
-- Name: submissions_id_seq; Type: SEQUENCE SET; Schema: public; Owner: postgres
--

SELECT pg_catalog.setval('public.submissions_id_seq', 233, true);


--
-- Name: test_case_results_id_seq; Type: SEQUENCE SET; Schema: public; Owner: postgres
--

SELECT pg_catalog.setval('public.test_case_results_id_seq', 994, true);


--
-- Name: test_cases_id_seq; Type: SEQUENCE SET; Schema: public; Owner: postgres
--

SELECT pg_catalog.setval('public.test_cases_id_seq', 139, true);


--
-- Name: user_activity_data_id_seq; Type: SEQUENCE SET; Schema: public; Owner: postgres
--

SELECT pg_catalog.setval('public.user_activity_data_id_seq', 1, false);


--
-- Name: user_solved_problems_id_seq; Type: SEQUENCE SET; Schema: public; Owner: postgres
--

SELECT pg_catalog.setval('public.user_solved_problems_id_seq', 25, true);


--
-- Name: users_id_seq; Type: SEQUENCE SET; Schema: public; Owner: postgres
--

SELECT pg_catalog.setval('public.users_id_seq', 18, true);


--
-- Name: contest_registrations contest_registrations_pkey; Type: CONSTRAINT; Schema: public; Owner: postgres
--

ALTER TABLE ONLY public.contest_registrations
    ADD CONSTRAINT contest_registrations_pkey PRIMARY KEY (id);


--
-- Name: contests contests_pkey; Type: CONSTRAINT; Schema: public; Owner: postgres
--

ALTER TABLE ONLY public.contests
    ADD CONSTRAINT contests_pkey PRIMARY KEY (id);


--
-- Name: problem_function_signatures problem_function_signatures_pkey; Type: CONSTRAINT; Schema: public; Owner: postgres
--

ALTER TABLE ONLY public.problem_function_signatures
    ADD CONSTRAINT problem_function_signatures_pkey PRIMARY KEY (problem_id, language);


--
-- Name: problem_supported_languages problem_supported_languages_pkey; Type: CONSTRAINT; Schema: public; Owner: postgres
--

ALTER TABLE ONLY public.problem_supported_languages
    ADD CONSTRAINT problem_supported_languages_pkey PRIMARY KEY (problem_id, language);


--
-- Name: problem_translations problem_translations_pkey; Type: CONSTRAINT; Schema: public; Owner: postgres
--

ALTER TABLE ONLY public.problem_translations
    ADD CONSTRAINT problem_translations_pkey PRIMARY KEY (id);


--
-- Name: problem_translations problem_translations_problem_id_language_key; Type: CONSTRAINT; Schema: public; Owner: postgres
--

ALTER TABLE ONLY public.problem_translations
    ADD CONSTRAINT problem_translations_problem_id_language_key UNIQUE (problem_id, language);


--
-- Name: problems problems_pkey; Type: CONSTRAINT; Schema: public; Owner: postgres
--

ALTER TABLE ONLY public.problems
    ADD CONSTRAINT problems_pkey PRIMARY KEY (id);


--
-- Name: submissions submissions_pkey; Type: CONSTRAINT; Schema: public; Owner: postgres
--

ALTER TABLE ONLY public.submissions
    ADD CONSTRAINT submissions_pkey PRIMARY KEY (id);


--
-- Name: test_case_results test_case_results_pkey; Type: CONSTRAINT; Schema: public; Owner: postgres
--

ALTER TABLE ONLY public.test_case_results
    ADD CONSTRAINT test_case_results_pkey PRIMARY KEY (id);


--
-- Name: test_cases test_cases_pkey; Type: CONSTRAINT; Schema: public; Owner: postgres
--

ALTER TABLE ONLY public.test_cases
    ADD CONSTRAINT test_cases_pkey PRIMARY KEY (id);


--
-- Name: users uk6dotkott2kjsp8vw4d0m25fb7; Type: CONSTRAINT; Schema: public; Owner: postgres
--

ALTER TABLE ONLY public.users
    ADD CONSTRAINT uk6dotkott2kjsp8vw4d0m25fb7 UNIQUE (email);


--
-- Name: users ukr43af9ap4edm43mmtq01oddj6; Type: CONSTRAINT; Schema: public; Owner: postgres
--

ALTER TABLE ONLY public.users
    ADD CONSTRAINT ukr43af9ap4edm43mmtq01oddj6 UNIQUE (username);


--
-- Name: user_activity_data user_activity_data_pkey; Type: CONSTRAINT; Schema: public; Owner: postgres
--

ALTER TABLE ONLY public.user_activity_data
    ADD CONSTRAINT user_activity_data_pkey PRIMARY KEY (id);


--
-- Name: user_solved_problems user_solved_problems_pkey; Type: CONSTRAINT; Schema: public; Owner: postgres
--

ALTER TABLE ONLY public.user_solved_problems
    ADD CONSTRAINT user_solved_problems_pkey PRIMARY KEY (id);


--
-- Name: users users_pkey; Type: CONSTRAINT; Schema: public; Owner: postgres
--

ALTER TABLE ONLY public.users
    ADD CONSTRAINT users_pkey PRIMARY KEY (id);


--
-- Name: idx_activity_created_at; Type: INDEX; Schema: public; Owner: postgres
--

CREATE INDEX idx_activity_created_at ON public.user_activity_data USING btree (created_at);


--
-- Name: idx_activity_problem_id; Type: INDEX; Schema: public; Owner: postgres
--

CREATE INDEX idx_activity_problem_id ON public.user_activity_data USING btree (problem_id);


--
-- Name: idx_activity_session_id; Type: INDEX; Schema: public; Owner: postgres
--

CREATE INDEX idx_activity_session_id ON public.user_activity_data USING btree (session_id);


--
-- Name: idx_activity_type; Type: INDEX; Schema: public; Owner: postgres
--

CREATE INDEX idx_activity_type ON public.user_activity_data USING btree (activity_type);


--
-- Name: idx_activity_user_id; Type: INDEX; Schema: public; Owner: postgres
--

CREATE INDEX idx_activity_user_id ON public.user_activity_data USING btree (user_id);


--
-- Name: idx_problem_translations_problem_lang; Type: INDEX; Schema: public; Owner: postgres
--

CREATE INDEX idx_problem_translations_problem_lang ON public.problem_translations USING btree (problem_id, language);


--
-- Name: contest_registrations fk1s8sjd7jay95uhocir4q6ueu1; Type: FK CONSTRAINT; Schema: public; Owner: postgres
--

ALTER TABLE ONLY public.contest_registrations
    ADD CONSTRAINT fk1s8sjd7jay95uhocir4q6ueu1 FOREIGN KEY (user_id) REFERENCES public.users(id);


--
-- Name: contest_problems fk1yhtamj20rnoiujl2ipd7xdoo; Type: FK CONSTRAINT; Schema: public; Owner: postgres
--

ALTER TABLE ONLY public.contest_problems
    ADD CONSTRAINT fk1yhtamj20rnoiujl2ipd7xdoo FOREIGN KEY (contest_id) REFERENCES public.contests(id);


--
-- Name: test_case_results fk3qr7gub8ibhtd0t32gl87e9x8; Type: FK CONSTRAINT; Schema: public; Owner: postgres
--

ALTER TABLE ONLY public.test_case_results
    ADD CONSTRAINT fk3qr7gub8ibhtd0t32gl87e9x8 FOREIGN KEY (submission_id) REFERENCES public.submissions(id);


--
-- Name: contests fk6nqcigvocbjh5py2cgvgt7oea; Type: FK CONSTRAINT; Schema: public; Owner: postgres
--

ALTER TABLE ONLY public.contests
    ADD CONSTRAINT fk6nqcigvocbjh5py2cgvgt7oea FOREIGN KEY (created_by_id) REFERENCES public.users(id);


--
-- Name: submissions fk760bgu69957phd7hax608jdms; Type: FK CONSTRAINT; Schema: public; Owner: postgres
--

ALTER TABLE ONLY public.submissions
    ADD CONSTRAINT fk760bgu69957phd7hax608jdms FOREIGN KEY (user_id) REFERENCES public.users(id);


--
-- Name: user_solved_problems fk9nra8p52y65yyj1mnojrhnovt; Type: FK CONSTRAINT; Schema: public; Owner: postgres
--

ALTER TABLE ONLY public.user_solved_problems
    ADD CONSTRAINT fk9nra8p52y65yyj1mnojrhnovt FOREIGN KEY (user_id) REFERENCES public.users(id);


--
-- Name: user_activity_data fk9oxlc13wpoi10nkpw12rhfphf; Type: FK CONSTRAINT; Schema: public; Owner: postgres
--

ALTER TABLE ONLY public.user_activity_data
    ADD CONSTRAINT fk9oxlc13wpoi10nkpw12rhfphf FOREIGN KEY (user_id) REFERENCES public.users(id);


--
-- Name: user_activity_data fkassb9ryoven98hov6ntju0an9; Type: FK CONSTRAINT; Schema: public; Owner: postgres
--

ALTER TABLE ONLY public.user_activity_data
    ADD CONSTRAINT fkassb9ryoven98hov6ntju0an9 FOREIGN KEY (problem_id) REFERENCES public.problems(id);


--
-- Name: submissions fkcsxd8nolqrmnpwgulxeqy0is8; Type: FK CONSTRAINT; Schema: public; Owner: postgres
--

ALTER TABLE ONLY public.submissions
    ADD CONSTRAINT fkcsxd8nolqrmnpwgulxeqy0is8 FOREIGN KEY (contest_id) REFERENCES public.contests(id);


--
-- Name: problem_supported_languages fkff7t465du1ug40u4fjxurbtog; Type: FK CONSTRAINT; Schema: public; Owner: postgres
--

ALTER TABLE ONLY public.problem_supported_languages
    ADD CONSTRAINT fkff7t465du1ug40u4fjxurbtog FOREIGN KEY (problem_id) REFERENCES public.problems(id);


--
-- Name: contest_registrations fkhdpd7utl67hsa3w4piistvrjc; Type: FK CONSTRAINT; Schema: public; Owner: postgres
--

ALTER TABLE ONLY public.contest_registrations
    ADD CONSTRAINT fkhdpd7utl67hsa3w4piistvrjc FOREIGN KEY (contest_id) REFERENCES public.contests(id);


--
-- Name: user_solved_problems fkim0qy1die8xw9cwhatscpwus4; Type: FK CONSTRAINT; Schema: public; Owner: postgres
--

ALTER TABLE ONLY public.user_solved_problems
    ADD CONSTRAINT fkim0qy1die8xw9cwhatscpwus4 FOREIGN KEY (problem_id) REFERENCES public.problems(id);


--
-- Name: submissions fkj5kbdqokftgx992cx24x3s583; Type: FK CONSTRAINT; Schema: public; Owner: postgres
--

ALTER TABLE ONLY public.submissions
    ADD CONSTRAINT fkj5kbdqokftgx992cx24x3s583 FOREIGN KEY (problem_id) REFERENCES public.problems(id);


--
-- Name: activity_data_types fkl2ll6dmou60g2y5ni8d8r04se; Type: FK CONSTRAINT; Schema: public; Owner: postgres
--

ALTER TABLE ONLY public.activity_data_types
    ADD CONSTRAINT fkl2ll6dmou60g2y5ni8d8r04se FOREIGN KEY (activity_id) REFERENCES public.user_activity_data(id);


--
-- Name: activity_topics fkmj4ooc0m1k5l9xa9agvebfiar; Type: FK CONSTRAINT; Schema: public; Owner: postgres
--

ALTER TABLE ONLY public.activity_topics
    ADD CONSTRAINT fkmj4ooc0m1k5l9xa9agvebfiar FOREIGN KEY (activity_id) REFERENCES public.user_activity_data(id);


--
-- Name: problems fkmnwvifcr9q5s3p7edw0cyctky; Type: FK CONSTRAINT; Schema: public; Owner: postgres
--

ALTER TABLE ONLY public.problems
    ADD CONSTRAINT fkmnwvifcr9q5s3p7edw0cyctky FOREIGN KEY (created_by) REFERENCES public.users(id);


--
-- Name: problem_topics fkof3n6jwq76v5l99882e77qdxm; Type: FK CONSTRAINT; Schema: public; Owner: postgres
--

ALTER TABLE ONLY public.problem_topics
    ADD CONSTRAINT fkof3n6jwq76v5l99882e77qdxm FOREIGN KEY (problem_id) REFERENCES public.problems(id);


--
-- Name: contest_problems fkqqps7ixp2sidn9ktk7h34pee; Type: FK CONSTRAINT; Schema: public; Owner: postgres
--

ALTER TABLE ONLY public.contest_problems
    ADD CONSTRAINT fkqqps7ixp2sidn9ktk7h34pee FOREIGN KEY (problem_id) REFERENCES public.problems(id);


--
-- Name: problem_function_signatures fkr8f7aj3xsb58t2sdlfksksl7q; Type: FK CONSTRAINT; Schema: public; Owner: postgres
--

ALTER TABLE ONLY public.problem_function_signatures
    ADD CONSTRAINT fkr8f7aj3xsb58t2sdlfksksl7q FOREIGN KEY (problem_id) REFERENCES public.problems(id);


--
-- Name: test_case_results fkrn45u7fwwlyncx1fqjupya6gm; Type: FK CONSTRAINT; Schema: public; Owner: postgres
--

ALTER TABLE ONLY public.test_case_results
    ADD CONSTRAINT fkrn45u7fwwlyncx1fqjupya6gm FOREIGN KEY (test_case_id) REFERENCES public.test_cases(id);


--
-- Name: test_cases fktddrw6qnmvhxky105cag980j3; Type: FK CONSTRAINT; Schema: public; Owner: postgres
--

ALTER TABLE ONLY public.test_cases
    ADD CONSTRAINT fktddrw6qnmvhxky105cag980j3 FOREIGN KEY (problem_id) REFERENCES public.problems(id);


--
-- Name: problem_translations problem_translations_problem_id_fkey; Type: FK CONSTRAINT; Schema: public; Owner: postgres
--

ALTER TABLE ONLY public.problem_translations
    ADD CONSTRAINT problem_translations_problem_id_fkey FOREIGN KEY (problem_id) REFERENCES public.problems(id) ON DELETE CASCADE;


--
-- PostgreSQL database dump complete
--

